<?xml version='1.0' encoding='UTF-8'?>
<gpx xmlns="http://www.topografix.com/GPX/1/1" xmlns:osmand="https://osmand.net" version="1.1" creator="gr52-dossier"><metadata><name>GR52 Saint-Dalmas to Menton, 12-18 Sep 2026, all layers</name><desc>Tracks named by role: ROUTE (always on), PARK CORE BOUNDARY (evening check), SIDE TRIP (by day), VIA FERRATA (day 1). Waypoints: nights, refuges, cols, escapes, water. Route from OpenStreetMap relation 3315112. Map data (c) OpenStreetMap contributors, ODbL.</desc></metadata><wpt lat="44.06675" lon="7.20097"><ele>1284</ele><name>BUS 90 stop · Saint-Dalmas · to/from Nice and La Colmiane</name><type>Transport</type><extensions><osmand:color>#5B8A3C</osmand:color><osmand:icon>highway_bus_stop</osmand:icon><osmand:background>square</osmand:background></extensions></wpt>
<wpt lat="43.82219" lon="7.50188"><ele>688</ele><name>CAMPSITE · La Ferme Saint-Bernard · Saint-Dalmas · 199 m off track</name><type>Campsite</type><extensions><osmand:color>#A0522D</osmand:color><osmand:icon>tourism_camp_site</osmand:icon><osmand:background>circle</osmand:background></extensions></wpt>
<wpt lat="44.06506" lon="7.19427"><ele>1235</ele><name>CAMPSITE · Camping de la ferme · Saint-Dalmas · 571 m off track</name><type>Campsite</type><extensions><osmand:color>#A0522D</osmand:color><osmand:icon>tourism_camp_site</osmand:icon><osmand:background>circle</osmand:background></extensions></wpt>
<wpt lat="44.06146" lon="7.44444"><ele>2176</ele><name>SHELTER · Gias du Soleil, natural · near Refuge des Merveilles · 93 m off track</name><type>Shelter</type><extensions><osmand:color>#A0522D</osmand:color><osmand:icon>amenity_shelter</osmand:icon><osmand:background>square</osmand:background></extensions></wpt>
<wpt lat="44.10335" lon="7.36738"><ele>2085</ele><name>SHELTER · Gias Cabret rock shelter · near Madone de Fenestre · 155 m off track</name><type>Shelter</type><extensions><osmand:color>#A0522D</osmand:color><osmand:icon>amenity_shelter</osmand:icon><osmand:background>square</osmand:background></extensions></wpt>
<wpt lat="43.87821" lon="7.44516"><ele>353</ele><name>SHELTER · unnamed · near Sospel · 228 m off track</name><type>Shelter</type><extensions><osmand:color>#A0522D</osmand:color><osmand:icon>amenity_shelter</osmand:icon><osmand:background>square</osmand:background></extensions></wpt>
<wpt lat="43.84783" lon="7.50204"><ele>1025</ele><name>SHELTER · unnamed · near Col du Berceau · 464 m off track</name><type>Shelter</type><extensions><osmand:color>#A0522D</osmand:color><osmand:icon>amenity_shelter</osmand:icon><osmand:background>square</osmand:background></extensions></wpt>
<wpt lat="43.98900" lon="7.40120"><ele>1745</ele><name>EMERGENCY 112 · no water Pas du Diable → Camp d'Argent, none Sospel → Menton</name><type>Info</type><extensions><osmand:color>#B3701C</osmand:color><osmand:icon>special_information</osmand:icon><osmand:background>square</osmand:background></extensions></wpt>
<wpt lat="43.97700" lon="7.39500"><ele>1559</ele><name>ESCAPE · Col de Turini road, 1.5 km below Camp d Argent</name><type>Escape</type><extensions><osmand:color>#5B8A3C</osmand:color><osmand:icon>highway_bus_stop</osmand:icon><osmand:background>square</osmand:background></extensions></wpt>
<wpt lat="44.09580" lon="7.35640"><ele>1914</ele><name>ESCAPE · Madone de Fenestre road end (summer shuttle to Saint-Martin-Vesubie)</name><type>Escape</type><extensions><osmand:color>#5B8A3C</osmand:color><osmand:icon>highway_bus_stop</osmand:icon><osmand:background>square</osmand:background></extensions></wpt>
<wpt lat="43.87650" lon="7.44800"><ele>361</ele><name>ESCAPE · Sospel station, Nice-Tende line</name><type>Escape</type><extensions><osmand:color>#5B8A3C</osmand:color><osmand:icon>highway_bus_stop</osmand:icon><osmand:background>square</osmand:background></extensions></wpt>
<wpt lat="44.06830" lon="7.20070"><ele>1303</ele><name>NIGHT 0 · Fri 11 Sep · HI hostel Le Chalet, check-in by 19:00, breakfast, phone +33 4 22 49 01 06</name><type>Night</type><extensions><osmand:color>#C8322B</osmand:color><osmand:icon>tourism_camp_site</osmand:icon><osmand:background>circle</osmand:background></extensions></wpt>
<wpt lat="44.11300" lon="7.18910"><ele>2228</ele><name>FALLBACK night 1 · Lac Petit, if day 1 runs late, outside park core</name><type>Night</type><extensions><osmand:color>#C8322B</osmand:color><osmand:icon>tourism_camp_site</osmand:icon><osmand:background>circle</osmand:background></extensions></wpt>
<wpt lat="44.11710" lon="7.20100"><ele>2433</ele><name>PASS · Col du Barn 2452 m - park boundary</name><type>Summit</type><extensions><osmand:color>#6B7775</osmand:color><osmand:icon>natural_peak</osmand:icon><osmand:background>octagon</osmand:background></extensions></wpt>
<wpt lat="44.11353" lon="7.28474"><ele>1466</ele><name>NIGHT 1 · Sat 12 Sep · Le Boreon, Lac du Boreon: tent by the lake or ranch camping, dinner at the hotel-restaurant</name><type>Night</type><extensions><osmand:color>#C8322B</osmand:color><osmand:icon>tourism_camp_site</osmand:icon><osmand:background>circle</osmand:background></extensions></wpt>
<wpt lat="44.12630" lon="7.33080"><ele>2114</ele><name>REFUGE · Cougourde 2100 m · open to 19 Sep · not a night on your plan</name><type>Lodging</type><extensions><osmand:color>#8B5A2B</osmand:color><osmand:icon>tourism_alpine_hut</osmand:icon><osmand:background>circle</osmand:background></extensions></wpt>
<wpt lat="44.11580" lon="7.34040"><ele>2149</ele><name>LAKE · Trécolpas · bivouac lake 1 h above Boréon, not on your plan</name><type>Campsite</type><extensions><osmand:color>#A0522D</osmand:color><osmand:icon>tourism_camp_site</osmand:icon><osmand:background>circle</osmand:background></extensions></wpt>
<wpt lat="44.09580" lon="7.35640"><ele>1914</ele><name>NIGHT 2 · Sun 13 Sep · Madone de Fenestre: NO camping here, book refuge bed or bivouac at Lac de Fenestre 1 h above</name><type>Night</type><extensions><osmand:color>#C8322B</osmand:color><osmand:icon>tourism_camp_site</osmand:icon><osmand:background>circle</osmand:background></extensions></wpt>
<wpt lat="44.11050" lon="7.36240"><ele>2264</ele><name>NIGHT 2 option B · Lac de Fenestre bivouac, legal, 1 h above Madone</name><type>Night</type><extensions><osmand:color>#C8322B</osmand:color><osmand:icon>tourism_camp_site</osmand:icon><osmand:background>circle</osmand:background></extensions></wpt>
<wpt lat="44.10120" lon="7.38580"><ele>2507</ele><name>PASS · Pas du Mont Colomb 2548 m - rock step T3</name><type>Summit</type><extensions><osmand:color>#6B7775</osmand:color><osmand:icon>natural_peak</osmand:icon><osmand:background>octagon</osmand:background></extensions></wpt>
<wpt lat="44.08900" lon="7.39400"><ele>2340</ele><name>NIGHT 3 · Mon 14 Sep · Refuge de Nice, tent by Lac de la Fous</name><type>Night</type><extensions><osmand:color>#C8322B</osmand:color><osmand:icon>tourism_camp_site</osmand:icon><osmand:background>circle</osmand:background></extensions></wpt>
<wpt lat="44.09670" lon="7.42760"><ele>2665</ele><name>PASS · Baisse du Basto 2693 m - high point</name><type>Summit</type><extensions><osmand:color>#6B7775</osmand:color><osmand:icon>natural_peak</osmand:icon><osmand:background>octagon</osmand:background></extensions></wpt>
<wpt lat="44.05740" lon="7.45180"><ele>2113</ele><name>NIGHT 4 · Tue 15 Sep · Refuge des Merveilles, tent on marked area behind refuge ONLY</name><type>Night</type><extensions><osmand:color>#C8322B</osmand:color><osmand:icon>tourism_camp_site</osmand:icon><osmand:background>circle</osmand:background></extensions></wpt>
<wpt lat="44.04750" lon="7.43080"><ele>2421</ele><name>PASS · Pas du Diable 2436 m - last water for 6 h</name><type>Summit</type><extensions><osmand:color>#6B7775</osmand:color><osmand:icon>natural_peak</osmand:icon><osmand:background>octagon</osmand:background></extensions></wpt>
<wpt lat="44.01680" lon="7.42190"><ele>1819</ele><name>PASS · Baisse de Saint-Veran 1836 m - fort</name><type>Summit</type><extensions><osmand:color>#6B7775</osmand:color><osmand:icon>natural_peak</osmand:icon><osmand:background>octagon</osmand:background></extensions></wpt>
<wpt lat="43.98900" lon="7.40120"><ele>1745</ele><name>NIGHT 5 · Wed 16 Sep · Camp d'Argent, L'Estive gite, dinner, open to 1 Oct</name><type>Night</type><extensions><osmand:color>#C8322B</osmand:color><osmand:icon>tourism_camp_site</osmand:icon><osmand:background>circle</osmand:background></extensions></wpt>
<wpt lat="43.87800" lon="7.44900"><ele>349</ele><name>NIGHT 6 · Thu 17 Sep · Sospel, camping Sainte-Madeleine, shops, station</name><type>Night</type><extensions><osmand:color>#C8322B</osmand:color><osmand:icon>tourism_camp_site</osmand:icon><osmand:background>circle</osmand:background></extensions></wpt>
<wpt lat="43.81500" lon="7.51300"><ele>1092</ele><name>PASS · Col du Berceau 1090 m - steep loose descent</name><type>Summit</type><extensions><osmand:color>#6B7775</osmand:color><osmand:icon>natural_peak</osmand:icon><osmand:background>octagon</osmand:background></extensions></wpt>
<wpt lat="43.77500" lon="7.50000"><ele>15</ele><name>FINISH · Fri 18 Sep · Menton, train to Nice every 20-30 min</name><type>Flag</type><extensions><osmand:color>#C8322B</osmand:color><osmand:icon>special_flag_finish</osmand:icon><osmand:background>circle</osmand:background></extensions></wpt>
<wpt lat="44.05703" lon="7.44569"><ele>2168</ele><name>WATER · spring (untreated) · Refuge des Merveilles</name><type>Water</type><extensions><osmand:color>#2C6A8A</osmand:color><osmand:icon>amenity_drinking_water</osmand:icon><osmand:background>circle</osmand:background></extensions></wpt>
<wpt lat="44.05081" lon="7.43564"><ele>2336</ele><name>WATER · spring (untreated) · Pas du Diable</name><type>Water</type><extensions><osmand:color>#2C6A8A</osmand:color><osmand:icon>amenity_drinking_water</osmand:icon><osmand:background>circle</osmand:background></extensions></wpt>
<wpt lat="44.09138" lon="7.19566"><ele>1876</ele><name>WATER · spring (drinking) · Lac Petit · 126 m off track</name><type>Water</type><extensions><osmand:color>#2C6A8A</osmand:color><osmand:icon>amenity_drinking_water</osmand:icon><osmand:background>circle</osmand:background></extensions></wpt>
<wpt lat="43.87779" lon="7.44912"><ele>349</ele><name>WATER · tap · Sospel</name><type>Water</type><extensions><osmand:color>#2C6A8A</osmand:color><osmand:icon>amenity_drinking_water</osmand:icon><osmand:background>circle</osmand:background></extensions></wpt>
<wpt lat="43.86261" lon="7.47690"><ele>808</ele><name>WATER · tap · Sospel</name><type>Water</type><extensions><osmand:color>#2C6A8A</osmand:color><osmand:icon>amenity_drinking_water</osmand:icon><osmand:background>circle</osmand:background></extensions></wpt>
<wpt lat="44.09571" lon="7.35673"><ele>1908</ele><name>WATER · tap · Madone de Fenestre</name><type>Water</type><extensions><osmand:color>#2C6A8A</osmand:color><osmand:icon>amenity_drinking_water</osmand:icon><osmand:background>circle</osmand:background></extensions></wpt>
<wpt lat="44.07262" lon="7.20229"><ele>1385</ele><name>WATER · tap - fontaine · Saint-Dalmas</name><type>Water</type><extensions><osmand:color>#2C6A8A</osmand:color><osmand:icon>amenity_drinking_water</osmand:icon><osmand:background>circle</osmand:background></extensions></wpt>
<wpt lat="44.06673" lon="7.20080"><ele>1283</ele><name>WATER · tap · Saint-Dalmas</name><type>Water</type><extensions><osmand:color>#2C6A8A</osmand:color><osmand:icon>amenity_drinking_water</osmand:icon><osmand:background>circle</osmand:background></extensions></wpt>
<wpt lat="43.98719" lon="7.43262"><ele>1794</ele><name>WATER · tap - Water present on 01/09/2023 · Camp d'Argent</name><type>Water</type><extensions><osmand:color>#2C6A8A</osmand:color><osmand:icon>amenity_drinking_water</osmand:icon><osmand:background>circle</osmand:background></extensions></wpt>
<wpt lat="43.87691" lon="7.45147"><ele>350</ele><name>WATER · tap · Sospel</name><type>Water</type><extensions><osmand:color>#2C6A8A</osmand:color><osmand:icon>amenity_drinking_water</osmand:icon><osmand:background>circle</osmand:background></extensions></wpt>
<wpt lat="44.13486" lon="7.24185"><ele>1941</ele><name>WATER · tap · Salèse valley / Erps dairy</name><type>Water</type><extensions><osmand:color>#2C6A8A</osmand:color><osmand:icon>amenity_drinking_water</osmand:icon><osmand:background>circle</osmand:background></extensions></wpt>
<wpt lat="44.05711" lon="7.44553"><ele>2167</ele><name>WATER · tap · Refuge des Merveilles</name><type>Water</type><extensions><osmand:color>#2C6A8A</osmand:color><osmand:icon>amenity_drinking_water</osmand:icon><osmand:background>circle</osmand:background></extensions></wpt>
<wpt lat="44.10432" lon="7.40030"><ele>2205</ele><name>WATER · tap · Refuge de Nice</name><type>Water</type><extensions><osmand:color>#2C6A8A</osmand:color><osmand:icon>amenity_drinking_water</osmand:icon><osmand:background>circle</osmand:background></extensions></wpt>
<wpt lat="44.12621" lon="7.33086"><ele>2111</ele><name>WATER · tap · Refuge de la Cougourde</name><type>Water</type><extensions><osmand:color>#2C6A8A</osmand:color><osmand:icon>amenity_drinking_water</osmand:icon><osmand:background>circle</osmand:background></extensions></wpt>
<wpt lat="44.05735" lon="7.45159"><ele>2112</ele><name>WATER · tap · Refuge des Merveilles · 64 m off track</name><type>Water</type><extensions><osmand:color>#2C6A8A</osmand:color><osmand:icon>amenity_drinking_water</osmand:icon><osmand:background>circle</osmand:background></extensions></wpt>
<wpt lat="43.87879" lon="7.44987"><ele>355</ele><name>WATER · tap · Sospel · 77 m off track</name><type>Water</type><extensions><osmand:color>#2C6A8A</osmand:color><osmand:icon>amenity_drinking_water</osmand:icon><osmand:background>circle</osmand:background></extensions></wpt>
<wpt lat="43.87878" lon="7.44683"><ele>352</ele><name>WATER · tap · Sospel · 80 m off track</name><type>Water</type><extensions><osmand:color>#2C6A8A</osmand:color><osmand:icon>amenity_drinking_water</osmand:icon><osmand:background>circle</osmand:background></extensions></wpt>
<wpt lat="44.06660" lon="7.20283"><ele>1292</ele><name>WATER · tap - fontaine · Saint-Dalmas · 147 m off track</name><type>Water</type><extensions><osmand:color>#2C6A8A</osmand:color><osmand:icon>amenity_drinking_water</osmand:icon><osmand:background>circle</osmand:background></extensions></wpt>
<wpt lat="43.87642" lon="7.44779"><ele>362</ele><name>WATER · tap · Sospel · 180 m off track</name><type>Water</type><extensions><osmand:color>#2C6A8A</osmand:color><osmand:icon>amenity_drinking_water</osmand:icon><osmand:background>circle</osmand:background></extensions></wpt>
<wpt lat="43.87822" lon="7.44533"><ele>352</ele><name>WATER · tap · Sospel · 215 m off track</name><type>Water</type><extensions><osmand:color>#2C6A8A</osmand:color><osmand:icon>amenity_drinking_water</osmand:icon><osmand:background>circle</osmand:background></extensions></wpt>
<wpt lat="43.78483" lon="7.52119"><ele>8</ele><name>WATER · tap · Menton · 224 m off track</name><type>Water</type><extensions><osmand:color>#2C6A8A</osmand:color><osmand:icon>amenity_drinking_water</osmand:icon><osmand:background>circle</osmand:background></extensions></wpt>
<wpt lat="44.10927" lon="7.30683"><ele>1623</ele><name>WATER · tap · Le Boréon · 293 m off track</name><type>Water</type><extensions><osmand:color>#2C6A8A</osmand:color><osmand:icon>amenity_drinking_water</osmand:icon><osmand:background>circle</osmand:background></extensions></wpt>
<wpt lat="44.12275" lon="7.38419"><ele>3009</ele><name>SKIP · Cime du Gélas / Monte Gelàs 3143 m - AD, rockfall when dry, NOT a September objective</name><type>Info</type><extensions><osmand:color>#B3701C</osmand:color><osmand:icon>special_information</osmand:icon><osmand:background>square</osmand:background></extensions></wpt>
<wpt lat="44.07308" lon="7.45042"><ele>2803</ele><name>SUMMIT side trip · Mont Bégo 2872 m</name><type>SideTrip</type><extensions><osmand:color>#D9820B</osmand:color><osmand:icon>natural_peak</osmand:icon><osmand:background>octagon</osmand:background></extensions></wpt>
<wpt lat="44.04912" lon="7.42278"><ele>2643</ele><name>SUMMIT side trip · Cime du Diable 2685 m</name><type>SideTrip</type><extensions><osmand:color>#D9820B</osmand:color><osmand:icon>natural_peak</osmand:icon><osmand:background>octagon</osmand:background></extensions></wpt>
<wpt lat="44.10765" lon="7.38863"><ele>2709</ele><name>SUMMIT side trip · Mont Colomb 2816 m</name><type>SideTrip</type><extensions><osmand:color>#D9820B</osmand:color><osmand:icon>natural_peak</osmand:icon><osmand:background>octagon</osmand:background></extensions></wpt>
<wpt lat="44.07757" lon="7.21593"><ele>1701</ele><name>VIA FERRATA start · Baus de la Frema · 6 EUR at the lift office, kit 21 EUR, book 24 h ahead</name><type>ViaFerrata</type><extensions><osmand:color>#8E44AD</osmand:color><osmand:icon>sport_climbing</osmand:icon><osmand:background>square</osmand:background></extensions></wpt>
<wpt lat="44.08384" lon="7.21892"><ele>2197</ele><name>VIA FERRATA top · Baus de la Frema 2246 m</name><type>SideTrip</type><extensions><osmand:color>#D9820B</osmand:color><osmand:icon>natural_peak</osmand:icon><osmand:background>octagon</osmand:background></extensions></wpt>
<wpt lat="44.10120" lon="7.38580"><ele>2507</ele><name>ROUTE NOTE · Pas du Mont Colomb: 2-3 m rock step in the breach, T3 dry, do not attempt on wet rock or fresh snow</name><type>Info</type><extensions><osmand:color>#B3701C</osmand:color><osmand:icon>special_information</osmand:icon><osmand:background>square</osmand:background></extensions></wpt><wpt lat="44.10500" lon="7.40000"><ele>2197</ele><name>FORD · balise 415 Mur des Italiens below Refuge de Nice · footbridge gone since the 2020 avalanche</name><type>Info</type><extensions><osmand:color>#B3701C</osmand:color><osmand:icon>special_information</osmand:icon><osmand:background>square</osmand:background></extensions></wpt><wpt lat="44.12260" lon="7.33490"><ele>2069</ele><name>FORD · balise 424 near Refuge de la Cougourde · dangerous in heavy rain, wait it out</name><type>Info</type><extensions><osmand:color>#B3701C</osmand:color><osmand:icon>special_information</osmand:icon><osmand:background>square</osmand:background></extensions></wpt><wpt lat="44.11222" lon="7.35372"><ele>2445</ele><name>PASS · Pas des Ladres 2448 m - steep blocky climb from Trecolpas, one of the three hard sections</name><type>Summit</type><extensions><osmand:color>#6B7775</osmand:color><osmand:icon>natural_peak</osmand:icon><osmand:background>octagon</osmand:background></extensions></wpt><trk><name>ROUTE 1 of 4 · Days 1-2 · Saint-Dalmas → Col du Barn → Col de Salèse · ALWAYS ON</name>
<trkseg><trkpt lat="44.068021" lon="7.201278"><ele>1300</ele></trkpt><trkpt lat="44.068318" lon="7.201349"><ele>1304</ele></trkpt><trkpt lat="44.068925" lon="7.201476"><ele>1313</ele></trkpt><trkpt lat="44.069333" lon="7.201671"><ele>1319</ele></trkpt><trkpt lat="44.069832" lon="7.201890"><ele>1321</ele></trkpt><trkpt lat="44.070035" lon="7.201935"><ele>1327</ele></trkpt><trkpt lat="44.070139" lon="7.201957"><ele>1328</ele></trkpt><trkpt lat="44.070467" lon="7.201992"><ele>1337</ele></trkpt><trkpt lat="44.070787" lon="7.202013"><ele>1344</ele></trkpt><trkpt lat="44.070898" lon="7.202007"><ele>1347</ele></trkpt><trkpt lat="44.070898" lon="7.202007"><ele>1347</ele></trkpt><trkpt lat="44.071042" lon="7.201930"><ele>1351</ele></trkpt><trkpt lat="44.071304" lon="7.201861"><ele>1356</ele></trkpt><trkpt lat="44.071503" lon="7.201822"><ele>1360</ele></trkpt><trkpt lat="44.071625" lon="7.201768"><ele>1363</ele></trkpt><trkpt lat="44.071638" lon="7.201729"><ele>1363</ele></trkpt><trkpt lat="44.071638" lon="7.201729"><ele>1363</ele></trkpt><trkpt lat="44.071946" lon="7.201832"><ele>1371</ele></trkpt><trkpt lat="44.071995" lon="7.201832"><ele>1371</ele></trkpt><trkpt lat="44.072117" lon="7.201814"><ele>1373</ele></trkpt><trkpt lat="44.072387" lon="7.201853"><ele>1378</ele></trkpt><trkpt lat="44.072567" lon="7.201939"><ele>1382</ele></trkpt><trkpt lat="44.072621" lon="7.201942"><ele>1382</ele></trkpt><trkpt lat="44.072678" lon="7.201879"><ele>1382</ele></trkpt><trkpt lat="44.072683" lon="7.201762"><ele>1381</ele></trkpt><trkpt lat="44.072646" lon="7.201620"><ele>1379</ele></trkpt><trkpt lat="44.072613" lon="7.201519"><ele>1377</ele></trkpt><trkpt lat="44.072626" lon="7.201476"><ele>1377</ele></trkpt><trkpt lat="44.072670" lon="7.201454"><ele>1377</ele></trkpt><trkpt lat="44.072670" lon="7.201454"><ele>1377</ele></trkpt><trkpt lat="44.072742" lon="7.201517"><ele>1379</ele></trkpt><trkpt lat="44.072742" lon="7.201517"><ele>1379</ele></trkpt><trkpt lat="44.072809" lon="7.201672"><ele>1382</ele></trkpt><trkpt lat="44.072858" lon="7.201838"><ele>1384</ele></trkpt><trkpt lat="44.072865" lon="7.201922"><ele>1385</ele></trkpt><trkpt lat="44.072865" lon="7.201922"><ele>1385</ele></trkpt><trkpt lat="44.072846" lon="7.202074"><ele>1387</ele></trkpt><trkpt lat="44.072813" lon="7.202192"><ele>1387</ele></trkpt><trkpt lat="44.072813" lon="7.202192"><ele>1387</ele></trkpt><trkpt lat="44.072750" lon="7.202278"><ele>1387</ele></trkpt><trkpt lat="44.072750" lon="7.202278"><ele>1387</ele></trkpt><trkpt lat="44.073218" lon="7.202166"><ele>1393</ele></trkpt><trkpt lat="44.073218" lon="7.202166"><ele>1393</ele></trkpt><trkpt lat="44.073224" lon="7.202113"><ele>1392</ele></trkpt><trkpt lat="44.073224" lon="7.202113"><ele>1392</ele></trkpt><trkpt lat="44.073226" lon="7.202083"><ele>1392</ele></trkpt><trkpt lat="44.073230" lon="7.202039"><ele>1391</ele></trkpt><trkpt lat="44.073230" lon="7.202039"><ele>1391</ele></trkpt><trkpt lat="44.073481" lon="7.202033"><ele>1393</ele></trkpt><trkpt lat="44.073443" lon="7.201958"><ele>1392</ele></trkpt><trkpt lat="44.073443" lon="7.201958"><ele>1392</ele></trkpt><trkpt lat="44.073613" lon="7.201959"><ele>1392</ele></trkpt><trkpt lat="44.073674" lon="7.201994"><ele>1395</ele></trkpt><trkpt lat="44.073782" lon="7.201990"><ele>1399</ele></trkpt><trkpt lat="44.073819" lon="7.201985"><ele>1400</ele></trkpt><trkpt lat="44.073864" lon="7.202008"><ele>1401</ele></trkpt><trkpt lat="44.073949" lon="7.202037"><ele>1403</ele></trkpt><trkpt lat="44.074004" lon="7.202001"><ele>1404</ele></trkpt><trkpt lat="44.074215" lon="7.202019"><ele>1409</ele></trkpt><trkpt lat="44.074306" lon="7.202034"><ele>1411</ele></trkpt><trkpt lat="44.074374" lon="7.202025"><ele>1413</ele></trkpt><trkpt lat="44.074928" lon="7.201953"><ele>1426</ele></trkpt><trkpt lat="44.075230" lon="7.201815"><ele>1430</ele></trkpt><trkpt lat="44.075493" lon="7.201847"><ele>1441</ele></trkpt><trkpt lat="44.076150" lon="7.201980"><ele>1458</ele></trkpt><trkpt lat="44.076382" lon="7.202052"><ele>1462</ele></trkpt><trkpt lat="44.077387" lon="7.201929"><ele>1491</ele></trkpt><trkpt lat="44.077496" lon="7.201903"><ele>1493</ele></trkpt><trkpt lat="44.077492" lon="7.202143"><ele>1488</ele></trkpt><trkpt lat="44.077537" lon="7.202471"><ele>1492</ele></trkpt><trkpt lat="44.077659" lon="7.202517"><ele>1492</ele></trkpt><trkpt lat="44.077678" lon="7.202536"><ele>1493</ele></trkpt><trkpt lat="44.077773" lon="7.202587"><ele>1496</ele></trkpt><trkpt lat="44.077851" lon="7.202611"><ele>1499</ele></trkpt><trkpt lat="44.077846" lon="7.202555"><ele>1499</ele></trkpt><trkpt lat="44.077778" lon="7.202502"><ele>1496</ele></trkpt><trkpt lat="44.077785" lon="7.202407"><ele>1496</ele></trkpt><trkpt lat="44.077816" lon="7.202393"><ele>1498</ele></trkpt><trkpt lat="44.077971" lon="7.202444"><ele>1505</ele></trkpt><trkpt lat="44.078297" lon="7.202608"><ele>1521</ele></trkpt><trkpt lat="44.078421" lon="7.202709"><ele>1525</ele></trkpt><trkpt lat="44.078533" lon="7.202666"><ele>1526</ele></trkpt><trkpt lat="44.078547" lon="7.202627"><ele>1526</ele></trkpt><trkpt lat="44.078593" lon="7.202605"><ele>1526</ele></trkpt><trkpt lat="44.078808" lon="7.202646"><ele>1529</ele></trkpt><trkpt lat="44.079009" lon="7.202673"><ele>1532</ele></trkpt><trkpt lat="44.079051" lon="7.202701"><ele>1533</ele></trkpt><trkpt lat="44.079225" lon="7.202692"><ele>1535</ele></trkpt><trkpt lat="44.079389" lon="7.202780"><ele>1540</ele></trkpt><trkpt lat="44.079525" lon="7.202801"><ele>1543</ele></trkpt><trkpt lat="44.079557" lon="7.202868"><ele>1544</ele></trkpt><trkpt lat="44.079774" lon="7.202999"><ele>1550</ele></trkpt><trkpt lat="44.079901" lon="7.203114"><ele>1555</ele></trkpt><trkpt lat="44.079957" lon="7.203032"><ele>1554</ele></trkpt><trkpt lat="44.080044" lon="7.202995"><ele>1556</ele></trkpt><trkpt lat="44.080353" lon="7.202517"><ele>1558</ele></trkpt><trkpt lat="44.080564" lon="7.201996"><ele>1560</ele></trkpt><trkpt lat="44.080634" lon="7.201912"><ele>1561</ele></trkpt><trkpt lat="44.080620" lon="7.201790"><ele>1560</ele></trkpt><trkpt lat="44.080650" lon="7.201638"><ele>1560</ele></trkpt><trkpt lat="44.080795" lon="7.201497"><ele>1564</ele></trkpt><trkpt lat="44.081228" lon="7.201588"><ele>1578</ele></trkpt><trkpt lat="44.081386" lon="7.201639"><ele>1583</ele></trkpt><trkpt lat="44.081485" lon="7.201564"><ele>1586</ele></trkpt><trkpt lat="44.081713" lon="7.201638"><ele>1593</ele></trkpt><trkpt lat="44.081830" lon="7.201617"><ele>1597</ele></trkpt><trkpt lat="44.082049" lon="7.201477"><ele>1602</ele></trkpt><trkpt lat="44.082143" lon="7.201337"><ele>1604</ele></trkpt><trkpt lat="44.082357" lon="7.200884"><ele>1608</ele></trkpt><trkpt lat="44.082442" lon="7.200536"><ele>1610</ele></trkpt><trkpt lat="44.082573" lon="7.200444"><ele>1613</ele></trkpt><trkpt lat="44.082784" lon="7.200370"><ele>1618</ele></trkpt><trkpt lat="44.083052" lon="7.200141"><ele>1624</ele></trkpt><trkpt lat="44.083215" lon="7.200146"><ele>1629</ele></trkpt><trkpt lat="44.083355" lon="7.200239"><ele>1633</ele></trkpt><trkpt lat="44.083628" lon="7.200155"><ele>1642</ele></trkpt><trkpt lat="44.083778" lon="7.199899"><ele>1647</ele></trkpt><trkpt lat="44.084049" lon="7.199433"><ele>1654</ele></trkpt><trkpt lat="44.084175" lon="7.199382"><ele>1659</ele></trkpt><trkpt lat="44.084155" lon="7.199295"><ele>1658</ele></trkpt><trkpt lat="44.084182" lon="7.199175"><ele>1658</ele></trkpt><trkpt lat="44.084228" lon="7.199130"><ele>1660</ele></trkpt><trkpt lat="44.084243" lon="7.198933"><ele>1660</ele></trkpt><trkpt lat="44.084333" lon="7.198781"><ele>1659</ele></trkpt><trkpt lat="44.084379" lon="7.198620"><ele>1656</ele></trkpt><trkpt lat="44.084507" lon="7.198457"><ele>1657</ele></trkpt><trkpt lat="44.084570" lon="7.198376"><ele>1658</ele></trkpt><trkpt lat="44.084747" lon="7.198347"><ele>1664</ele></trkpt><trkpt lat="44.084804" lon="7.198296"><ele>1665</ele></trkpt><trkpt lat="44.084851" lon="7.198308"><ele>1667</ele></trkpt><trkpt lat="44.084930" lon="7.198246"><ele>1670</ele></trkpt><trkpt lat="44.084948" lon="7.198189"><ele>1672</ele></trkpt><trkpt lat="44.084925" lon="7.198124"><ele>1673</ele></trkpt><trkpt lat="44.084945" lon="7.198045"><ele>1676</ele></trkpt><trkpt lat="44.085186" lon="7.197899"><ele>1687</ele></trkpt><trkpt lat="44.085325" lon="7.197938"><ele>1691</ele></trkpt><trkpt lat="44.085434" lon="7.198031"><ele>1693</ele></trkpt><trkpt lat="44.085586" lon="7.198087"><ele>1697</ele></trkpt><trkpt lat="44.085669" lon="7.198125"><ele>1699</ele></trkpt><trkpt lat="44.085724" lon="7.198033"><ele>1702</ele></trkpt><trkpt lat="44.085841" lon="7.198065"><ele>1704</ele></trkpt><trkpt lat="44.085906" lon="7.198100"><ele>1704</ele></trkpt><trkpt lat="44.085993" lon="7.198105"><ele>1708</ele></trkpt><trkpt lat="44.086183" lon="7.198262"><ele>1718</ele></trkpt><trkpt lat="44.086311" lon="7.198294"><ele>1723</ele></trkpt><trkpt lat="44.086348" lon="7.198304"><ele>1725</ele></trkpt><trkpt lat="44.086405" lon="7.198298"><ele>1726</ele></trkpt><trkpt lat="44.086498" lon="7.198324"><ele>1728</ele></trkpt><trkpt lat="44.086641" lon="7.198215"><ele>1728</ele></trkpt><trkpt lat="44.086665" lon="7.198133"><ele>1729</ele></trkpt><trkpt lat="44.086697" lon="7.198121"><ele>1731</ele></trkpt><trkpt lat="44.086738" lon="7.198145"><ele>1734</ele></trkpt><trkpt lat="44.086762" lon="7.198137"><ele>1735</ele></trkpt><trkpt lat="44.086820" lon="7.198180"><ele>1739</ele></trkpt><trkpt lat="44.086873" lon="7.198555"><ele>1748</ele></trkpt><trkpt lat="44.086926" lon="7.198589"><ele>1750</ele></trkpt><trkpt lat="44.086947" lon="7.198577"><ele>1751</ele></trkpt><trkpt lat="44.087169" lon="7.198165"><ele>1748</ele></trkpt><trkpt lat="44.087300" lon="7.198000"><ele>1748</ele></trkpt><trkpt lat="44.087359" lon="7.197958"><ele>1751</ele></trkpt><trkpt lat="44.087392" lon="7.197859"><ele>1753</ele></trkpt><trkpt lat="44.087461" lon="7.197775"><ele>1761</ele></trkpt><trkpt lat="44.087611" lon="7.197915"><ele>1765</ele></trkpt><trkpt lat="44.087680" lon="7.198034"><ele>1764</ele></trkpt><trkpt lat="44.087727" lon="7.198040"><ele>1765</ele></trkpt><trkpt lat="44.087824" lon="7.197954"><ele>1769</ele></trkpt><trkpt lat="44.087913" lon="7.197748"><ele>1780</ele></trkpt><trkpt lat="44.087960" lon="7.197694"><ele>1784</ele></trkpt><trkpt lat="44.088006" lon="7.197588"><ele>1788</ele></trkpt><trkpt lat="44.088064" lon="7.197587"><ele>1790</ele></trkpt><trkpt lat="44.088130" lon="7.197689"><ele>1789</ele></trkpt><trkpt lat="44.088148" lon="7.197775"><ele>1788</ele></trkpt><trkpt lat="44.088199" lon="7.197956"><ele>1785</ele></trkpt><trkpt lat="44.088207" lon="7.198031"><ele>1783</ele></trkpt><trkpt lat="44.088252" lon="7.198051"><ele>1784</ele></trkpt><trkpt lat="44.088389" lon="7.197926"><ele>1794</ele></trkpt><trkpt lat="44.088724" lon="7.197452"><ele>1806</ele></trkpt><trkpt lat="44.088836" lon="7.197299"><ele>1809</ele></trkpt><trkpt lat="44.089132" lon="7.197261"><ele>1816</ele></trkpt><trkpt lat="44.089258" lon="7.197170"><ele>1819</ele></trkpt><trkpt lat="44.089422" lon="7.197047"><ele>1823</ele></trkpt><trkpt lat="44.089464" lon="7.196946"><ele>1824</ele></trkpt><trkpt lat="44.089414" lon="7.196870"><ele>1823</ele></trkpt><trkpt lat="44.089451" lon="7.196703"><ele>1824</ele></trkpt><trkpt lat="44.089483" lon="7.196445"><ele>1825</ele></trkpt><trkpt lat="44.089567" lon="7.196223"><ele>1828</ele></trkpt><trkpt lat="44.089803" lon="7.195998"><ele>1835</ele></trkpt><trkpt lat="44.089858" lon="7.195861"><ele>1837</ele></trkpt><trkpt lat="44.089924" lon="7.195794"><ele>1839</ele></trkpt><trkpt lat="44.090024" lon="7.195460"><ele>1843</ele></trkpt><trkpt lat="44.090282" lon="7.195134"><ele>1850</ele></trkpt><trkpt lat="44.090365" lon="7.194987"><ele>1852</ele></trkpt><trkpt lat="44.090412" lon="7.194851"><ele>1853</ele></trkpt><trkpt lat="44.090446" lon="7.194561"><ele>1855</ele></trkpt><trkpt lat="44.090477" lon="7.194106"><ele>1860</ele></trkpt><trkpt lat="44.090504" lon="7.193928"><ele>1863</ele></trkpt><trkpt lat="44.090592" lon="7.193645"><ele>1868</ele></trkpt><trkpt lat="44.090528" lon="7.193418"><ele>1873</ele></trkpt><trkpt lat="44.090427" lon="7.193314"><ele>1877</ele></trkpt><trkpt lat="44.090271" lon="7.193215"><ele>1881</ele></trkpt><trkpt lat="44.090295" lon="7.193181"><ele>1882</ele></trkpt><trkpt lat="44.090358" lon="7.193165"><ele>1882</ele></trkpt><trkpt lat="44.090438" lon="7.193100"><ele>1882</ele></trkpt><trkpt lat="44.090861" lon="7.192709"><ele>1885</ele></trkpt><trkpt lat="44.091033" lon="7.192603"><ele>1886</ele></trkpt><trkpt lat="44.091244" lon="7.192455"><ele>1888</ele></trkpt><trkpt lat="44.091361" lon="7.192390"><ele>1889</ele></trkpt><trkpt lat="44.091443" lon="7.192348"><ele>1890</ele></trkpt><trkpt lat="44.091443" lon="7.192348"><ele>1890</ele></trkpt><trkpt lat="44.091463" lon="7.192328"><ele>1890</ele></trkpt><trkpt lat="44.091474" lon="7.192307"><ele>1891</ele></trkpt><trkpt lat="44.091474" lon="7.192307"><ele>1891</ele></trkpt><trkpt lat="44.091533" lon="7.192317"><ele>1891</ele></trkpt><trkpt lat="44.091557" lon="7.192283"><ele>1891</ele></trkpt><trkpt lat="44.091568" lon="7.192237"><ele>1892</ele></trkpt><trkpt lat="44.091545" lon="7.192164"><ele>1894</ele></trkpt><trkpt lat="44.091666" lon="7.192049"><ele>1897</ele></trkpt><trkpt lat="44.091892" lon="7.191856"><ele>1903</ele></trkpt><trkpt lat="44.092213" lon="7.191614"><ele>1914</ele></trkpt><trkpt lat="44.092470" lon="7.191486"><ele>1923</ele></trkpt><trkpt lat="44.092733" lon="7.191372"><ele>1930</ele></trkpt><trkpt lat="44.092897" lon="7.191371"><ele>1934</ele></trkpt><trkpt lat="44.093036" lon="7.191327"><ele>1937</ele></trkpt><trkpt lat="44.093028" lon="7.191300"><ele>1937</ele></trkpt><trkpt lat="44.093059" lon="7.191289"><ele>1937</ele></trkpt><trkpt lat="44.093100" lon="7.191290"><ele>1938</ele></trkpt><trkpt lat="44.093100" lon="7.191290"><ele>1938</ele></trkpt><trkpt lat="44.093140" lon="7.191278"><ele>1939</ele></trkpt><trkpt lat="44.093253" lon="7.191313"><ele>1942</ele></trkpt><trkpt lat="44.093241" lon="7.191153"><ele>1941</ele></trkpt><trkpt lat="44.093209" lon="7.191071"><ele>1939</ele></trkpt><trkpt lat="44.093162" lon="7.191010"><ele>1937</ele></trkpt><trkpt lat="44.093179" lon="7.190940"><ele>1937</ele></trkpt><trkpt lat="44.093367" lon="7.190765"><ele>1939</ele></trkpt><trkpt lat="44.093536" lon="7.190607"><ele>1941</ele></trkpt><trkpt lat="44.093745" lon="7.190289"><ele>1939</ele></trkpt><trkpt lat="44.093888" lon="7.190159"><ele>1941</ele></trkpt><trkpt lat="44.093976" lon="7.190170"><ele>1945</ele></trkpt><trkpt lat="44.094071" lon="7.190086"><ele>1946</ele></trkpt><trkpt lat="44.094132" lon="7.190026"><ele>1946</ele></trkpt><trkpt lat="44.094208" lon="7.190005"><ele>1948</ele></trkpt><trkpt lat="44.094334" lon="7.189934"><ele>1951</ele></trkpt><trkpt lat="44.094538" lon="7.189754"><ele>1954</ele></trkpt><trkpt lat="44.094562" lon="7.189693"><ele>1953</ele></trkpt><trkpt lat="44.094726" lon="7.189588"><ele>1956</ele></trkpt><trkpt lat="44.094852" lon="7.189573"><ele>1962</ele></trkpt><trkpt lat="44.094940" lon="7.189517"><ele>1964</ele></trkpt><trkpt lat="44.094997" lon="7.189442"><ele>1965</ele></trkpt><trkpt lat="44.095059" lon="7.189430"><ele>1968</ele></trkpt><trkpt lat="44.095173" lon="7.189316"><ele>1969</ele></trkpt><trkpt lat="44.095281" lon="7.189132"><ele>1966</ele></trkpt><trkpt lat="44.095376" lon="7.189067"><ele>1967</ele></trkpt><trkpt lat="44.095597" lon="7.188989"><ele>1971</ele></trkpt><trkpt lat="44.095909" lon="7.188569"><ele>1962</ele></trkpt><trkpt lat="44.096115" lon="7.188481"><ele>1966</ele></trkpt><trkpt lat="44.096306" lon="7.188314"><ele>1968</ele></trkpt><trkpt lat="44.096323" lon="7.188275"><ele>1968</ele></trkpt><trkpt lat="44.096471" lon="7.188140"><ele>1970</ele></trkpt><trkpt lat="44.096489" lon="7.188083"><ele>1969</ele></trkpt><trkpt lat="44.096480" lon="7.188022"><ele>1967</ele></trkpt><trkpt lat="44.096527" lon="7.187901"><ele>1967</ele></trkpt><trkpt lat="44.096497" lon="7.187813"><ele>1964</ele></trkpt><trkpt lat="44.096500" lon="7.187781"><ele>1964</ele></trkpt><trkpt lat="44.096582" lon="7.187653"><ele>1964</ele></trkpt><trkpt lat="44.096601" lon="7.187612"><ele>1963</ele></trkpt><trkpt lat="44.096642" lon="7.187561"><ele>1964</ele></trkpt><trkpt lat="44.096710" lon="7.187417"><ele>1963</ele></trkpt><trkpt lat="44.096717" lon="7.187340"><ele>1961</ele></trkpt><trkpt lat="44.096848" lon="7.187110"><ele>1960</ele></trkpt><trkpt lat="44.096867" lon="7.187046"><ele>1962</ele></trkpt><trkpt lat="44.096804" lon="7.186908"><ele>1966</ele></trkpt><trkpt lat="44.096816" lon="7.186887"><ele>1967</ele></trkpt><trkpt lat="44.096947" lon="7.186925"><ele>1970</ele></trkpt><trkpt lat="44.096911" lon="7.186796"><ele>1974</ele></trkpt><trkpt lat="44.096901" lon="7.186685"><ele>1980</ele></trkpt><trkpt lat="44.096910" lon="7.186612"><ele>1984</ele></trkpt><trkpt lat="44.096904" lon="7.186558"><ele>1986</ele></trkpt><trkpt lat="44.096916" lon="7.186393"><ele>1994</ele></trkpt><trkpt lat="44.097041" lon="7.186573"><ele>1990</ele></trkpt><trkpt lat="44.097147" lon="7.186639"><ele>1991</ele></trkpt><trkpt lat="44.097267" lon="7.186622"><ele>1996</ele></trkpt><trkpt lat="44.097389" lon="7.186633"><ele>1999</ele></trkpt><trkpt lat="44.097389" lon="7.186633"><ele>1999</ele></trkpt><trkpt lat="44.097324" lon="7.186378"><ele>2009</ele></trkpt><trkpt lat="44.097276" lon="7.186220"><ele>2011</ele></trkpt><trkpt lat="44.097123" lon="7.185948"><ele>2013</ele></trkpt><trkpt lat="44.097123" lon="7.185948"><ele>2013</ele></trkpt><trkpt lat="44.097683" lon="7.186005"><ele>2033</ele></trkpt><trkpt lat="44.097879" lon="7.186075"><ele>2039</ele></trkpt><trkpt lat="44.098172" lon="7.186309"><ele>2043</ele></trkpt><trkpt lat="44.098290" lon="7.186294"><ele>2048</ele></trkpt><trkpt lat="44.098290" lon="7.186294"><ele>2048</ele></trkpt><trkpt lat="44.098509" lon="7.186556"><ele>2045</ele></trkpt><trkpt lat="44.098509" lon="7.186556"><ele>2045</ele></trkpt><trkpt lat="44.098705" lon="7.186865"><ele>2041</ele></trkpt><trkpt lat="44.098767" lon="7.187055"><ele>2038</ele></trkpt><trkpt lat="44.098778" lon="7.187111"><ele>2037</ele></trkpt><trkpt lat="44.098782" lon="7.187157"><ele>2036</ele></trkpt><trkpt lat="44.098774" lon="7.187189"><ele>2035</ele></trkpt><trkpt lat="44.098774" lon="7.187189"><ele>2035</ele></trkpt><trkpt lat="44.099032" lon="7.187491"><ele>2038</ele></trkpt><trkpt lat="44.099069" lon="7.187524"><ele>2038</ele></trkpt><trkpt lat="44.099129" lon="7.187551"><ele>2038</ele></trkpt><trkpt lat="44.099163" lon="7.187556"><ele>2038</ele></trkpt><trkpt lat="44.099198" lon="7.187544"><ele>2039</ele></trkpt><trkpt lat="44.099324" lon="7.187481"><ele>2043</ele></trkpt><trkpt lat="44.099367" lon="7.187477"><ele>2044</ele></trkpt><trkpt lat="44.099481" lon="7.187443"><ele>2046</ele></trkpt><trkpt lat="44.099684" lon="7.187443"><ele>2050</ele></trkpt><trkpt lat="44.099725" lon="7.187457"><ele>2050</ele></trkpt><trkpt lat="44.099746" lon="7.187457"><ele>2051</ele></trkpt><trkpt lat="44.099787" lon="7.187438"><ele>2052</ele></trkpt><trkpt lat="44.099992" lon="7.187453"><ele>2056</ele></trkpt><trkpt lat="44.100034" lon="7.187441"><ele>2057</ele></trkpt><trkpt lat="44.100147" lon="7.187428"><ele>2062</ele></trkpt><trkpt lat="44.100147" lon="7.187428"><ele>2062</ele></trkpt><trkpt lat="44.100254" lon="7.187556"><ele>2064</ele></trkpt><trkpt lat="44.100334" lon="7.187676"><ele>2066</ele></trkpt><trkpt lat="44.100370" lon="7.187745"><ele>2066</ele></trkpt><trkpt lat="44.100395" lon="7.187833"><ele>2066</ele></trkpt><trkpt lat="44.100417" lon="7.187947"><ele>2067</ele></trkpt><trkpt lat="44.100416" lon="7.188048"><ele>2069</ele></trkpt><trkpt lat="44.100389" lon="7.188102"><ele>2069</ele></trkpt><trkpt lat="44.100327" lon="7.188147"><ele>2068</ele></trkpt><trkpt lat="44.100226" lon="7.188182"><ele>2066</ele></trkpt><trkpt lat="44.100115" lon="7.188225"><ele>2065</ele></trkpt><trkpt lat="44.100008" lon="7.188305"><ele>2064</ele></trkpt><trkpt lat="44.099969" lon="7.188356"><ele>2063</ele></trkpt><trkpt lat="44.099937" lon="7.188411"><ele>2063</ele></trkpt><trkpt lat="44.099927" lon="7.188448"><ele>2064</ele></trkpt><trkpt lat="44.100000" lon="7.188580"><ele>2068</ele></trkpt><trkpt lat="44.100162" lon="7.188777"><ele>2075</ele></trkpt><trkpt lat="44.100349" lon="7.188984"><ele>2082</ele></trkpt><trkpt lat="44.100442" lon="7.189103"><ele>2085</ele></trkpt><trkpt lat="44.100443" lon="7.189184"><ele>2086</ele></trkpt><trkpt lat="44.100443" lon="7.189184"><ele>2086</ele></trkpt><trkpt lat="44.100522" lon="7.189176"><ele>2087</ele></trkpt><trkpt lat="44.100775" lon="7.189266"><ele>2091</ele></trkpt><trkpt lat="44.100803" lon="7.189275"><ele>2091</ele></trkpt><trkpt lat="44.100832" lon="7.189278"><ele>2091</ele></trkpt><trkpt lat="44.100869" lon="7.189274"><ele>2092</ele></trkpt><trkpt lat="44.100916" lon="7.189221"><ele>2092</ele></trkpt><trkpt lat="44.100988" lon="7.189202"><ele>2093</ele></trkpt><trkpt lat="44.101096" lon="7.189209"><ele>2095</ele></trkpt><trkpt lat="44.101210" lon="7.189323"><ele>2097</ele></trkpt><trkpt lat="44.101271" lon="7.189289"><ele>2098</ele></trkpt><trkpt lat="44.101371" lon="7.189335"><ele>2100</ele></trkpt><trkpt lat="44.101398" lon="7.189387"><ele>2101</ele></trkpt><trkpt lat="44.101441" lon="7.189381"><ele>2101</ele></trkpt><trkpt lat="44.101512" lon="7.189396"><ele>2103</ele></trkpt><trkpt lat="44.101605" lon="7.189364"><ele>2104</ele></trkpt><trkpt lat="44.101776" lon="7.189377"><ele>2109</ele></trkpt><trkpt lat="44.101928" lon="7.189354"><ele>2113</ele></trkpt><trkpt lat="44.101928" lon="7.189354"><ele>2113</ele></trkpt><trkpt lat="44.102031" lon="7.189325"><ele>2117</ele></trkpt><trkpt lat="44.102087" lon="7.189336"><ele>2119</ele></trkpt><trkpt lat="44.102142" lon="7.189339"><ele>2121</ele></trkpt><trkpt lat="44.102238" lon="7.189382"><ele>2124</ele></trkpt><trkpt lat="44.102246" lon="7.189354"><ele>2124</ele></trkpt><trkpt lat="44.102213" lon="7.189190"><ele>2124</ele></trkpt><trkpt lat="44.102614" lon="7.189364"><ele>2135</ele></trkpt><trkpt lat="44.102623" lon="7.189327"><ele>2136</ele></trkpt><trkpt lat="44.102618" lon="7.189277"><ele>2136</ele></trkpt><trkpt lat="44.102590" lon="7.189261"><ele>2135</ele></trkpt><trkpt lat="44.102598" lon="7.189240"><ele>2136</ele></trkpt><trkpt lat="44.102627" lon="7.189238"><ele>2137</ele></trkpt><trkpt lat="44.102665" lon="7.189231"><ele>2138</ele></trkpt><trkpt lat="44.102680" lon="7.189279"><ele>2138</ele></trkpt><trkpt lat="44.102697" lon="7.189302"><ele>2138</ele></trkpt><trkpt lat="44.102719" lon="7.189305"><ele>2138</ele></trkpt><trkpt lat="44.102719" lon="7.189284"><ele>2139</ele></trkpt><trkpt lat="44.102632" lon="7.188972"><ele>2141</ele></trkpt><trkpt lat="44.102698" lon="7.189011"><ele>2143</ele></trkpt><trkpt lat="44.102956" lon="7.189160"><ele>2149</ele></trkpt><trkpt lat="44.103017" lon="7.189164"><ele>2151</ele></trkpt><trkpt lat="44.103087" lon="7.189071"><ele>2155</ele></trkpt><trkpt lat="44.103194" lon="7.189001"><ele>2160</ele></trkpt><trkpt lat="44.103254" lon="7.188967"><ele>2163</ele></trkpt><trkpt lat="44.103392" lon="7.188955"><ele>2167</ele></trkpt><trkpt lat="44.103592" lon="7.188936"><ele>2174</ele></trkpt><trkpt lat="44.103678" lon="7.188981"><ele>2176</ele></trkpt><trkpt lat="44.103728" lon="7.189051"><ele>2177</ele></trkpt><trkpt lat="44.103749" lon="7.189036"><ele>2178</ele></trkpt><trkpt lat="44.103699" lon="7.188819"><ele>2178</ele></trkpt><trkpt lat="44.103670" lon="7.188746"><ele>2177</ele></trkpt><trkpt lat="44.103561" lon="7.188583"><ele>2177</ele></trkpt><trkpt lat="44.103499" lon="7.188495"><ele>2177</ele></trkpt><trkpt lat="44.103434" lon="7.188403"><ele>2177</ele></trkpt><trkpt lat="44.103448" lon="7.188354"><ele>2177</ele></trkpt><trkpt lat="44.103486" lon="7.188380"><ele>2177</ele></trkpt><trkpt lat="44.103538" lon="7.188379"><ele>2178</ele></trkpt><trkpt lat="44.103633" lon="7.188395"><ele>2178</ele></trkpt><trkpt lat="44.103683" lon="7.188385"><ele>2178</ele></trkpt><trkpt lat="44.103728" lon="7.188372"><ele>2179</ele></trkpt><trkpt lat="44.103708" lon="7.188327"><ele>2178</ele></trkpt><trkpt lat="44.103790" lon="7.188303"><ele>2179</ele></trkpt><trkpt lat="44.103824" lon="7.188359"><ele>2179</ele></trkpt><trkpt lat="44.103881" lon="7.188395"><ele>2179</ele></trkpt><trkpt lat="44.103889" lon="7.188281"><ele>2179</ele></trkpt><trkpt lat="44.103957" lon="7.188208"><ele>2178</ele></trkpt><trkpt lat="44.103957" lon="7.188208"><ele>2178</ele></trkpt><trkpt lat="44.104010" lon="7.188345"><ele>2179</ele></trkpt><trkpt lat="44.104083" lon="7.188450"><ele>2181</ele></trkpt><trkpt lat="44.104133" lon="7.188519"><ele>2182</ele></trkpt><trkpt lat="44.104184" lon="7.188564"><ele>2183</ele></trkpt><trkpt lat="44.104193" lon="7.188643"><ele>2185</ele></trkpt><trkpt lat="44.104205" lon="7.188685"><ele>2186</ele></trkpt><trkpt lat="44.104224" lon="7.188704"><ele>2186</ele></trkpt><trkpt lat="44.104257" lon="7.188680"><ele>2186</ele></trkpt><trkpt lat="44.104263" lon="7.188716"><ele>2187</ele></trkpt><trkpt lat="44.104284" lon="7.188755"><ele>2188</ele></trkpt><trkpt lat="44.104303" lon="7.188797"><ele>2189</ele></trkpt><trkpt lat="44.104370" lon="7.188862"><ele>2192</ele></trkpt><trkpt lat="44.104413" lon="7.188882"><ele>2194</ele></trkpt><trkpt lat="44.104505" lon="7.189017"><ele>2198</ele></trkpt><trkpt lat="44.104491" lon="7.189056"><ele>2198</ele></trkpt><trkpt lat="44.104535" lon="7.189080"><ele>2200</ele></trkpt><trkpt lat="44.104543" lon="7.189127"><ele>2201</ele></trkpt><trkpt lat="44.104509" lon="7.189165"><ele>2200</ele></trkpt><trkpt lat="44.104543" lon="7.189214"><ele>2202</ele></trkpt><trkpt lat="44.104566" lon="7.189260"><ele>2203</ele></trkpt><trkpt lat="44.104603" lon="7.189284"><ele>2204</ele></trkpt><trkpt lat="44.104804" lon="7.189604"><ele>2213</ele></trkpt><trkpt lat="44.104872" lon="7.189738"><ele>2218</ele></trkpt><trkpt lat="44.104967" lon="7.189830"><ele>2221</ele></trkpt><trkpt lat="44.105018" lon="7.189893"><ele>2223</ele></trkpt><trkpt lat="44.105030" lon="7.189925"><ele>2224</ele></trkpt><trkpt lat="44.105107" lon="7.190031"><ele>2228</ele></trkpt><trkpt lat="44.105095" lon="7.190060"><ele>2229</ele></trkpt><trkpt lat="44.104925" lon="7.190057"><ele>2227</ele></trkpt><trkpt lat="44.104749" lon="7.190115"><ele>2225</ele></trkpt><trkpt lat="44.104706" lon="7.190169"><ele>2225</ele></trkpt><trkpt lat="44.104661" lon="7.190333"><ele>2229</ele></trkpt><trkpt lat="44.104656" lon="7.190379"><ele>2230</ele></trkpt><trkpt lat="44.104681" lon="7.190393"><ele>2231</ele></trkpt><trkpt lat="44.104806" lon="7.190363"><ele>2233</ele></trkpt><trkpt lat="44.104879" lon="7.190372"><ele>2235</ele></trkpt><trkpt lat="44.105038" lon="7.190431"><ele>2239</ele></trkpt><trkpt lat="44.105060" lon="7.190463"><ele>2240</ele></trkpt><trkpt lat="44.105117" lon="7.190465"><ele>2241</ele></trkpt><trkpt lat="44.105135" lon="7.190490"><ele>2242</ele></trkpt><trkpt lat="44.105078" lon="7.190630"><ele>2245</ele></trkpt><trkpt lat="44.105112" lon="7.190719"><ele>2247</ele></trkpt><trkpt lat="44.105336" lon="7.190849"><ele>2251</ele></trkpt><trkpt lat="44.105521" lon="7.190839"><ele>2251</ele></trkpt><trkpt lat="44.105573" lon="7.190873"><ele>2251</ele></trkpt><trkpt lat="44.105695" lon="7.190853"><ele>2249</ele></trkpt><trkpt lat="44.105761" lon="7.190901"><ele>2249</ele></trkpt><trkpt lat="44.105811" lon="7.190931"><ele>2249</ele></trkpt><trkpt lat="44.105932" lon="7.191063"><ele>2251</ele></trkpt><trkpt lat="44.106113" lon="7.191241"><ele>2257</ele></trkpt><trkpt lat="44.106211" lon="7.191295"><ele>2259</ele></trkpt><trkpt lat="44.106227" lon="7.191328"><ele>2261</ele></trkpt><trkpt lat="44.106436" lon="7.191408"><ele>2264</ele></trkpt><trkpt lat="44.106484" lon="7.191417"><ele>2264</ele></trkpt><trkpt lat="44.106526" lon="7.191445"><ele>2265</ele></trkpt><trkpt lat="44.106940" lon="7.191501"><ele>2262</ele></trkpt><trkpt lat="44.106971" lon="7.191533"><ele>2263</ele></trkpt><trkpt lat="44.107043" lon="7.191530"><ele>2262</ele></trkpt><trkpt lat="44.107147" lon="7.191565"><ele>2263</ele></trkpt><trkpt lat="44.107181" lon="7.191614"><ele>2264</ele></trkpt><trkpt lat="44.107194" lon="7.191594"><ele>2263</ele></trkpt><trkpt lat="44.107262" lon="7.191608"><ele>2264</ele></trkpt><trkpt lat="44.107411" lon="7.191700"><ele>2266</ele></trkpt><trkpt lat="44.107492" lon="7.191703"><ele>2265</ele></trkpt><trkpt lat="44.107537" lon="7.191726"><ele>2265</ele></trkpt><trkpt lat="44.107647" lon="7.191725"><ele>2264</ele></trkpt><trkpt lat="44.107721" lon="7.191753"><ele>2264</ele></trkpt><trkpt lat="44.107861" lon="7.191824"><ele>2264</ele></trkpt><trkpt lat="44.108050" lon="7.191994"><ele>2267</ele></trkpt><trkpt lat="44.108294" lon="7.192136"><ele>2267</ele></trkpt><trkpt lat="44.108482" lon="7.192215"><ele>2266</ele></trkpt><trkpt lat="44.108559" lon="7.192264"><ele>2266</ele></trkpt><trkpt lat="44.108615" lon="7.192368"><ele>2268</ele></trkpt><trkpt lat="44.108708" lon="7.192394"><ele>2267</ele></trkpt><trkpt lat="44.108763" lon="7.192455"><ele>2268</ele></trkpt><trkpt lat="44.108889" lon="7.192487"><ele>2267</ele></trkpt><trkpt lat="44.108929" lon="7.192444"><ele>2266</ele></trkpt><trkpt lat="44.108969" lon="7.192423"><ele>2265</ele></trkpt><trkpt lat="44.109063" lon="7.192397"><ele>2263</ele></trkpt><trkpt lat="44.109443" lon="7.192225"><ele>2254</ele></trkpt><trkpt lat="44.109518" lon="7.192213"><ele>2254</ele></trkpt><trkpt lat="44.109584" lon="7.192174"><ele>2253</ele></trkpt><trkpt lat="44.109613" lon="7.192192"><ele>2253</ele></trkpt><trkpt lat="44.109653" lon="7.192194"><ele>2253</ele></trkpt><trkpt lat="44.109815" lon="7.192234"><ele>2255</ele></trkpt><trkpt lat="44.110125" lon="7.192452"><ele>2263</ele></trkpt><trkpt lat="44.110202" lon="7.192660"><ele>2269</ele></trkpt><trkpt lat="44.110238" lon="7.192678"><ele>2270</ele></trkpt><trkpt lat="44.110357" lon="7.192746"><ele>2272</ele></trkpt><trkpt lat="44.110382" lon="7.192787"><ele>2273</ele></trkpt><trkpt lat="44.110466" lon="7.192860"><ele>2275</ele></trkpt><trkpt lat="44.110479" lon="7.192920"><ele>2276</ele></trkpt><trkpt lat="44.110506" lon="7.192956"><ele>2277</ele></trkpt><trkpt lat="44.110538" lon="7.192990"><ele>2278</ele></trkpt><trkpt lat="44.110619" lon="7.193014"><ele>2278</ele></trkpt><trkpt lat="44.110647" lon="7.193236"><ele>2283</ele></trkpt><trkpt lat="44.110686" lon="7.193303"><ele>2284</ele></trkpt><trkpt lat="44.110811" lon="7.193384"><ele>2285</ele></trkpt><trkpt lat="44.110874" lon="7.193459"><ele>2287</ele></trkpt><trkpt lat="44.110913" lon="7.193526"><ele>2288</ele></trkpt><trkpt lat="44.110939" lon="7.193565"><ele>2289</ele></trkpt><trkpt lat="44.110936" lon="7.193605"><ele>2290</ele></trkpt><trkpt lat="44.110845" lon="7.193678"><ele>2290</ele></trkpt><trkpt lat="44.110782" lon="7.193693"><ele>2290</ele></trkpt><trkpt lat="44.110807" lon="7.193810"><ele>2292</ele></trkpt><trkpt lat="44.110840" lon="7.193885"><ele>2293</ele></trkpt><trkpt lat="44.110840" lon="7.194003"><ele>2294</ele></trkpt><trkpt lat="44.110889" lon="7.194000"><ele>2294</ele></trkpt><trkpt lat="44.110908" lon="7.194136"><ele>2295</ele></trkpt><trkpt lat="44.110934" lon="7.194119"><ele>2294</ele></trkpt><trkpt lat="44.110948" lon="7.194137"><ele>2295</ele></trkpt><trkpt lat="44.110971" lon="7.194119"><ele>2295</ele></trkpt><trkpt lat="44.110994" lon="7.194075"><ele>2294</ele></trkpt><trkpt lat="44.110991" lon="7.194034"><ele>2294</ele></trkpt><trkpt lat="44.111027" lon="7.194021"><ele>2294</ele></trkpt><trkpt lat="44.111092" lon="7.194042"><ele>2294</ele></trkpt><trkpt lat="44.111174" lon="7.194030"><ele>2295</ele></trkpt><trkpt lat="44.111209" lon="7.194045"><ele>2295</ele></trkpt><trkpt lat="44.111329" lon="7.194077"><ele>2296</ele></trkpt><trkpt lat="44.111357" lon="7.194035"><ele>2296</ele></trkpt><trkpt lat="44.111423" lon="7.194043"><ele>2297</ele></trkpt><trkpt lat="44.111605" lon="7.194098"><ele>2300</ele></trkpt><trkpt lat="44.111677" lon="7.194106"><ele>2301</ele></trkpt><trkpt lat="44.111816" lon="7.194039"><ele>2303</ele></trkpt><trkpt lat="44.112085" lon="7.194011"><ele>2308</ele></trkpt><trkpt lat="44.112206" lon="7.194041"><ele>2310</ele></trkpt><trkpt lat="44.112238" lon="7.194086"><ele>2310</ele></trkpt><trkpt lat="44.112275" lon="7.194080"><ele>2310</ele></trkpt><trkpt lat="44.112311" lon="7.194101"><ele>2311</ele></trkpt><trkpt lat="44.112367" lon="7.194176"><ele>2311</ele></trkpt><trkpt lat="44.112399" lon="7.194187"><ele>2311</ele></trkpt><trkpt lat="44.112509" lon="7.194211"><ele>2312</ele></trkpt><trkpt lat="44.112763" lon="7.194307"><ele>2313</ele></trkpt><trkpt lat="44.113028" lon="7.194422"><ele>2315</ele></trkpt><trkpt lat="44.113130" lon="7.194477"><ele>2315</ele></trkpt><trkpt lat="44.113233" lon="7.194562"><ele>2316</ele></trkpt><trkpt lat="44.113345" lon="7.194552"><ele>2317</ele></trkpt><trkpt lat="44.113471" lon="7.194472"><ele>2318</ele></trkpt><trkpt lat="44.113583" lon="7.194460"><ele>2319</ele></trkpt><trkpt lat="44.113695" lon="7.194472"><ele>2320</ele></trkpt><trkpt lat="44.113805" lon="7.194558"><ele>2321</ele></trkpt><trkpt lat="44.113896" lon="7.194574"><ele>2323</ele></trkpt><trkpt lat="44.113967" lon="7.194546"><ele>2324</ele></trkpt><trkpt lat="44.114044" lon="7.194529"><ele>2326</ele></trkpt><trkpt lat="44.114084" lon="7.194551"><ele>2326</ele></trkpt><trkpt lat="44.114129" lon="7.194514"><ele>2327</ele></trkpt><trkpt lat="44.114179" lon="7.194559"><ele>2328</ele></trkpt><trkpt lat="44.114229" lon="7.194546"><ele>2329</ele></trkpt><trkpt lat="44.114278" lon="7.194533"><ele>2330</ele></trkpt><trkpt lat="44.114308" lon="7.194443"><ele>2331</ele></trkpt><trkpt lat="44.114351" lon="7.194410"><ele>2332</ele></trkpt><trkpt lat="44.114350" lon="7.194373"><ele>2332</ele></trkpt><trkpt lat="44.114376" lon="7.194342"><ele>2332</ele></trkpt><trkpt lat="44.114429" lon="7.194377"><ele>2333</ele></trkpt><trkpt lat="44.114483" lon="7.194384"><ele>2334</ele></trkpt><trkpt lat="44.114528" lon="7.194399"><ele>2335</ele></trkpt><trkpt lat="44.114646" lon="7.194376"><ele>2337</ele></trkpt><trkpt lat="44.114731" lon="7.194275"><ele>2338</ele></trkpt><trkpt lat="44.114770" lon="7.194240"><ele>2338</ele></trkpt><trkpt lat="44.114807" lon="7.194330"><ele>2339</ele></trkpt><trkpt lat="44.114836" lon="7.194348"><ele>2340</ele></trkpt><trkpt lat="44.114858" lon="7.194323"><ele>2340</ele></trkpt><trkpt lat="44.114864" lon="7.194280"><ele>2340</ele></trkpt><trkpt lat="44.114909" lon="7.194229"><ele>2341</ele></trkpt><trkpt lat="44.114945" lon="7.194230"><ele>2341</ele></trkpt><trkpt lat="44.115003" lon="7.194192"><ele>2342</ele></trkpt><trkpt lat="44.115063" lon="7.194161"><ele>2343</ele></trkpt><trkpt lat="44.115197" lon="7.194171"><ele>2346</ele></trkpt><trkpt lat="44.115322" lon="7.194169"><ele>2348</ele></trkpt><trkpt lat="44.115437" lon="7.194231"><ele>2350</ele></trkpt><trkpt lat="44.115478" lon="7.194245"><ele>2351</ele></trkpt><trkpt lat="44.115533" lon="7.194299"><ele>2352</ele></trkpt><trkpt lat="44.115539" lon="7.194327"><ele>2352</ele></trkpt><trkpt lat="44.115569" lon="7.194354"><ele>2353</ele></trkpt><trkpt lat="44.115608" lon="7.194437"><ele>2354</ele></trkpt><trkpt lat="44.115671" lon="7.194508"><ele>2355</ele></trkpt><trkpt lat="44.115836" lon="7.194616"><ele>2356</ele></trkpt><trkpt lat="44.115963" lon="7.194690"><ele>2358</ele></trkpt><trkpt lat="44.116059" lon="7.194712"><ele>2359</ele></trkpt><trkpt lat="44.116154" lon="7.194789"><ele>2360</ele></trkpt><trkpt lat="44.116193" lon="7.194780"><ele>2361</ele></trkpt><trkpt lat="44.116369" lon="7.194849"><ele>2364</ele></trkpt><trkpt lat="44.116427" lon="7.194836"><ele>2365</ele></trkpt><trkpt lat="44.116469" lon="7.194827"><ele>2365</ele></trkpt><trkpt lat="44.116636" lon="7.194849"><ele>2369</ele></trkpt><trkpt lat="44.116711" lon="7.194934"><ele>2371</ele></trkpt><trkpt lat="44.116857" lon="7.194933"><ele>2376</ele></trkpt><trkpt lat="44.116960" lon="7.194964"><ele>2380</ele></trkpt><trkpt lat="44.117059" lon="7.194943"><ele>2385</ele></trkpt><trkpt lat="44.117095" lon="7.194952"><ele>2387</ele></trkpt><trkpt lat="44.117112" lon="7.195013"><ele>2387</ele></trkpt><trkpt lat="44.117128" lon="7.195012"><ele>2388</ele></trkpt><trkpt lat="44.117164" lon="7.194969"><ele>2390</ele></trkpt><trkpt lat="44.117187" lon="7.195017"><ele>2391</ele></trkpt><trkpt lat="44.117195" lon="7.195119"><ele>2391</ele></trkpt><trkpt lat="44.117193" lon="7.195297"><ele>2391</ele></trkpt><trkpt lat="44.117188" lon="7.195397"><ele>2391</ele></trkpt><trkpt lat="44.117214" lon="7.195533"><ele>2392</ele></trkpt><trkpt lat="44.117148" lon="7.195662"><ele>2390</ele></trkpt><trkpt lat="44.117115" lon="7.195780"><ele>2389</ele></trkpt><trkpt lat="44.117120" lon="7.195910"><ele>2390</ele></trkpt><trkpt lat="44.117122" lon="7.195962"><ele>2390</ele></trkpt><trkpt lat="44.117118" lon="7.196021"><ele>2390</ele></trkpt><trkpt lat="44.117145" lon="7.196079"><ele>2391</ele></trkpt><trkpt lat="44.117187" lon="7.196082"><ele>2392</ele></trkpt><trkpt lat="44.117275" lon="7.196183"><ele>2395</ele></trkpt><trkpt lat="44.117323" lon="7.196208"><ele>2396</ele></trkpt><trkpt lat="44.117444" lon="7.196222"><ele>2400</ele></trkpt><trkpt lat="44.117504" lon="7.196281"><ele>2403</ele></trkpt><trkpt lat="44.117668" lon="7.196416"><ele>2409</ele></trkpt><trkpt lat="44.117726" lon="7.196479"><ele>2412</ele></trkpt><trkpt lat="44.117810" lon="7.196610"><ele>2415</ele></trkpt><trkpt lat="44.117829" lon="7.196767"><ele>2415</ele></trkpt><trkpt lat="44.117900" lon="7.196903"><ele>2419</ele></trkpt><trkpt lat="44.117894" lon="7.197080"><ele>2417</ele></trkpt><trkpt lat="44.117907" lon="7.197185"><ele>2418</ele></trkpt><trkpt lat="44.117931" lon="7.197229"><ele>2419</ele></trkpt><trkpt lat="44.117928" lon="7.197262"><ele>2419</ele></trkpt><trkpt lat="44.117936" lon="7.197300"><ele>2420</ele></trkpt><trkpt lat="44.117890" lon="7.197602"><ele>2416</ele></trkpt><trkpt lat="44.117910" lon="7.197658"><ele>2418</ele></trkpt><trkpt lat="44.117927" lon="7.197730"><ele>2419</ele></trkpt><trkpt lat="44.117949" lon="7.197716"><ele>2421</ele></trkpt><trkpt lat="44.117971" lon="7.197632"><ele>2422</ele></trkpt><trkpt lat="44.118021" lon="7.197576"><ele>2426</ele></trkpt><trkpt lat="44.118035" lon="7.197609"><ele>2427</ele></trkpt><trkpt lat="44.118016" lon="7.197707"><ele>2426</ele></trkpt><trkpt lat="44.118031" lon="7.197777"><ele>2428</ele></trkpt><trkpt lat="44.117999" lon="7.197854"><ele>2426</ele></trkpt><trkpt lat="44.117970" lon="7.197904"><ele>2424</ele></trkpt><trkpt lat="44.117951" lon="7.198117"><ele>2424</ele></trkpt><trkpt lat="44.117970" lon="7.198193"><ele>2427</ele></trkpt><trkpt lat="44.117948" lon="7.198281"><ele>2426</ele></trkpt><trkpt lat="44.117929" lon="7.198361"><ele>2426</ele></trkpt><trkpt lat="44.117937" lon="7.198428"><ele>2428</ele></trkpt><trkpt lat="44.117913" lon="7.198470"><ele>2427</ele></trkpt><trkpt lat="44.117898" lon="7.198566"><ele>2428</ele></trkpt><trkpt lat="44.117905" lon="7.198617"><ele>2429</ele></trkpt><trkpt lat="44.117878" lon="7.198649"><ele>2428</ele></trkpt><trkpt lat="44.117815" lon="7.198816"><ele>2428</ele></trkpt><trkpt lat="44.117773" lon="7.198855"><ele>2426</ele></trkpt><trkpt lat="44.117743" lon="7.198997"><ele>2427</ele></trkpt><trkpt lat="44.117744" lon="7.199146"><ele>2431</ele></trkpt><trkpt lat="44.117628" lon="7.199499"><ele>2433</ele></trkpt><trkpt lat="44.117604" lon="7.199644"><ele>2435</ele></trkpt><trkpt lat="44.117609" lon="7.199671"><ele>2436</ele></trkpt><trkpt lat="44.117636" lon="7.199657"><ele>2437</ele></trkpt><trkpt lat="44.117705" lon="7.199608"><ele>2440</ele></trkpt><trkpt lat="44.117715" lon="7.199617"><ele>2441</ele></trkpt><trkpt lat="44.117696" lon="7.199680"><ele>2441</ele></trkpt><trkpt lat="44.117599" lon="7.199817"><ele>2439</ele></trkpt><trkpt lat="44.117499" lon="7.200007"><ele>2437</ele></trkpt><trkpt lat="44.117485" lon="7.200097"><ele>2438</ele></trkpt><trkpt lat="44.117430" lon="7.200178"><ele>2437</ele></trkpt><trkpt lat="44.117345" lon="7.200405"><ele>2437</ele></trkpt><trkpt lat="44.117278" lon="7.200676"><ele>2436</ele></trkpt><trkpt lat="44.117244" lon="7.200720"><ele>2436</ele></trkpt><trkpt lat="44.117188" lon="7.200902"><ele>2434</ele></trkpt><trkpt lat="44.117125" lon="7.201032"><ele>2433</ele></trkpt><trkpt lat="44.117049" lon="7.201153"><ele>2432</ele></trkpt><trkpt lat="44.116996" lon="7.201295"><ele>2431</ele></trkpt><trkpt lat="44.116996" lon="7.201295"><ele>2431</ele></trkpt><trkpt lat="44.117003" lon="7.201373"><ele>2431</ele></trkpt><trkpt lat="44.116977" lon="7.201474"><ele>2430</ele></trkpt><trkpt lat="44.116935" lon="7.201522"><ele>2429</ele></trkpt><trkpt lat="44.116897" lon="7.201690"><ele>2428</ele></trkpt><trkpt lat="44.116918" lon="7.201771"><ele>2426</ele></trkpt><trkpt lat="44.116881" lon="7.201863"><ele>2426</ele></trkpt><trkpt lat="44.116895" lon="7.201886"><ele>2425</ele></trkpt><trkpt lat="44.116960" lon="7.201823"><ele>2425</ele></trkpt><trkpt lat="44.116987" lon="7.201745"><ele>2426</ele></trkpt><trkpt lat="44.117039" lon="7.201686"><ele>2426</ele></trkpt><trkpt lat="44.117046" lon="7.201716"><ele>2425</ele></trkpt><trkpt lat="44.117016" lon="7.201816"><ele>2424</ele></trkpt><trkpt lat="44.117026" lon="7.201856"><ele>2423</ele></trkpt><trkpt lat="44.117082" lon="7.201791"><ele>2423</ele></trkpt><trkpt lat="44.117123" lon="7.201778"><ele>2422</ele></trkpt><trkpt lat="44.117140" lon="7.201729"><ele>2423</ele></trkpt><trkpt lat="44.117202" lon="7.201683"><ele>2424</ele></trkpt><trkpt lat="44.117252" lon="7.201609"><ele>2424</ele></trkpt><trkpt lat="44.117319" lon="7.201548"><ele>2425</ele></trkpt><trkpt lat="44.117426" lon="7.201467"><ele>2427</ele></trkpt><trkpt lat="44.117523" lon="7.201454"><ele>2426</ele></trkpt><trkpt lat="44.117582" lon="7.201460"><ele>2426</ele></trkpt><trkpt lat="44.117578" lon="7.201484"><ele>2425</ele></trkpt><trkpt lat="44.117446" lon="7.201586"><ele>2423</ele></trkpt><trkpt lat="44.117447" lon="7.201626"><ele>2421</ele></trkpt><trkpt lat="44.117500" lon="7.201634"><ele>2420</ele></trkpt><trkpt lat="44.117519" lon="7.201651"><ele>2420</ele></trkpt><trkpt lat="44.117517" lon="7.201688"><ele>2418</ele></trkpt><trkpt lat="44.117481" lon="7.201703"><ele>2418</ele></trkpt><trkpt lat="44.117496" lon="7.201731"><ele>2417</ele></trkpt><trkpt lat="44.117544" lon="7.201727"><ele>2416</ele></trkpt><trkpt lat="44.117590" lon="7.201692"><ele>2417</ele></trkpt><trkpt lat="44.117638" lon="7.201678"><ele>2417</ele></trkpt><trkpt lat="44.117770" lon="7.201729"><ele>2413</ele></trkpt><trkpt lat="44.117826" lon="7.201762"><ele>2411</ele></trkpt><trkpt lat="44.117821" lon="7.201795"><ele>2409</ele></trkpt><trkpt lat="44.117775" lon="7.201800"><ele>2410</ele></trkpt><trkpt lat="44.117767" lon="7.201813"><ele>2409</ele></trkpt><trkpt lat="44.117706" lon="7.201806"><ele>2410</ele></trkpt><trkpt lat="44.117686" lon="7.201840"><ele>2409</ele></trkpt><trkpt lat="44.117759" lon="7.201899"><ele>2405</ele></trkpt><trkpt lat="44.117702" lon="7.201914"><ele>2405</ele></trkpt><trkpt lat="44.117648" lon="7.201911"><ele>2406</ele></trkpt><trkpt lat="44.117600" lon="7.201944"><ele>2406</ele></trkpt><trkpt lat="44.117582" lon="7.201980"><ele>2405</ele></trkpt><trkpt lat="44.117552" lon="7.202016"><ele>2404</ele></trkpt><trkpt lat="44.117576" lon="7.202050"><ele>2402</ele></trkpt><trkpt lat="44.117632" lon="7.202037"><ele>2401</ele></trkpt><trkpt lat="44.117645" lon="7.202057"><ele>2400</ele></trkpt><trkpt lat="44.117628" lon="7.202090"><ele>2399</ele></trkpt><trkpt lat="44.117604" lon="7.202094"><ele>2399</ele></trkpt><trkpt lat="44.117534" lon="7.202179"><ele>2398</ele></trkpt><trkpt lat="44.117502" lon="7.202263"><ele>2396</ele></trkpt><trkpt lat="44.117645" lon="7.202231"><ele>2393</ele></trkpt><trkpt lat="44.117891" lon="7.202316"><ele>2386</ele></trkpt><trkpt lat="44.117936" lon="7.202358"><ele>2384</ele></trkpt><trkpt lat="44.118112" lon="7.202457"><ele>2380</ele></trkpt><trkpt lat="44.118160" lon="7.202542"><ele>2377</ele></trkpt><trkpt lat="44.118190" lon="7.202560"><ele>2377</ele></trkpt><trkpt lat="44.118171" lon="7.202613"><ele>2375</ele></trkpt><trkpt lat="44.118182" lon="7.202639"><ele>2374</ele></trkpt><trkpt lat="44.118223" lon="7.202636"><ele>2374</ele></trkpt><trkpt lat="44.118246" lon="7.202669"><ele>2373</ele></trkpt><trkpt lat="44.118291" lon="7.202687"><ele>2372</ele></trkpt><trkpt lat="44.118286" lon="7.202731"><ele>2371</ele></trkpt><trkpt lat="44.118245" lon="7.202752"><ele>2371</ele></trkpt><trkpt lat="44.118211" lon="7.202739"><ele>2372</ele></trkpt><trkpt lat="44.118113" lon="7.202734"><ele>2373</ele></trkpt><trkpt lat="44.118083" lon="7.202709"><ele>2373</ele></trkpt><trkpt lat="44.118052" lon="7.202725"><ele>2373</ele></trkpt><trkpt lat="44.118021" lon="7.202726"><ele>2374</ele></trkpt><trkpt lat="44.117981" lon="7.202749"><ele>2373</ele></trkpt><trkpt lat="44.117950" lon="7.202752"><ele>2374</ele></trkpt><trkpt lat="44.117930" lon="7.202763"><ele>2374</ele></trkpt><trkpt lat="44.117897" lon="7.202803"><ele>2373</ele></trkpt><trkpt lat="44.117896" lon="7.202834"><ele>2372</ele></trkpt><trkpt lat="44.117915" lon="7.202861"><ele>2372</ele></trkpt><trkpt lat="44.118056" lon="7.202958"><ele>2367</ele></trkpt><trkpt lat="44.118101" lon="7.203042"><ele>2365</ele></trkpt><trkpt lat="44.118209" lon="7.203128"><ele>2361</ele></trkpt><trkpt lat="44.118292" lon="7.203256"><ele>2357</ele></trkpt><trkpt lat="44.118594" lon="7.203548"><ele>2345</ele></trkpt><trkpt lat="44.118657" lon="7.203626"><ele>2342</ele></trkpt><trkpt lat="44.118666" lon="7.203752"><ele>2339</ele></trkpt><trkpt lat="44.118794" lon="7.203913"><ele>2332</ele></trkpt><trkpt lat="44.118879" lon="7.203856"><ele>2331</ele></trkpt><trkpt lat="44.119054" lon="7.203863"><ele>2327</ele></trkpt><trkpt lat="44.119068" lon="7.203962"><ele>2324</ele></trkpt><trkpt lat="44.119137" lon="7.203923"><ele>2323</ele></trkpt><trkpt lat="44.119150" lon="7.203940"><ele>2322</ele></trkpt><trkpt lat="44.119127" lon="7.204004"><ele>2321</ele></trkpt><trkpt lat="44.119184" lon="7.204003"><ele>2319</ele></trkpt><trkpt lat="44.119212" lon="7.204014"><ele>2318</ele></trkpt><trkpt lat="44.119212" lon="7.204056"><ele>2317</ele></trkpt><trkpt lat="44.119098" lon="7.204122"><ele>2318</ele></trkpt><trkpt lat="44.119008" lon="7.204329"><ele>2314</ele></trkpt><trkpt lat="44.119003" lon="7.204379"><ele>2313</ele></trkpt><trkpt lat="44.119011" lon="7.204394"><ele>2312</ele></trkpt><trkpt lat="44.119106" lon="7.204368"><ele>2310</ele></trkpt><trkpt lat="44.119284" lon="7.204384"><ele>2305</ele></trkpt><trkpt lat="44.119256" lon="7.204436"><ele>2304</ele></trkpt><trkpt lat="44.119304" lon="7.204491"><ele>2302</ele></trkpt><trkpt lat="44.119234" lon="7.204541"><ele>2302</ele></trkpt><trkpt lat="44.119232" lon="7.204567"><ele>2302</ele></trkpt><trkpt lat="44.119386" lon="7.204702"><ele>2294</ele></trkpt><trkpt lat="44.119491" lon="7.204900"><ele>2288</ele></trkpt><trkpt lat="44.119468" lon="7.204963"><ele>2288</ele></trkpt><trkpt lat="44.119436" lon="7.205052"><ele>2287</ele></trkpt><trkpt lat="44.119460" lon="7.205175"><ele>2284</ele></trkpt><trkpt lat="44.119519" lon="7.205333"><ele>2281</ele></trkpt><trkpt lat="44.119615" lon="7.205378"><ele>2279</ele></trkpt><trkpt lat="44.119691" lon="7.205360"><ele>2278</ele></trkpt><trkpt lat="44.119724" lon="7.205340"><ele>2278</ele></trkpt><trkpt lat="44.119742" lon="7.205362"><ele>2277</ele></trkpt><trkpt lat="44.119719" lon="7.205438"><ele>2276</ele></trkpt><trkpt lat="44.119833" lon="7.205365"><ele>2276</ele></trkpt><trkpt lat="44.119893" lon="7.205342"><ele>2276</ele></trkpt><trkpt lat="44.119969" lon="7.205312"><ele>2275</ele></trkpt><trkpt lat="44.120092" lon="7.205365"><ele>2273</ele></trkpt><trkpt lat="44.120125" lon="7.205355"><ele>2273</ele></trkpt><trkpt lat="44.120205" lon="7.205398"><ele>2271</ele></trkpt><trkpt lat="44.120390" lon="7.205533"><ele>2267</ele></trkpt><trkpt lat="44.120561" lon="7.205535"><ele>2266</ele></trkpt><trkpt lat="44.120686" lon="7.205578"><ele>2263</ele></trkpt><trkpt lat="44.120569" lon="7.205730"><ele>2262</ele></trkpt><trkpt lat="44.120482" lon="7.205909"><ele>2260</ele></trkpt><trkpt lat="44.120487" lon="7.205921"><ele>2260</ele></trkpt><trkpt lat="44.120511" lon="7.205924"><ele>2259</ele></trkpt><trkpt lat="44.120554" lon="7.205909"><ele>2259</ele></trkpt><trkpt lat="44.120574" lon="7.205910"><ele>2259</ele></trkpt><trkpt lat="44.120686" lon="7.205974"><ele>2256</ele></trkpt><trkpt lat="44.120820" lon="7.206035"><ele>2254</ele></trkpt><trkpt lat="44.120827" lon="7.206055"><ele>2253</ele></trkpt><trkpt lat="44.120820" lon="7.206068"><ele>2253</ele></trkpt><trkpt lat="44.120716" lon="7.206141"><ele>2253</ele></trkpt><trkpt lat="44.120718" lon="7.206152"><ele>2253</ele></trkpt><trkpt lat="44.120737" lon="7.206169"><ele>2252</ele></trkpt><trkpt lat="44.120776" lon="7.206179"><ele>2252</ele></trkpt><trkpt lat="44.120855" lon="7.206220"><ele>2250</ele></trkpt><trkpt lat="44.120908" lon="7.206224"><ele>2249</ele></trkpt><trkpt lat="44.120925" lon="7.206232"><ele>2249</ele></trkpt><trkpt lat="44.121091" lon="7.206206"><ele>2247</ele></trkpt><trkpt lat="44.121193" lon="7.206202"><ele>2246</ele></trkpt><trkpt lat="44.121258" lon="7.206146"><ele>2246</ele></trkpt><trkpt lat="44.121400" lon="7.206054"><ele>2246</ele></trkpt><trkpt lat="44.121422" lon="7.206052"><ele>2246</ele></trkpt><trkpt lat="44.121474" lon="7.206097"><ele>2245</ele></trkpt><trkpt lat="44.121572" lon="7.206240"><ele>2241</ele></trkpt><trkpt lat="44.121618" lon="7.206375"><ele>2239</ele></trkpt><trkpt lat="44.121735" lon="7.206474"><ele>2236</ele></trkpt><trkpt lat="44.121761" lon="7.206477"><ele>2235</ele></trkpt><trkpt lat="44.121787" lon="7.206495"><ele>2235</ele></trkpt><trkpt lat="44.121915" lon="7.206506"><ele>2232</ele></trkpt><trkpt lat="44.121936" lon="7.206515"><ele>2231</ele></trkpt><trkpt lat="44.121964" lon="7.206538"><ele>2230</ele></trkpt><trkpt lat="44.122025" lon="7.206608"><ele>2228</ele></trkpt><trkpt lat="44.122109" lon="7.206661"><ele>2225</ele></trkpt><trkpt lat="44.122117" lon="7.206681"><ele>2224</ele></trkpt><trkpt lat="44.122140" lon="7.206899"><ele>2220</ele></trkpt><trkpt lat="44.122151" lon="7.206917"><ele>2220</ele></trkpt><trkpt lat="44.122183" lon="7.206926"><ele>2219</ele></trkpt><trkpt lat="44.122253" lon="7.206905"><ele>2218</ele></trkpt><trkpt lat="44.122405" lon="7.206770"><ele>2215</ele></trkpt><trkpt lat="44.122482" lon="7.206732"><ele>2214</ele></trkpt><trkpt lat="44.122559" lon="7.206626"><ele>2213</ele></trkpt><trkpt lat="44.122648" lon="7.206560"><ele>2211</ele></trkpt><trkpt lat="44.122686" lon="7.206542"><ele>2209</ele></trkpt><trkpt lat="44.122724" lon="7.206492"><ele>2208</ele></trkpt><trkpt lat="44.122731" lon="7.206474"><ele>2208</ele></trkpt><trkpt lat="44.122737" lon="7.206398"><ele>2209</ele></trkpt><trkpt lat="44.122772" lon="7.206380"><ele>2207</ele></trkpt><trkpt lat="44.122779" lon="7.206365"><ele>2207</ele></trkpt><trkpt lat="44.122782" lon="7.206321"><ele>2208</ele></trkpt><trkpt lat="44.122789" lon="7.206311"><ele>2207</ele></trkpt><trkpt lat="44.122828" lon="7.206306"><ele>2206</ele></trkpt><trkpt lat="44.122889" lon="7.206334"><ele>2203</ele></trkpt><trkpt lat="44.122908" lon="7.206364"><ele>2202</ele></trkpt><trkpt lat="44.122923" lon="7.206412"><ele>2201</ele></trkpt><trkpt lat="44.122933" lon="7.206417"><ele>2201</ele></trkpt><trkpt lat="44.122986" lon="7.206382"><ele>2199</ele></trkpt><trkpt lat="44.123005" lon="7.206390"><ele>2199</ele></trkpt><trkpt lat="44.123012" lon="7.206402"><ele>2198</ele></trkpt><trkpt lat="44.123025" lon="7.206476"><ele>2197</ele></trkpt><trkpt lat="44.123023" lon="7.206632"><ele>2196</ele></trkpt><trkpt lat="44.123029" lon="7.206697"><ele>2196</ele></trkpt><trkpt lat="44.123020" lon="7.206768"><ele>2196</ele></trkpt><trkpt lat="44.123039" lon="7.206855"><ele>2194</ele></trkpt><trkpt lat="44.123048" lon="7.206861"><ele>2194</ele></trkpt><trkpt lat="44.123073" lon="7.206825"><ele>2193</ele></trkpt><trkpt lat="44.123078" lon="7.206790"><ele>2193</ele></trkpt><trkpt lat="44.123100" lon="7.206740"><ele>2193</ele></trkpt><trkpt lat="44.123144" lon="7.206688"><ele>2192</ele></trkpt><trkpt lat="44.123294" lon="7.206434"><ele>2189</ele></trkpt><trkpt lat="44.123306" lon="7.206424"><ele>2189</ele></trkpt><trkpt lat="44.123335" lon="7.206459"><ele>2188</ele></trkpt><trkpt lat="44.123384" lon="7.206551"><ele>2186</ele></trkpt><trkpt lat="44.123425" lon="7.206588"><ele>2184</ele></trkpt><trkpt lat="44.123489" lon="7.206687"><ele>2182</ele></trkpt><trkpt lat="44.123543" lon="7.206738"><ele>2181</ele></trkpt><trkpt lat="44.123548" lon="7.206761"><ele>2180</ele></trkpt><trkpt lat="44.123535" lon="7.206794"><ele>2180</ele></trkpt><trkpt lat="44.123470" lon="7.206863"><ele>2181</ele></trkpt><trkpt lat="44.123453" lon="7.206936"><ele>2181</ele></trkpt><trkpt lat="44.123458" lon="7.206982"><ele>2181</ele></trkpt><trkpt lat="44.123441" lon="7.207036"><ele>2181</ele></trkpt><trkpt lat="44.123444" lon="7.207100"><ele>2180</ele></trkpt><trkpt lat="44.123436" lon="7.207147"><ele>2180</ele></trkpt><trkpt lat="44.123412" lon="7.207159"><ele>2180</ele></trkpt><trkpt lat="44.123378" lon="7.207271"><ele>2180</ele></trkpt><trkpt lat="44.123288" lon="7.207392"><ele>2181</ele></trkpt><trkpt lat="44.123260" lon="7.207467"><ele>2181</ele></trkpt><trkpt lat="44.123241" lon="7.207548"><ele>2181</ele></trkpt><trkpt lat="44.123241" lon="7.207548"><ele>2181</ele></trkpt><trkpt lat="44.123218" lon="7.207652"><ele>2180</ele></trkpt><trkpt lat="44.123218" lon="7.207652"><ele>2180</ele></trkpt><trkpt lat="44.123231" lon="7.207689"><ele>2179</ele></trkpt><trkpt lat="44.123252" lon="7.207715"><ele>2178</ele></trkpt><trkpt lat="44.123277" lon="7.207729"><ele>2178</ele></trkpt><trkpt lat="44.123352" lon="7.207721"><ele>2176</ele></trkpt><trkpt lat="44.123489" lon="7.207676"><ele>2174</ele></trkpt><trkpt lat="44.123519" lon="7.207638"><ele>2174</ele></trkpt><trkpt lat="44.123534" lon="7.207657"><ele>2173</ele></trkpt><trkpt lat="44.123538" lon="7.207680"><ele>2173</ele></trkpt><trkpt lat="44.123537" lon="7.207713"><ele>2172</ele></trkpt><trkpt lat="44.123583" lon="7.207816"><ele>2171</ele></trkpt><trkpt lat="44.123611" lon="7.207848"><ele>2170</ele></trkpt><trkpt lat="44.123700" lon="7.207914"><ele>2167</ele></trkpt><trkpt lat="44.123730" lon="7.207910"><ele>2167</ele></trkpt><trkpt lat="44.123745" lon="7.207887"><ele>2167</ele></trkpt><trkpt lat="44.123749" lon="7.207866"><ele>2167</ele></trkpt><trkpt lat="44.123717" lon="7.207771"><ele>2169</ele></trkpt><trkpt lat="44.123751" lon="7.207692"><ele>2169</ele></trkpt><trkpt lat="44.123894" lon="7.207641"><ele>2167</ele></trkpt><trkpt lat="44.124409" lon="7.207129"><ele>2162</ele></trkpt><trkpt lat="44.124645" lon="7.206968"><ele>2156</ele></trkpt><trkpt lat="44.124814" lon="7.206833"><ele>2150</ele></trkpt><trkpt lat="44.124980" lon="7.206782"><ele>2143</ele></trkpt><trkpt lat="44.125013" lon="7.206770"><ele>2142</ele></trkpt><trkpt lat="44.125045" lon="7.206767"><ele>2141</ele></trkpt><trkpt lat="44.125072" lon="7.206775"><ele>2140</ele></trkpt><trkpt lat="44.125098" lon="7.206767"><ele>2139</ele></trkpt><trkpt lat="44.125103" lon="7.206752"><ele>2139</ele></trkpt><trkpt lat="44.125071" lon="7.206683"><ele>2139</ele></trkpt><trkpt lat="44.125064" lon="7.206654"><ele>2139</ele></trkpt><trkpt lat="44.125063" lon="7.206628"><ele>2139</ele></trkpt><trkpt lat="44.125070" lon="7.206617"><ele>2139</ele></trkpt><trkpt lat="44.125170" lon="7.206625"><ele>2135</ele></trkpt><trkpt lat="44.125285" lon="7.206587"><ele>2131</ele></trkpt><trkpt lat="44.125395" lon="7.206567"><ele>2127</ele></trkpt><trkpt lat="44.125498" lon="7.206639"><ele>2125</ele></trkpt><trkpt lat="44.125493" lon="7.206564"><ele>2124</ele></trkpt><trkpt lat="44.125467" lon="7.206522"><ele>2125</ele></trkpt><trkpt lat="44.125492" lon="7.206498"><ele>2124</ele></trkpt><trkpt lat="44.125538" lon="7.206532"><ele>2122</ele></trkpt><trkpt lat="44.125594" lon="7.206584"><ele>2121</ele></trkpt><trkpt lat="44.125793" lon="7.206599"><ele>2115</ele></trkpt><trkpt lat="44.125902" lon="7.206656"><ele>2113</ele></trkpt><trkpt lat="44.125699" lon="7.206393"><ele>2116</ele></trkpt><trkpt lat="44.125696" lon="7.206381"><ele>2116</ele></trkpt><trkpt lat="44.125700" lon="7.206369"><ele>2116</ele></trkpt><trkpt lat="44.125721" lon="7.206365"><ele>2116</ele></trkpt><trkpt lat="44.126067" lon="7.206390"><ele>2107</ele></trkpt><trkpt lat="44.126077" lon="7.206377"><ele>2106</ele></trkpt><trkpt lat="44.126073" lon="7.206358"><ele>2106</ele></trkpt><trkpt lat="44.126034" lon="7.206310"><ele>2107</ele></trkpt><trkpt lat="44.125970" lon="7.206264"><ele>2108</ele></trkpt><trkpt lat="44.125934" lon="7.206174"><ele>2109</ele></trkpt><trkpt lat="44.125919" lon="7.206154"><ele>2110</ele></trkpt><trkpt lat="44.125918" lon="7.206138"><ele>2110</ele></trkpt><trkpt lat="44.125937" lon="7.206127"><ele>2109</ele></trkpt><trkpt lat="44.125991" lon="7.206129"><ele>2108</ele></trkpt><trkpt lat="44.125999" lon="7.206111"><ele>2108</ele></trkpt><trkpt lat="44.126014" lon="7.206023"><ele>2107</ele></trkpt><trkpt lat="44.126014" lon="7.206023"><ele>2107</ele></trkpt><trkpt lat="44.126043" lon="7.205967"><ele>2107</ele></trkpt><trkpt lat="44.126043" lon="7.205967"><ele>2107</ele></trkpt><trkpt lat="44.126252" lon="7.205774"><ele>2103</ele></trkpt><trkpt lat="44.126373" lon="7.205594"><ele>2101</ele></trkpt><trkpt lat="44.126407" lon="7.205527"><ele>2101</ele></trkpt><trkpt lat="44.126432" lon="7.205479"><ele>2101</ele></trkpt><trkpt lat="44.126450" lon="7.205427"><ele>2101</ele></trkpt><trkpt lat="44.126463" lon="7.205393"><ele>2101</ele></trkpt><trkpt lat="44.126489" lon="7.205356"><ele>2100</ele></trkpt><trkpt lat="44.126537" lon="7.205322"><ele>2099</ele></trkpt><trkpt lat="44.126588" lon="7.205293"><ele>2098</ele></trkpt><trkpt lat="44.126629" lon="7.205267"><ele>2097</ele></trkpt><trkpt lat="44.126660" lon="7.205244"><ele>2097</ele></trkpt><trkpt lat="44.126679" lon="7.205221"><ele>2097</ele></trkpt><trkpt lat="44.126702" lon="7.205160"><ele>2097</ele></trkpt><trkpt lat="44.126733" lon="7.205121"><ele>2096</ele></trkpt><trkpt lat="44.126801" lon="7.205088"><ele>2095</ele></trkpt><trkpt lat="44.126917" lon="7.205042"><ele>2093</ele></trkpt><trkpt lat="44.126971" lon="7.204993"><ele>2092</ele></trkpt><trkpt lat="44.127030" lon="7.204946"><ele>2091</ele></trkpt><trkpt lat="44.127030" lon="7.204946"><ele>2091</ele></trkpt><trkpt lat="44.127073" lon="7.204920"><ele>2091</ele></trkpt><trkpt lat="44.127073" lon="7.204920"><ele>2091</ele></trkpt><trkpt lat="44.127151" lon="7.204916"><ele>2089</ele></trkpt><trkpt lat="44.127320" lon="7.204936"><ele>2086</ele></trkpt><trkpt lat="44.127390" lon="7.204978"><ele>2084</ele></trkpt><trkpt lat="44.127469" lon="7.205037"><ele>2082</ele></trkpt><trkpt lat="44.127534" lon="7.205070"><ele>2081</ele></trkpt><trkpt lat="44.127570" lon="7.205072"><ele>2080</ele></trkpt><trkpt lat="44.127615" lon="7.205058"><ele>2079</ele></trkpt><trkpt lat="44.127656" lon="7.205030"><ele>2079</ele></trkpt><trkpt lat="44.127684" lon="7.204987"><ele>2078</ele></trkpt><trkpt lat="44.127721" lon="7.204978"><ele>2078</ele></trkpt><trkpt lat="44.127749" lon="7.204982"><ele>2077</ele></trkpt><trkpt lat="44.127775" lon="7.205007"><ele>2077</ele></trkpt><trkpt lat="44.127832" lon="7.205021"><ele>2075</ele></trkpt><trkpt lat="44.127870" lon="7.205022"><ele>2075</ele></trkpt><trkpt lat="44.128056" lon="7.204999"><ele>2072</ele></trkpt><trkpt lat="44.128110" lon="7.204980"><ele>2071</ele></trkpt><trkpt lat="44.128152" lon="7.204941"><ele>2070</ele></trkpt><trkpt lat="44.128191" lon="7.204924"><ele>2069</ele></trkpt><trkpt lat="44.128289" lon="7.204947"><ele>2067</ele></trkpt><trkpt lat="44.128334" lon="7.204934"><ele>2066</ele></trkpt><trkpt lat="44.128421" lon="7.204944"><ele>2064</ele></trkpt><trkpt lat="44.128647" lon="7.204854"><ele>2060</ele></trkpt><trkpt lat="44.128837" lon="7.204749"><ele>2058</ele></trkpt><trkpt lat="44.128957" lon="7.204703"><ele>2056</ele></trkpt><trkpt lat="44.129074" lon="7.204695"><ele>2054</ele></trkpt><trkpt lat="44.129472" lon="7.204642"><ele>2051</ele></trkpt><trkpt lat="44.129553" lon="7.204674"><ele>2049</ele></trkpt><trkpt lat="44.129774" lon="7.204944"><ele>2043</ele></trkpt><trkpt lat="44.129810" lon="7.204980"><ele>2042</ele></trkpt><trkpt lat="44.129878" lon="7.205015"><ele>2042</ele></trkpt><trkpt lat="44.130275" lon="7.205012"><ele>2041</ele></trkpt><trkpt lat="44.130369" lon="7.204991"><ele>2041</ele></trkpt><trkpt lat="44.130408" lon="7.204985"><ele>2040</ele></trkpt><trkpt lat="44.130475" lon="7.205007"><ele>2039</ele></trkpt><trkpt lat="44.130528" lon="7.205042"><ele>2038</ele></trkpt><trkpt lat="44.130683" lon="7.205131"><ele>2035</ele></trkpt><trkpt lat="44.130768" lon="7.204998"><ele>2035</ele></trkpt><trkpt lat="44.130875" lon="7.204925"><ele>2034</ele></trkpt><trkpt lat="44.130958" lon="7.204935"><ele>2032</ele></trkpt><trkpt lat="44.131169" lon="7.205036"><ele>2026</ele></trkpt><trkpt lat="44.131259" lon="7.205038"><ele>2024</ele></trkpt><trkpt lat="44.131371" lon="7.204931"><ele>2024</ele></trkpt><trkpt lat="44.131426" lon="7.204908"><ele>2023</ele></trkpt><trkpt lat="44.131695" lon="7.204932"><ele>2019</ele></trkpt><trkpt lat="44.131787" lon="7.204961"><ele>2017</ele></trkpt><trkpt lat="44.131882" lon="7.205021"><ele>2014</ele></trkpt><trkpt lat="44.131956" lon="7.205038"><ele>2012</ele></trkpt><trkpt lat="44.132093" lon="7.205088"><ele>2009</ele></trkpt><trkpt lat="44.132134" lon="7.205085"><ele>2008</ele></trkpt><trkpt lat="44.132216" lon="7.205004"><ele>2009</ele></trkpt><trkpt lat="44.132488" lon="7.204995"><ele>2005</ele></trkpt><trkpt lat="44.132787" lon="7.204970"><ele>2002</ele></trkpt><trkpt lat="44.132933" lon="7.204910"><ele>2002</ele></trkpt><trkpt lat="44.133047" lon="7.204838"><ele>2003</ele></trkpt><trkpt lat="44.133164" lon="7.204780"><ele>2004</ele></trkpt><trkpt lat="44.133503" lon="7.204906"><ele>1996</ele></trkpt><trkpt lat="44.133614" lon="7.204963"><ele>1994</ele></trkpt><trkpt lat="44.133663" lon="7.205017"><ele>1992</ele></trkpt><trkpt lat="44.133692" lon="7.205082"><ele>1991</ele></trkpt><trkpt lat="44.133734" lon="7.205120"><ele>1989</ele></trkpt><trkpt lat="44.133842" lon="7.205191"><ele>1986</ele></trkpt><trkpt lat="44.134027" lon="7.205229"><ele>1984</ele></trkpt><trkpt lat="44.134296" lon="7.205175"><ele>1987</ele></trkpt><trkpt lat="44.134734" lon="7.205315"><ele>1985</ele></trkpt><trkpt lat="44.134954" lon="7.205423"><ele>1981</ele></trkpt><trkpt lat="44.135156" lon="7.205539"><ele>1978</ele></trkpt><trkpt lat="44.135269" lon="7.205583"><ele>1977</ele></trkpt><trkpt lat="44.135302" lon="7.205604"><ele>1977</ele></trkpt><trkpt lat="44.135358" lon="7.205658"><ele>1975</ele></trkpt><trkpt lat="44.135422" lon="7.205696"><ele>1974</ele></trkpt><trkpt lat="44.135570" lon="7.205856"><ele>1971</ele></trkpt><trkpt lat="44.135646" lon="7.205953"><ele>1969</ele></trkpt><trkpt lat="44.135853" lon="7.206109"><ele>1966</ele></trkpt><trkpt lat="44.136037" lon="7.206294"><ele>1963</ele></trkpt><trkpt lat="44.136227" lon="7.206433"><ele>1960</ele></trkpt><trkpt lat="44.136418" lon="7.206571"><ele>1957</ele></trkpt><trkpt lat="44.136477" lon="7.206708"><ele>1957</ele></trkpt><trkpt lat="44.136594" lon="7.206791"><ele>1955</ele></trkpt><trkpt lat="44.136886" lon="7.206843"><ele>1951</ele></trkpt><trkpt lat="44.136980" lon="7.206894"><ele>1949</ele></trkpt><trkpt lat="44.137073" lon="7.206935"><ele>1948</ele></trkpt><trkpt lat="44.137310" lon="7.206991"><ele>1944</ele></trkpt><trkpt lat="44.137526" lon="7.207093"><ele>1938</ele></trkpt><trkpt lat="44.137639" lon="7.207128"><ele>1935</ele></trkpt><trkpt lat="44.137672" lon="7.207161"><ele>1934</ele></trkpt><trkpt lat="44.137718" lon="7.207238"><ele>1932</ele></trkpt><trkpt lat="44.137716" lon="7.207298"><ele>1931</ele></trkpt><trkpt lat="44.137674" lon="7.207305"><ele>1932</ele></trkpt><trkpt lat="44.137635" lon="7.207318"><ele>1932</ele></trkpt><trkpt lat="44.137604" lon="7.207341"><ele>1933</ele></trkpt><trkpt lat="44.137604" lon="7.207341"><ele>1933</ele></trkpt><trkpt lat="44.137593" lon="7.207405"><ele>1932</ele></trkpt><trkpt lat="44.137593" lon="7.207405"><ele>1932</ele></trkpt><trkpt lat="44.137614" lon="7.207484"><ele>1931</ele></trkpt><trkpt lat="44.137639" lon="7.207538"><ele>1929</ele></trkpt><trkpt lat="44.137725" lon="7.207684"><ele>1928</ele></trkpt><trkpt lat="44.137837" lon="7.207744"><ele>1926</ele></trkpt><trkpt lat="44.137889" lon="7.207721"><ele>1925</ele></trkpt><trkpt lat="44.137961" lon="7.207723"><ele>1924</ele></trkpt><trkpt lat="44.138050" lon="7.207727"><ele>1922</ele></trkpt><trkpt lat="44.138097" lon="7.207741"><ele>1921</ele></trkpt><trkpt lat="44.138224" lon="7.207807"><ele>1917</ele></trkpt><trkpt lat="44.138274" lon="7.207847"><ele>1916</ele></trkpt><trkpt lat="44.138405" lon="7.208045"><ele>1915</ele></trkpt><trkpt lat="44.138478" lon="7.208099"><ele>1914</ele></trkpt><trkpt lat="44.138561" lon="7.208160"><ele>1912</ele></trkpt><trkpt lat="44.138611" lon="7.208134"><ele>1911</ele></trkpt><trkpt lat="44.138640" lon="7.208002"><ele>1908</ele></trkpt><trkpt lat="44.138731" lon="7.208119"><ele>1907</ele></trkpt><trkpt lat="44.138851" lon="7.208254"><ele>1905</ele></trkpt><trkpt lat="44.139012" lon="7.208408"><ele>1901</ele></trkpt><trkpt lat="44.139075" lon="7.208497"><ele>1899</ele></trkpt><trkpt lat="44.139106" lon="7.208639"><ele>1899</ele></trkpt><trkpt lat="44.139182" lon="7.208775"><ele>1898</ele></trkpt><trkpt lat="44.139216" lon="7.208852"><ele>1898</ele></trkpt><trkpt lat="44.139243" lon="7.208945"><ele>1898</ele></trkpt><trkpt lat="44.139328" lon="7.209191"><ele>1898</ele></trkpt><trkpt lat="44.139401" lon="7.209291"><ele>1897</ele></trkpt><trkpt lat="44.139560" lon="7.209409"><ele>1892</ele></trkpt><trkpt lat="44.139634" lon="7.209506"><ele>1892</ele></trkpt><trkpt lat="44.139656" lon="7.209543"><ele>1892</ele></trkpt><trkpt lat="44.139729" lon="7.209750"><ele>1894</ele></trkpt><trkpt lat="44.139835" lon="7.209850"><ele>1893</ele></trkpt><trkpt lat="44.139931" lon="7.209817"><ele>1889</ele></trkpt><trkpt lat="44.140101" lon="7.209954"><ele>1886</ele></trkpt><trkpt lat="44.140271" lon="7.210102"><ele>1881</ele></trkpt><trkpt lat="44.140340" lon="7.210038"><ele>1877</ele></trkpt><trkpt lat="44.140398" lon="7.209966"><ele>1874</ele></trkpt><trkpt lat="44.140528" lon="7.210092"><ele>1870</ele></trkpt><trkpt lat="44.140733" lon="7.210391"><ele>1865</ele></trkpt><trkpt lat="44.140878" lon="7.210558"><ele>1861</ele></trkpt><trkpt lat="44.140969" lon="7.210690"><ele>1859</ele></trkpt><trkpt lat="44.140998" lon="7.210888"><ele>1860</ele></trkpt><trkpt lat="44.141046" lon="7.211041"><ele>1859</ele></trkpt><trkpt lat="44.141123" lon="7.211366"><ele>1858</ele></trkpt><trkpt lat="44.141401" lon="7.211469"><ele>1850</ele></trkpt><trkpt lat="44.141454" lon="7.211593"><ele>1848</ele></trkpt><trkpt lat="44.141470" lon="7.211715"><ele>1848</ele></trkpt><trkpt lat="44.141476" lon="7.211890"><ele>1848</ele></trkpt><trkpt lat="44.141573" lon="7.212044"><ele>1846</ele></trkpt><trkpt lat="44.141630" lon="7.212042"><ele>1845</ele></trkpt><trkpt lat="44.141670" lon="7.212085"><ele>1844</ele></trkpt><trkpt lat="44.141670" lon="7.212085"><ele>1844</ele></trkpt><trkpt lat="44.141625" lon="7.212153"><ele>1845</ele></trkpt><trkpt lat="44.141599" lon="7.212229"><ele>1846</ele></trkpt><trkpt lat="44.141594" lon="7.212287"><ele>1846</ele></trkpt><trkpt lat="44.141599" lon="7.212330"><ele>1846</ele></trkpt><trkpt lat="44.141611" lon="7.212384"><ele>1846</ele></trkpt><trkpt lat="44.141661" lon="7.212514"><ele>1845</ele></trkpt><trkpt lat="44.141703" lon="7.212606"><ele>1845</ele></trkpt><trkpt lat="44.141741" lon="7.212689"><ele>1845</ele></trkpt><trkpt lat="44.141764" lon="7.212743"><ele>1844</ele></trkpt><trkpt lat="44.141785" lon="7.212804"><ele>1844</ele></trkpt><trkpt lat="44.141793" lon="7.212855"><ele>1845</ele></trkpt><trkpt lat="44.141802" lon="7.212928"><ele>1845</ele></trkpt><trkpt lat="44.141802" lon="7.212928"><ele>1845</ele></trkpt><trkpt lat="44.141800" lon="7.213124"><ele>1845</ele></trkpt><trkpt lat="44.141804" lon="7.213254"><ele>1845</ele></trkpt><trkpt lat="44.141805" lon="7.213374"><ele>1846</ele></trkpt><trkpt lat="44.141798" lon="7.213521"><ele>1846</ele></trkpt><trkpt lat="44.141784" lon="7.213660"><ele>1846</ele></trkpt><trkpt lat="44.141764" lon="7.213770"><ele>1846</ele></trkpt><trkpt lat="44.141729" lon="7.214008"><ele>1846</ele></trkpt><trkpt lat="44.141624" lon="7.214251"><ele>1846</ele></trkpt><trkpt lat="44.141542" lon="7.214393"><ele>1846</ele></trkpt><trkpt lat="44.141434" lon="7.214639"><ele>1846</ele></trkpt><trkpt lat="44.141348" lon="7.214877"><ele>1846</ele></trkpt><trkpt lat="44.141360" lon="7.215034"><ele>1847</ele></trkpt><trkpt lat="44.141370" lon="7.215280"><ele>1848</ele></trkpt><trkpt lat="44.141368" lon="7.215359"><ele>1849</ele></trkpt><trkpt lat="44.141361" lon="7.215419"><ele>1849</ele></trkpt><trkpt lat="44.141374" lon="7.215486"><ele>1849</ele></trkpt><trkpt lat="44.141393" lon="7.215574"><ele>1850</ele></trkpt><trkpt lat="44.141435" lon="7.215653"><ele>1851</ele></trkpt><trkpt lat="44.141467" lon="7.215720"><ele>1852</ele></trkpt><trkpt lat="44.141487" lon="7.215773"><ele>1852</ele></trkpt><trkpt lat="44.141399" lon="7.215884"><ele>1853</ele></trkpt><trkpt lat="44.141384" lon="7.216058"><ele>1854</ele></trkpt><trkpt lat="44.141411" lon="7.216278"><ele>1857</ele></trkpt><trkpt lat="44.141337" lon="7.216512"><ele>1858</ele></trkpt><trkpt lat="44.141242" lon="7.216800"><ele>1861</ele></trkpt><trkpt lat="44.141177" lon="7.216946"><ele>1862</ele></trkpt><trkpt lat="44.141098" lon="7.216985"><ele>1863</ele></trkpt><trkpt lat="44.141098" lon="7.216985"><ele>1863</ele></trkpt><trkpt lat="44.141105" lon="7.217095"><ele>1864</ele></trkpt><trkpt lat="44.141118" lon="7.217233"><ele>1866</ele></trkpt><trkpt lat="44.141120" lon="7.217432"><ele>1868</ele></trkpt><trkpt lat="44.141113" lon="7.217544"><ele>1868</ele></trkpt><trkpt lat="44.141094" lon="7.217626"><ele>1869</ele></trkpt><trkpt lat="44.141072" lon="7.217685"><ele>1870</ele></trkpt><trkpt lat="44.141050" lon="7.217790"><ele>1871</ele></trkpt><trkpt lat="44.141030" lon="7.217912"><ele>1872</ele></trkpt><trkpt lat="44.141021" lon="7.218117"><ele>1874</ele></trkpt><trkpt lat="44.141012" lon="7.218277"><ele>1875</ele></trkpt><trkpt lat="44.140985" lon="7.218400"><ele>1876</ele></trkpt><trkpt lat="44.140861" lon="7.218860"><ele>1879</ele></trkpt><trkpt lat="44.140748" lon="7.219231"><ele>1881</ele></trkpt><trkpt lat="44.140642" lon="7.219635"><ele>1883</ele></trkpt><trkpt lat="44.140547" lon="7.219951"><ele>1886</ele></trkpt><trkpt lat="44.140538" lon="7.220169"><ele>1887</ele></trkpt><trkpt lat="44.140520" lon="7.220511"><ele>1889</ele></trkpt><trkpt lat="44.140557" lon="7.220770"><ele>1890</ele></trkpt><trkpt lat="44.140570" lon="7.220965"><ele>1892</ele></trkpt><trkpt lat="44.140475" lon="7.221251"><ele>1897</ele></trkpt><trkpt lat="44.140422" lon="7.221384"><ele>1900</ele></trkpt><trkpt lat="44.140283" lon="7.221742"><ele>1905</ele></trkpt><trkpt lat="44.140194" lon="7.221975"><ele>1906</ele></trkpt><trkpt lat="44.140118" lon="7.222162"><ele>1908</ele></trkpt><trkpt lat="44.140102" lon="7.222422"><ele>1909</ele></trkpt><trkpt lat="44.140153" lon="7.222682"><ele>1909</ele></trkpt><trkpt lat="44.140235" lon="7.222893"><ele>1909</ele></trkpt><trkpt lat="44.140341" lon="7.223128"><ele>1909</ele></trkpt><trkpt lat="44.140575" lon="7.223461"><ele>1910</ele></trkpt><trkpt lat="44.140693" lon="7.223632"><ele>1911</ele></trkpt><trkpt lat="44.140792" lon="7.223811"><ele>1912</ele></trkpt><trkpt lat="44.140912" lon="7.224090"><ele>1913</ele></trkpt><trkpt lat="44.140954" lon="7.224196"><ele>1913</ele></trkpt><trkpt lat="44.140980" lon="7.224295"><ele>1913</ele></trkpt><trkpt lat="44.140996" lon="7.224373"><ele>1913</ele></trkpt><trkpt lat="44.141002" lon="7.224445"><ele>1913</ele></trkpt><trkpt lat="44.140998" lon="7.224514"><ele>1913</ele></trkpt><trkpt lat="44.140992" lon="7.224575"><ele>1914</ele></trkpt><trkpt lat="44.140974" lon="7.224663"><ele>1914</ele></trkpt><trkpt lat="44.140954" lon="7.224754"><ele>1915</ele></trkpt><trkpt lat="44.140845" lon="7.225102"><ele>1917</ele></trkpt><trkpt lat="44.140693" lon="7.225655"><ele>1924</ele></trkpt><trkpt lat="44.140674" lon="7.225875"><ele>1926</ele></trkpt><trkpt lat="44.140715" lon="7.226754"><ele>1933</ele></trkpt><trkpt lat="44.140679" lon="7.227051"><ele>1936</ele></trkpt><trkpt lat="44.140659" lon="7.227274"><ele>1938</ele></trkpt><trkpt lat="44.140611" lon="7.227636"><ele>1940</ele></trkpt><trkpt lat="44.140596" lon="7.227885"><ele>1942</ele></trkpt><trkpt lat="44.140619" lon="7.228003"><ele>1942</ele></trkpt><trkpt lat="44.140886" lon="7.228828"><ele>1947</ele></trkpt><trkpt lat="44.140978" lon="7.229152"><ele>1949</ele></trkpt><trkpt lat="44.141039" lon="7.229241"><ele>1949</ele></trkpt><trkpt lat="44.141125" lon="7.229286"><ele>1949</ele></trkpt><trkpt lat="44.141190" lon="7.229340"><ele>1949</ele></trkpt><trkpt lat="44.141211" lon="7.229423"><ele>1950</ele></trkpt><trkpt lat="44.141187" lon="7.229491"><ele>1951</ele></trkpt><trkpt lat="44.141142" lon="7.229526"><ele>1951</ele></trkpt><trkpt lat="44.141142" lon="7.229526"><ele>1951</ele></trkpt><trkpt lat="44.141177" lon="7.229707"><ele>1952</ele></trkpt><trkpt lat="44.141223" lon="7.229911"><ele>1954</ele></trkpt><trkpt lat="44.141245" lon="7.229985"><ele>1955</ele></trkpt><trkpt lat="44.141261" lon="7.230066"><ele>1955</ele></trkpt><trkpt lat="44.141261" lon="7.230066"><ele>1955</ele></trkpt><trkpt lat="44.141294" lon="7.230154"><ele>1956</ele></trkpt><trkpt lat="44.141290" lon="7.230215"><ele>1957</ele></trkpt><trkpt lat="44.141287" lon="7.230305"><ele>1957</ele></trkpt><trkpt lat="44.141287" lon="7.230377"><ele>1958</ele></trkpt><trkpt lat="44.141287" lon="7.230436"><ele>1958</ele></trkpt><trkpt lat="44.141281" lon="7.230491"><ele>1959</ele></trkpt><trkpt lat="44.141265" lon="7.230550"><ele>1960</ele></trkpt><trkpt lat="44.141231" lon="7.230621"><ele>1961</ele></trkpt><trkpt lat="44.141179" lon="7.230686"><ele>1962</ele></trkpt><trkpt lat="44.141082" lon="7.230848"><ele>1964</ele></trkpt><trkpt lat="44.141016" lon="7.230902"><ele>1964</ele></trkpt><trkpt lat="44.140961" lon="7.230963"><ele>1965</ele></trkpt><trkpt lat="44.140894" lon="7.231052"><ele>1966</ele></trkpt><trkpt lat="44.140852" lon="7.231122"><ele>1967</ele></trkpt><trkpt lat="44.140785" lon="7.231215"><ele>1968</ele></trkpt><trkpt lat="44.140668" lon="7.231286"><ele>1969</ele></trkpt><trkpt lat="44.140596" lon="7.231311"><ele>1969</ele></trkpt><trkpt lat="44.140558" lon="7.231368"><ele>1970</ele></trkpt><trkpt lat="44.140497" lon="7.231404"><ele>1971</ele></trkpt><trkpt lat="44.140408" lon="7.231479"><ele>1972</ele></trkpt><trkpt lat="44.140381" lon="7.231519"><ele>1972</ele></trkpt><trkpt lat="44.140325" lon="7.231599"><ele>1973</ele></trkpt><trkpt lat="44.140250" lon="7.231691"><ele>1975</ele></trkpt><trkpt lat="44.140203" lon="7.231752"><ele>1975</ele></trkpt><trkpt lat="44.140119" lon="7.231846"><ele>1977</ele></trkpt><trkpt lat="44.140014" lon="7.231993"><ele>1978</ele></trkpt><trkpt lat="44.139955" lon="7.232031"><ele>1979</ele></trkpt><trkpt lat="44.139875" lon="7.232166"><ele>1980</ele></trkpt><trkpt lat="44.139786" lon="7.232221"><ele>1981</ele></trkpt><trkpt lat="44.139769" lon="7.232272"><ele>1982</ele></trkpt><trkpt lat="44.139689" lon="7.232356"><ele>1983</ele></trkpt><trkpt lat="44.139622" lon="7.232437"><ele>1984</ele></trkpt><trkpt lat="44.139509" lon="7.232553"><ele>1987</ele></trkpt><trkpt lat="44.139432" lon="7.232678"><ele>1988</ele></trkpt><trkpt lat="44.139375" lon="7.232779"><ele>1990</ele></trkpt><trkpt lat="44.139305" lon="7.232840"><ele>1991</ele></trkpt><trkpt lat="44.139213" lon="7.232880"><ele>1993</ele></trkpt><trkpt lat="44.139130" lon="7.232925"><ele>1995</ele></trkpt><trkpt lat="44.139004" lon="7.232948"><ele>1998</ele></trkpt><trkpt lat="44.138913" lon="7.232949"><ele>2001</ele></trkpt><trkpt lat="44.138832" lon="7.232930"><ele>2004</ele></trkpt><trkpt lat="44.138832" lon="7.232930"><ele>2004</ele></trkpt><trkpt lat="44.138788" lon="7.233244"><ele>2004</ele></trkpt><trkpt lat="44.138785" lon="7.233506"><ele>2004</ele></trkpt><trkpt lat="44.138785" lon="7.233506"><ele>2004</ele></trkpt><trkpt lat="44.138732" lon="7.233612"><ele>2006</ele></trkpt><trkpt lat="44.138705" lon="7.233790"><ele>2007</ele></trkpt><trkpt lat="44.138615" lon="7.234193"><ele>2011</ele></trkpt><trkpt lat="44.138534" lon="7.234401"><ele>2014</ele></trkpt><trkpt lat="44.138489" lon="7.234560"><ele>2017</ele></trkpt><trkpt lat="44.138400" lon="7.234856"><ele>2022</ele></trkpt><trkpt lat="44.138318" lon="7.235108"><ele>2027</ele></trkpt><trkpt lat="44.138233" lon="7.235231"><ele>2029</ele></trkpt><trkpt lat="44.138138" lon="7.235297"><ele>2030</ele></trkpt><trkpt lat="44.137878" lon="7.235555"><ele>2033</ele></trkpt><trkpt lat="44.137820" lon="7.235659"><ele>2034</ele></trkpt><trkpt lat="44.137799" lon="7.235729"><ele>2034</ele></trkpt><trkpt lat="44.137799" lon="7.235729"><ele>2034</ele></trkpt><trkpt lat="44.137622" lon="7.235576"><ele>2029</ele></trkpt></trkseg>
<trkseg><trkpt lat="44.068021" lon="7.201278"><ele>1300</ele></trkpt><trkpt lat="44.067911" lon="7.201262"><ele>1299</ele></trkpt><trkpt lat="44.067853" lon="7.201253"><ele>1298</ele></trkpt><trkpt lat="44.067531" lon="7.201197"><ele>1293</ele></trkpt><trkpt lat="44.067397" lon="7.201167"><ele>1292</ele></trkpt><trkpt lat="44.067336" lon="7.201154"><ele>1291</ele></trkpt><trkpt lat="44.067224" lon="7.201138"><ele>1290</ele></trkpt><trkpt lat="44.067063" lon="7.201056"><ele>1288</ele></trkpt><trkpt lat="44.066864" lon="7.201001"><ele>1286</ele></trkpt><trkpt lat="44.066743" lon="7.201008"><ele>1284</ele></trkpt><trkpt lat="44.066694" lon="7.201011"><ele>1284</ele></trkpt></trkseg>
<extensions><osmand:color>#C8322B</osmand:color></extensions></trk>
<trk><name>ROUTE 2 of 4 · Days 2-3 · Le Boréon → Trécolpas → Pas des Ladres · ALWAYS ON</name>
<trkseg><trkpt lat="44.128095" lon="7.253514"><ele>1781</ele></trkpt><trkpt lat="44.128204" lon="7.253287"><ele>1785</ele></trkpt><trkpt lat="44.128377" lon="7.253030"><ele>1788</ele></trkpt><trkpt lat="44.128442" lon="7.252925"><ele>1790</ele></trkpt><trkpt lat="44.128481" lon="7.252754"><ele>1791</ele></trkpt><trkpt lat="44.128502" lon="7.252338"><ele>1792</ele></trkpt><trkpt lat="44.128541" lon="7.252239"><ele>1793</ele></trkpt><trkpt lat="44.128583" lon="7.252243"><ele>1795</ele></trkpt><trkpt lat="44.128612" lon="7.252263"><ele>1796</ele></trkpt><trkpt lat="44.128628" lon="7.252372"><ele>1797</ele></trkpt><trkpt lat="44.128645" lon="7.252576"><ele>1798</ele></trkpt><trkpt lat="44.128645" lon="7.252576"><ele>1798</ele></trkpt><trkpt lat="44.128678" lon="7.252595"><ele>1799</ele></trkpt><trkpt lat="44.128720" lon="7.252585"><ele>1800</ele></trkpt><trkpt lat="44.128755" lon="7.252481"><ele>1801</ele></trkpt><trkpt lat="44.128769" lon="7.252279"><ele>1800</ele></trkpt><trkpt lat="44.128802" lon="7.252208"><ele>1801</ele></trkpt><trkpt lat="44.128855" lon="7.252035"><ele>1802</ele></trkpt><trkpt lat="44.128997" lon="7.251847"><ele>1806</ele></trkpt><trkpt lat="44.129177" lon="7.251634"><ele>1811</ele></trkpt><trkpt lat="44.129254" lon="7.251349"><ele>1815</ele></trkpt><trkpt lat="44.129351" lon="7.251053"><ele>1819</ele></trkpt><trkpt lat="44.129657" lon="7.250423"><ele>1829</ele></trkpt><trkpt lat="44.129821" lon="7.249967"><ele>1833</ele></trkpt><trkpt lat="44.130117" lon="7.249714"><ele>1840</ele></trkpt><trkpt lat="44.130117" lon="7.249714"><ele>1840</ele></trkpt><trkpt lat="44.130229" lon="7.249295"><ele>1842</ele></trkpt><trkpt lat="44.130260" lon="7.249246"><ele>1843</ele></trkpt><trkpt lat="44.130312" lon="7.249263"><ele>1844</ele></trkpt><trkpt lat="44.130312" lon="7.249263"><ele>1844</ele></trkpt><trkpt lat="44.130507" lon="7.249121"><ele>1848</ele></trkpt><trkpt lat="44.130671" lon="7.248938"><ele>1851</ele></trkpt><trkpt lat="44.130766" lon="7.248694"><ele>1854</ele></trkpt><trkpt lat="44.130846" lon="7.248455"><ele>1856</ele></trkpt><trkpt lat="44.130865" lon="7.248329"><ele>1856</ele></trkpt><trkpt lat="44.130950" lon="7.248182"><ele>1857</ele></trkpt><trkpt lat="44.131022" lon="7.248001"><ele>1858</ele></trkpt><trkpt lat="44.131156" lon="7.247816"><ele>1861</ele></trkpt><trkpt lat="44.131305" lon="7.247591"><ele>1866</ele></trkpt><trkpt lat="44.131521" lon="7.247341"><ele>1871</ele></trkpt><trkpt lat="44.131683" lon="7.247162"><ele>1875</ele></trkpt><trkpt lat="44.131901" lon="7.246978"><ele>1883</ele></trkpt><trkpt lat="44.132024" lon="7.246803"><ele>1885</ele></trkpt><trkpt lat="44.132146" lon="7.246598"><ele>1886</ele></trkpt><trkpt lat="44.132304" lon="7.246419"><ele>1887</ele></trkpt><trkpt lat="44.132436" lon="7.246227"><ele>1888</ele></trkpt><trkpt lat="44.132570" lon="7.245965"><ele>1890</ele></trkpt><trkpt lat="44.132619" lon="7.245762"><ele>1891</ele></trkpt><trkpt lat="44.132765" lon="7.245505"><ele>1893</ele></trkpt><trkpt lat="44.132782" lon="7.245449"><ele>1893</ele></trkpt><trkpt lat="44.132853" lon="7.244934"><ele>1896</ele></trkpt><trkpt lat="44.132920" lon="7.244663"><ele>1897</ele></trkpt><trkpt lat="44.133010" lon="7.244447"><ele>1899</ele></trkpt><trkpt lat="44.133102" lon="7.244213"><ele>1902</ele></trkpt><trkpt lat="44.133466" lon="7.243097"><ele>1910</ele></trkpt><trkpt lat="44.133718" lon="7.242719"><ele>1914</ele></trkpt><trkpt lat="44.134137" lon="7.242281"><ele>1924</ele></trkpt><trkpt lat="44.134439" lon="7.241955"><ele>1931</ele></trkpt><trkpt lat="44.134545" lon="7.241768"><ele>1932</ele></trkpt><trkpt lat="44.134585" lon="7.241695"><ele>1932</ele></trkpt><trkpt lat="44.134609" lon="7.241641"><ele>1932</ele></trkpt><trkpt lat="44.134631" lon="7.241584"><ele>1931</ele></trkpt><trkpt lat="44.134659" lon="7.241504"><ele>1930</ele></trkpt><trkpt lat="44.134690" lon="7.241434"><ele>1929</ele></trkpt><trkpt lat="44.134722" lon="7.241363"><ele>1930</ele></trkpt><trkpt lat="44.134746" lon="7.241310"><ele>1931</ele></trkpt><trkpt lat="44.134759" lon="7.241256"><ele>1932</ele></trkpt><trkpt lat="44.134778" lon="7.241166"><ele>1934</ele></trkpt><trkpt lat="44.134779" lon="7.241125"><ele>1934</ele></trkpt><trkpt lat="44.134777" lon="7.241096"><ele>1934</ele></trkpt><trkpt lat="44.134771" lon="7.241024"><ele>1935</ele></trkpt><trkpt lat="44.134736" lon="7.240651"><ele>1937</ele></trkpt><trkpt lat="44.134737" lon="7.240566"><ele>1938</ele></trkpt><trkpt lat="44.134740" lon="7.240480"><ele>1939</ele></trkpt><trkpt lat="44.134744" lon="7.240406"><ele>1940</ele></trkpt><trkpt lat="44.134764" lon="7.240275"><ele>1941</ele></trkpt><trkpt lat="44.134770" lon="7.240218"><ele>1942</ele></trkpt><trkpt lat="44.134772" lon="7.240142"><ele>1943</ele></trkpt><trkpt lat="44.134767" lon="7.240065"><ele>1943</ele></trkpt><trkpt lat="44.134760" lon="7.240011"><ele>1943</ele></trkpt><trkpt lat="44.134742" lon="7.239887"><ele>1943</ele></trkpt><trkpt lat="44.134718" lon="7.239786"><ele>1943</ele></trkpt><trkpt lat="44.134714" lon="7.239746"><ele>1944</ele></trkpt><trkpt lat="44.134710" lon="7.239723"><ele>1944</ele></trkpt><trkpt lat="44.134704" lon="7.239699"><ele>1944</ele></trkpt><trkpt lat="44.134710" lon="7.239669"><ele>1945</ele></trkpt><trkpt lat="44.134719" lon="7.239609"><ele>1946</ele></trkpt><trkpt lat="44.134752" lon="7.239511"><ele>1947</ele></trkpt><trkpt lat="44.134775" lon="7.239458"><ele>1948</ele></trkpt><trkpt lat="44.134833" lon="7.239353"><ele>1948</ele></trkpt><trkpt lat="44.134855" lon="7.239343"><ele>1948</ele></trkpt><trkpt lat="44.134855" lon="7.239343"><ele>1948</ele></trkpt><trkpt lat="44.134862" lon="7.239317"><ele>1948</ele></trkpt><trkpt lat="44.134884" lon="7.239287"><ele>1949</ele></trkpt><trkpt lat="44.134900" lon="7.239255"><ele>1949</ele></trkpt><trkpt lat="44.134936" lon="7.239116"><ele>1950</ele></trkpt><trkpt lat="44.134968" lon="7.239053"><ele>1951</ele></trkpt><trkpt lat="44.134999" lon="7.239012"><ele>1951</ele></trkpt><trkpt lat="44.135100" lon="7.238878"><ele>1954</ele></trkpt><trkpt lat="44.135111" lon="7.238850"><ele>1954</ele></trkpt><trkpt lat="44.135121" lon="7.238815"><ele>1954</ele></trkpt><trkpt lat="44.135211" lon="7.238549"><ele>1957</ele></trkpt><trkpt lat="44.135245" lon="7.238481"><ele>1958</ele></trkpt><trkpt lat="44.135307" lon="7.238378"><ele>1961</ele></trkpt><trkpt lat="44.135403" lon="7.238236"><ele>1964</ele></trkpt><trkpt lat="44.135546" lon="7.237976"><ele>1969</ele></trkpt><trkpt lat="44.135566" lon="7.237903"><ele>1970</ele></trkpt><trkpt lat="44.135579" lon="7.237817"><ele>1970</ele></trkpt><trkpt lat="44.135579" lon="7.237731"><ele>1971</ele></trkpt><trkpt lat="44.135581" lon="7.237635"><ele>1971</ele></trkpt><trkpt lat="44.135595" lon="7.237530"><ele>1971</ele></trkpt><trkpt lat="44.136047" lon="7.236078"><ele>1987</ele></trkpt><trkpt lat="44.136083" lon="7.236038"><ele>1988</ele></trkpt><trkpt lat="44.136420" lon="7.235665"><ele>1995</ele></trkpt><trkpt lat="44.136464" lon="7.235574"><ele>1996</ele></trkpt><trkpt lat="44.136663" lon="7.235235"><ele>2002</ele></trkpt><trkpt lat="44.136688" lon="7.235110"><ele>2003</ele></trkpt><trkpt lat="44.136674" lon="7.235010"><ele>2004</ele></trkpt><trkpt lat="44.136655" lon="7.234861"><ele>2005</ele></trkpt><trkpt lat="44.136604" lon="7.234506"><ele>2008</ele></trkpt><trkpt lat="44.136478" lon="7.234119"><ele>2012</ele></trkpt><trkpt lat="44.136488" lon="7.233930"><ele>2014</ele></trkpt><trkpt lat="44.136453" lon="7.233714"><ele>2017</ele></trkpt><trkpt lat="44.136574" lon="7.233570"><ele>2021</ele></trkpt><trkpt lat="44.136583" lon="7.233529"><ele>2022</ele></trkpt><trkpt lat="44.136658" lon="7.233481"><ele>2024</ele></trkpt><trkpt lat="44.136682" lon="7.233439"><ele>2025</ele></trkpt><trkpt lat="44.136682" lon="7.233439"><ele>2025</ele></trkpt><trkpt lat="44.136674" lon="7.233386"><ele>2026</ele></trkpt><trkpt lat="44.136674" lon="7.233386"><ele>2026</ele></trkpt><trkpt lat="44.136722" lon="7.233343"><ele>2028</ele></trkpt><trkpt lat="44.136780" lon="7.233323"><ele>2029</ele></trkpt><trkpt lat="44.137008" lon="7.233409"><ele>2028</ele></trkpt><trkpt lat="44.137359" lon="7.233623"><ele>2026</ele></trkpt><trkpt lat="44.137408" lon="7.233812"><ele>2024</ele></trkpt><trkpt lat="44.137337" lon="7.234240"><ele>2019</ele></trkpt><trkpt lat="44.137422" lon="7.234413"><ele>2019</ele></trkpt><trkpt lat="44.137573" lon="7.234601"><ele>2022</ele></trkpt><trkpt lat="44.137574" lon="7.234885"><ele>2022</ele></trkpt><trkpt lat="44.137566" lon="7.235084"><ele>2023</ele></trkpt><trkpt lat="44.137550" lon="7.235244"><ele>2024</ele></trkpt><trkpt lat="44.137540" lon="7.235405"><ele>2026</ele></trkpt><trkpt lat="44.137575" lon="7.235517"><ele>2028</ele></trkpt><trkpt lat="44.137622" lon="7.235576"><ele>2029</ele></trkpt><trkpt lat="44.137622" lon="7.235576"><ele>2029</ele></trkpt><trkpt lat="44.137799" lon="7.235729"><ele>2034</ele></trkpt></trkseg>
<trkseg><trkpt lat="44.128095" lon="7.253514"><ele>1781</ele></trkpt><trkpt lat="44.127889" lon="7.253672"><ele>1775</ele></trkpt><trkpt lat="44.127740" lon="7.254083"><ele>1771</ele></trkpt><trkpt lat="44.127623" lon="7.254260"><ele>1768</ele></trkpt><trkpt lat="44.127542" lon="7.254477"><ele>1767</ele></trkpt><trkpt lat="44.127498" lon="7.254466"><ele>1766</ele></trkpt><trkpt lat="44.127241" lon="7.254465"><ele>1763</ele></trkpt><trkpt lat="44.127194" lon="7.254521"><ele>1763</ele></trkpt><trkpt lat="44.127120" lon="7.254830"><ele>1761</ele></trkpt><trkpt lat="44.127183" lon="7.254971"><ele>1761</ele></trkpt><trkpt lat="44.127176" lon="7.255405"><ele>1756</ele></trkpt><trkpt lat="44.127150" lon="7.255633"><ele>1750</ele></trkpt><trkpt lat="44.127090" lon="7.255748"><ele>1746</ele></trkpt><trkpt lat="44.127089" lon="7.255935"><ele>1742</ele></trkpt><trkpt lat="44.127062" lon="7.256081"><ele>1738</ele></trkpt><trkpt lat="44.126870" lon="7.257022"><ele>1730</ele></trkpt><trkpt lat="44.126701" lon="7.257406"><ele>1731</ele></trkpt><trkpt lat="44.126456" lon="7.257678"><ele>1733</ele></trkpt><trkpt lat="44.126202" lon="7.257784"><ele>1733</ele></trkpt><trkpt lat="44.126131" lon="7.257904"><ele>1733</ele></trkpt><trkpt lat="44.126090" lon="7.258025"><ele>1733</ele></trkpt><trkpt lat="44.126136" lon="7.258418"><ele>1732</ele></trkpt><trkpt lat="44.126273" lon="7.259017"><ele>1721</ele></trkpt><trkpt lat="44.126314" lon="7.259240"><ele>1716</ele></trkpt><trkpt lat="44.126285" lon="7.259544"><ele>1706</ele></trkpt><trkpt lat="44.126218" lon="7.259772"><ele>1699</ele></trkpt><trkpt lat="44.126154" lon="7.259967"><ele>1695</ele></trkpt><trkpt lat="44.126121" lon="7.259928"><ele>1695</ele></trkpt><trkpt lat="44.126121" lon="7.259928"><ele>1695</ele></trkpt><trkpt lat="44.126054" lon="7.259856"><ele>1697</ele></trkpt><trkpt lat="44.126054" lon="7.259856"><ele>1697</ele></trkpt><trkpt lat="44.126006" lon="7.259823"><ele>1699</ele></trkpt><trkpt lat="44.126006" lon="7.259823"><ele>1699</ele></trkpt><trkpt lat="44.125954" lon="7.259903"><ele>1700</ele></trkpt><trkpt lat="44.125927" lon="7.260008"><ele>1697</ele></trkpt><trkpt lat="44.125821" lon="7.260171"><ele>1695</ele></trkpt><trkpt lat="44.125787" lon="7.260627"><ele>1688</ele></trkpt><trkpt lat="44.125787" lon="7.260627"><ele>1688</ele></trkpt><trkpt lat="44.125726" lon="7.260899"><ele>1685</ele></trkpt><trkpt lat="44.125687" lon="7.261289"><ele>1682</ele></trkpt><trkpt lat="44.125618" lon="7.261503"><ele>1682</ele></trkpt><trkpt lat="44.125536" lon="7.261705"><ele>1682</ele></trkpt><trkpt lat="44.125576" lon="7.262091"><ele>1678</ele></trkpt><trkpt lat="44.125558" lon="7.262360"><ele>1676</ele></trkpt><trkpt lat="44.125529" lon="7.262565"><ele>1676</ele></trkpt><trkpt lat="44.125509" lon="7.262805"><ele>1675</ele></trkpt><trkpt lat="44.125411" lon="7.263212"><ele>1669</ele></trkpt><trkpt lat="44.125392" lon="7.263344"><ele>1667</ele></trkpt><trkpt lat="44.125399" lon="7.263373"><ele>1666</ele></trkpt><trkpt lat="44.125399" lon="7.263418"><ele>1666</ele></trkpt><trkpt lat="44.125387" lon="7.263454"><ele>1666</ele></trkpt><trkpt lat="44.125366" lon="7.263495"><ele>1666</ele></trkpt><trkpt lat="44.125350" lon="7.263542"><ele>1666</ele></trkpt><trkpt lat="44.125289" lon="7.263633"><ele>1666</ele></trkpt><trkpt lat="44.125247" lon="7.263735"><ele>1665</ele></trkpt><trkpt lat="44.125045" lon="7.264396"><ele>1662</ele></trkpt><trkpt lat="44.124933" lon="7.264466"><ele>1663</ele></trkpt><trkpt lat="44.124936" lon="7.264714"><ele>1660</ele></trkpt><trkpt lat="44.124815" lon="7.265124"><ele>1658</ele></trkpt><trkpt lat="44.124693" lon="7.265418"><ele>1651</ele></trkpt><trkpt lat="44.124532" lon="7.265701"><ele>1646</ele></trkpt><trkpt lat="44.124402" lon="7.265986"><ele>1643</ele></trkpt><trkpt lat="44.124292" lon="7.266282"><ele>1638</ele></trkpt><trkpt lat="44.124149" lon="7.266653"><ele>1629</ele></trkpt><trkpt lat="44.124022" lon="7.266905"><ele>1623</ele></trkpt><trkpt lat="44.123821" lon="7.267075"><ele>1623</ele></trkpt><trkpt lat="44.123735" lon="7.267343"><ele>1619</ele></trkpt><trkpt lat="44.123672" lon="7.267424"><ele>1618</ele></trkpt><trkpt lat="44.123604" lon="7.267448"><ele>1619</ele></trkpt><trkpt lat="44.123514" lon="7.267538"><ele>1620</ele></trkpt><trkpt lat="44.123395" lon="7.267716"><ele>1619</ele></trkpt><trkpt lat="44.123268" lon="7.267789"><ele>1621</ele></trkpt><trkpt lat="44.123064" lon="7.268193"><ele>1619</ele></trkpt><trkpt lat="44.122987" lon="7.268455"><ele>1614</ele></trkpt><trkpt lat="44.123059" lon="7.268700"><ele>1615</ele></trkpt><trkpt lat="44.123013" lon="7.268892"><ele>1614</ele></trkpt><trkpt lat="44.122866" lon="7.269208"><ele>1612</ele></trkpt><trkpt lat="44.122639" lon="7.269608"><ele>1609</ele></trkpt><trkpt lat="44.122488" lon="7.269807"><ele>1609</ele></trkpt><trkpt lat="44.122382" lon="7.269947"><ele>1609</ele></trkpt><trkpt lat="44.122016" lon="7.270360"><ele>1601</ele></trkpt><trkpt lat="44.122016" lon="7.270360"><ele>1601</ele></trkpt><trkpt lat="44.121926" lon="7.270463"><ele>1598</ele></trkpt><trkpt lat="44.121926" lon="7.270463"><ele>1598</ele></trkpt><trkpt lat="44.122100" lon="7.270659"><ele>1596</ele></trkpt><trkpt lat="44.122100" lon="7.270659"><ele>1596</ele></trkpt><trkpt lat="44.122152" lon="7.270776"><ele>1598</ele></trkpt><trkpt lat="44.122152" lon="7.270776"><ele>1598</ele></trkpt><trkpt lat="44.122205" lon="7.270842"><ele>1600</ele></trkpt><trkpt lat="44.122205" lon="7.270842"><ele>1600</ele></trkpt><trkpt lat="44.122140" lon="7.271440"><ele>1601</ele></trkpt><trkpt lat="44.122140" lon="7.271440"><ele>1601</ele></trkpt><trkpt lat="44.122004" lon="7.271577"><ele>1599</ele></trkpt><trkpt lat="44.121879" lon="7.271751"><ele>1595</ele></trkpt><trkpt lat="44.121798" lon="7.271813"><ele>1593</ele></trkpt><trkpt lat="44.121744" lon="7.271847"><ele>1591</ele></trkpt><trkpt lat="44.121667" lon="7.271895"><ele>1589</ele></trkpt><trkpt lat="44.121489" lon="7.272024"><ele>1585</ele></trkpt><trkpt lat="44.121283" lon="7.272210"><ele>1581</ele></trkpt><trkpt lat="44.121106" lon="7.272459"><ele>1579</ele></trkpt><trkpt lat="44.120925" lon="7.272787"><ele>1585</ele></trkpt><trkpt lat="44.120739" lon="7.273083"><ele>1594</ele></trkpt><trkpt lat="44.120628" lon="7.273252"><ele>1596</ele></trkpt><trkpt lat="44.120556" lon="7.273339"><ele>1592</ele></trkpt><trkpt lat="44.120448" lon="7.273478"><ele>1584</ele></trkpt><trkpt lat="44.120272" lon="7.273740"><ele>1573</ele></trkpt><trkpt lat="44.120102" lon="7.273944"><ele>1568</ele></trkpt><trkpt lat="44.120012" lon="7.274056"><ele>1568</ele></trkpt><trkpt lat="44.119966" lon="7.274123"><ele>1568</ele></trkpt><trkpt lat="44.119947" lon="7.274179"><ele>1568</ele></trkpt><trkpt lat="44.119942" lon="7.274230"><ele>1569</ele></trkpt><trkpt lat="44.119955" lon="7.274419"><ele>1574</ele></trkpt><trkpt lat="44.119956" lon="7.274516"><ele>1576</ele></trkpt><trkpt lat="44.119951" lon="7.274603"><ele>1578</ele></trkpt><trkpt lat="44.119930" lon="7.274743"><ele>1579</ele></trkpt><trkpt lat="44.119906" lon="7.274839"><ele>1580</ele></trkpt><trkpt lat="44.119884" lon="7.274904"><ele>1580</ele></trkpt><trkpt lat="44.119858" lon="7.274953"><ele>1580</ele></trkpt><trkpt lat="44.119830" lon="7.274980"><ele>1579</ele></trkpt><trkpt lat="44.119796" lon="7.274998"><ele>1578</ele></trkpt><trkpt lat="44.119756" lon="7.275012"><ele>1576</ele></trkpt><trkpt lat="44.119558" lon="7.275064"><ele>1568</ele></trkpt><trkpt lat="44.119419" lon="7.275123"><ele>1563</ele></trkpt><trkpt lat="44.119357" lon="7.275161"><ele>1562</ele></trkpt><trkpt lat="44.119331" lon="7.275187"><ele>1562</ele></trkpt><trkpt lat="44.119308" lon="7.275221"><ele>1562</ele></trkpt><trkpt lat="44.119296" lon="7.275251"><ele>1562</ele></trkpt><trkpt lat="44.119285" lon="7.275300"><ele>1563</ele></trkpt><trkpt lat="44.119280" lon="7.275344"><ele>1565</ele></trkpt><trkpt lat="44.119282" lon="7.275376"><ele>1566</ele></trkpt><trkpt lat="44.119289" lon="7.275411"><ele>1567</ele></trkpt><trkpt lat="44.119339" lon="7.275566"><ele>1573</ele></trkpt><trkpt lat="44.119392" lon="7.275744"><ele>1579</ele></trkpt><trkpt lat="44.119404" lon="7.275800"><ele>1580</ele></trkpt><trkpt lat="44.119404" lon="7.275836"><ele>1581</ele></trkpt><trkpt lat="44.119399" lon="7.275870"><ele>1582</ele></trkpt><trkpt lat="44.119388" lon="7.275912"><ele>1582</ele></trkpt><trkpt lat="44.119368" lon="7.275963"><ele>1582</ele></trkpt><trkpt lat="44.119347" lon="7.276004"><ele>1582</ele></trkpt><trkpt lat="44.119331" lon="7.276028"><ele>1582</ele></trkpt><trkpt lat="44.119312" lon="7.276045"><ele>1582</ele></trkpt><trkpt lat="44.119286" lon="7.276058"><ele>1581</ele></trkpt><trkpt lat="44.119169" lon="7.276083"><ele>1576</ele></trkpt><trkpt lat="44.119022" lon="7.276119"><ele>1569</ele></trkpt><trkpt lat="44.118909" lon="7.276143"><ele>1564</ele></trkpt><trkpt lat="44.118858" lon="7.276166"><ele>1561</ele></trkpt><trkpt lat="44.118824" lon="7.276192"><ele>1560</ele></trkpt><trkpt lat="44.118803" lon="7.276219"><ele>1560</ele></trkpt><trkpt lat="44.118788" lon="7.276258"><ele>1559</ele></trkpt><trkpt lat="44.118781" lon="7.276295"><ele>1560</ele></trkpt><trkpt lat="44.118776" lon="7.276332"><ele>1560</ele></trkpt><trkpt lat="44.118776" lon="7.276402"><ele>1562</ele></trkpt><trkpt lat="44.118772" lon="7.276464"><ele>1563</ele></trkpt><trkpt lat="44.118762" lon="7.276524"><ele>1564</ele></trkpt><trkpt lat="44.118747" lon="7.276580"><ele>1564</ele></trkpt><trkpt lat="44.118724" lon="7.276629"><ele>1564</ele></trkpt><trkpt lat="44.118706" lon="7.276656"><ele>1564</ele></trkpt><trkpt lat="44.118681" lon="7.276675"><ele>1563</ele></trkpt><trkpt lat="44.118629" lon="7.276707"><ele>1560</ele></trkpt><trkpt lat="44.118573" lon="7.276753"><ele>1558</ele></trkpt><trkpt lat="44.118529" lon="7.276799"><ele>1556</ele></trkpt><trkpt lat="44.118462" lon="7.276879"><ele>1554</ele></trkpt><trkpt lat="44.118380" lon="7.276987"><ele>1552</ele></trkpt><trkpt lat="44.118258" lon="7.277183"><ele>1550</ele></trkpt><trkpt lat="44.118091" lon="7.277294"><ele>1543</ele></trkpt><trkpt lat="44.117970" lon="7.277429"><ele>1540</ele></trkpt><trkpt lat="44.117897" lon="7.277541"><ele>1539</ele></trkpt><trkpt lat="44.117817" lon="7.277672"><ele>1539</ele></trkpt><trkpt lat="44.117679" lon="7.277866"><ele>1537</ele></trkpt><trkpt lat="44.117583" lon="7.278014"><ele>1536</ele></trkpt><trkpt lat="44.117532" lon="7.278092"><ele>1535</ele></trkpt><trkpt lat="44.117497" lon="7.278130"><ele>1535</ele></trkpt><trkpt lat="44.117466" lon="7.278153"><ele>1533</ele></trkpt><trkpt lat="44.117423" lon="7.278165"><ele>1531</ele></trkpt><trkpt lat="44.117359" lon="7.278179"><ele>1527</ele></trkpt><trkpt lat="44.117315" lon="7.278203"><ele>1526</ele></trkpt><trkpt lat="44.117271" lon="7.278244"><ele>1525</ele></trkpt><trkpt lat="44.117236" lon="7.278288"><ele>1525</ele></trkpt><trkpt lat="44.117208" lon="7.278334"><ele>1526</ele></trkpt><trkpt lat="44.117171" lon="7.278407"><ele>1527</ele></trkpt><trkpt lat="44.117137" lon="7.278485"><ele>1529</ele></trkpt><trkpt lat="44.117107" lon="7.278589"><ele>1533</ele></trkpt><trkpt lat="44.117094" lon="7.278679"><ele>1537</ele></trkpt><trkpt lat="44.117088" lon="7.278746"><ele>1540</ele></trkpt><trkpt lat="44.117083" lon="7.278789"><ele>1542</ele></trkpt><trkpt lat="44.117065" lon="7.278837"><ele>1543</ele></trkpt><trkpt lat="44.117049" lon="7.278863"><ele>1544</ele></trkpt><trkpt lat="44.117033" lon="7.278886"><ele>1544</ele></trkpt><trkpt lat="44.116998" lon="7.278912"><ele>1543</ele></trkpt><trkpt lat="44.116961" lon="7.278931"><ele>1542</ele></trkpt><trkpt lat="44.116910" lon="7.278941"><ele>1540</ele></trkpt><trkpt lat="44.116793" lon="7.278948"><ele>1534</ele></trkpt><trkpt lat="44.116726" lon="7.278958"><ele>1531</ele></trkpt><trkpt lat="44.116667" lon="7.278985"><ele>1529</ele></trkpt><trkpt lat="44.116621" lon="7.279025"><ele>1528</ele></trkpt><trkpt lat="44.116562" lon="7.279103"><ele>1529</ele></trkpt><trkpt lat="44.116508" lon="7.279161"><ele>1528</ele></trkpt><trkpt lat="44.116479" lon="7.279183"><ele>1527</ele></trkpt><trkpt lat="44.116357" lon="7.279276"><ele>1524</ele></trkpt><trkpt lat="44.116232" lon="7.279371"><ele>1521</ele></trkpt><trkpt lat="44.116178" lon="7.279440"><ele>1520</ele></trkpt><trkpt lat="44.116108" lon="7.279567"><ele>1521</ele></trkpt><trkpt lat="44.116025" lon="7.279720"><ele>1521</ele></trkpt><trkpt lat="44.115942" lon="7.279840"><ele>1519</ele></trkpt><trkpt lat="44.115836" lon="7.279941"><ele>1516</ele></trkpt><trkpt lat="44.115783" lon="7.279992"><ele>1514</ele></trkpt><trkpt lat="44.115748" lon="7.280037"><ele>1513</ele></trkpt><trkpt lat="44.115727" lon="7.280080"><ele>1513</ele></trkpt><trkpt lat="44.115706" lon="7.280131"><ele>1513</ele></trkpt><trkpt lat="44.115692" lon="7.280196"><ele>1514</ele></trkpt><trkpt lat="44.115690" lon="7.280262"><ele>1515</ele></trkpt><trkpt lat="44.115691" lon="7.280361"><ele>1518</ele></trkpt><trkpt lat="44.115699" lon="7.280836"><ele>1527</ele></trkpt><trkpt lat="44.115711" lon="7.280954"><ele>1529</ele></trkpt><trkpt lat="44.115731" lon="7.281035"><ele>1531</ele></trkpt><trkpt lat="44.115762" lon="7.281136"><ele>1534</ele></trkpt><trkpt lat="44.115777" lon="7.281295"><ele>1537</ele></trkpt><trkpt lat="44.115788" lon="7.281448"><ele>1539</ele></trkpt><trkpt lat="44.115804" lon="7.281725"><ele>1541</ele></trkpt><trkpt lat="44.115806" lon="7.281860"><ele>1542</ele></trkpt><trkpt lat="44.115807" lon="7.281949"><ele>1542</ele></trkpt><trkpt lat="44.115807" lon="7.282006"><ele>1541</ele></trkpt><trkpt lat="44.115800" lon="7.282072"><ele>1539</ele></trkpt><trkpt lat="44.115778" lon="7.282161"><ele>1536</ele></trkpt><trkpt lat="44.115748" lon="7.282270"><ele>1531</ele></trkpt><trkpt lat="44.115732" lon="7.282350"><ele>1527</ele></trkpt><trkpt lat="44.115728" lon="7.282443"><ele>1525</ele></trkpt><trkpt lat="44.115747" lon="7.282563"><ele>1525</ele></trkpt><trkpt lat="44.115767" lon="7.282666"><ele>1527</ele></trkpt><trkpt lat="44.115770" lon="7.282768"><ele>1527</ele></trkpt><trkpt lat="44.115765" lon="7.282805"><ele>1527</ele></trkpt><trkpt lat="44.115765" lon="7.282805"><ele>1527</ele></trkpt><trkpt lat="44.115717" lon="7.282948"><ele>1529</ele></trkpt><trkpt lat="44.115717" lon="7.282948"><ele>1529</ele></trkpt><trkpt lat="44.115662" lon="7.283040"><ele>1531</ele></trkpt><trkpt lat="44.115586" lon="7.283131"><ele>1532</ele></trkpt><trkpt lat="44.115521" lon="7.283237"><ele>1532</ele></trkpt><trkpt lat="44.115482" lon="7.283328"><ele>1532</ele></trkpt><trkpt lat="44.115422" lon="7.283552"><ele>1533</ele></trkpt><trkpt lat="44.115398" lon="7.283667"><ele>1533</ele></trkpt><trkpt lat="44.115291" lon="7.284070"><ele>1534</ele></trkpt><trkpt lat="44.115169" lon="7.284551"><ele>1537</ele></trkpt><trkpt lat="44.115083" lon="7.284781"><ele>1536</ele></trkpt><trkpt lat="44.114931" lon="7.285118"><ele>1532</ele></trkpt><trkpt lat="44.114881" lon="7.285226"><ele>1530</ele></trkpt><trkpt lat="44.114846" lon="7.285326"><ele>1529</ele></trkpt><trkpt lat="44.114817" lon="7.285450"><ele>1529</ele></trkpt><trkpt lat="44.114798" lon="7.285545"><ele>1529</ele></trkpt><trkpt lat="44.114769" lon="7.285688"><ele>1529</ele></trkpt><trkpt lat="44.114721" lon="7.285904"><ele>1528</ele></trkpt><trkpt lat="44.114687" lon="7.286041"><ele>1528</ele></trkpt><trkpt lat="44.114660" lon="7.286130"><ele>1527</ele></trkpt><trkpt lat="44.114574" lon="7.286325"><ele>1524</ele></trkpt><trkpt lat="44.114410" lon="7.286646"><ele>1517</ele></trkpt><trkpt lat="44.114410" lon="7.286646"><ele>1517</ele></trkpt><trkpt lat="44.114445" lon="7.286691"><ele>1520</ele></trkpt><trkpt lat="44.114377" lon="7.287013"><ele>1519</ele></trkpt><trkpt lat="44.114422" lon="7.287654"><ele>1526</ele></trkpt><trkpt lat="44.114472" lon="7.287993"><ele>1531</ele></trkpt><trkpt lat="44.114536" lon="7.288221"><ele>1536</ele></trkpt><trkpt lat="44.114594" lon="7.288231"><ele>1539</ele></trkpt><trkpt lat="44.114594" lon="7.288231"><ele>1539</ele></trkpt><trkpt lat="44.114711" lon="7.288381"><ele>1545</ele></trkpt><trkpt lat="44.114764" lon="7.288514"><ele>1548</ele></trkpt><trkpt lat="44.114804" lon="7.288573"><ele>1551</ele></trkpt><trkpt lat="44.114829" lon="7.288659"><ele>1552</ele></trkpt><trkpt lat="44.114930" lon="7.288892"><ele>1558</ele></trkpt><trkpt lat="44.115014" lon="7.288897"><ele>1562</ele></trkpt><trkpt lat="44.115079" lon="7.288965"><ele>1566</ele></trkpt><trkpt lat="44.115079" lon="7.288965"><ele>1566</ele></trkpt><trkpt lat="44.115112" lon="7.289116"><ele>1568</ele></trkpt><trkpt lat="44.115153" lon="7.289232"><ele>1570</ele></trkpt><trkpt lat="44.115213" lon="7.289336"><ele>1574</ele></trkpt><trkpt lat="44.115305" lon="7.289603"><ele>1579</ele></trkpt><trkpt lat="44.115445" lon="7.289764"><ele>1586</ele></trkpt><trkpt lat="44.115493" lon="7.289962"><ele>1587</ele></trkpt><trkpt lat="44.115530" lon="7.290077"><ele>1589</ele></trkpt><trkpt lat="44.115604" lon="7.290172"><ele>1591</ele></trkpt><trkpt lat="44.115642" lon="7.290217"><ele>1593</ele></trkpt><trkpt lat="44.115681" lon="7.290225"><ele>1594</ele></trkpt><trkpt lat="44.115766" lon="7.290131"><ele>1598</ele></trkpt><trkpt lat="44.115766" lon="7.290131"><ele>1598</ele></trkpt><trkpt lat="44.115811" lon="7.290288"><ele>1598</ele></trkpt><trkpt lat="44.115859" lon="7.290377"><ele>1600</ele></trkpt><trkpt lat="44.115919" lon="7.290418"><ele>1601</ele></trkpt><trkpt lat="44.115973" lon="7.290445"><ele>1603</ele></trkpt><trkpt lat="44.116000" lon="7.290478"><ele>1603</ele></trkpt><trkpt lat="44.116000" lon="7.290478"><ele>1603</ele></trkpt><trkpt lat="44.116362" lon="7.290931"><ele>1616</ele></trkpt><trkpt lat="44.116413" lon="7.291303"><ele>1619</ele></trkpt><trkpt lat="44.116429" lon="7.291796"><ele>1624</ele></trkpt><trkpt lat="44.116465" lon="7.292034"><ele>1626</ele></trkpt><trkpt lat="44.116523" lon="7.292174"><ele>1631</ele></trkpt><trkpt lat="44.116631" lon="7.292292"><ele>1641</ele></trkpt><trkpt lat="44.116662" lon="7.292279"><ele>1643</ele></trkpt><trkpt lat="44.116662" lon="7.292279"><ele>1643</ele></trkpt><trkpt lat="44.116696" lon="7.292103"><ele>1644</ele></trkpt><trkpt lat="44.116791" lon="7.292085"><ele>1652</ele></trkpt><trkpt lat="44.116812" lon="7.291930"><ele>1651</ele></trkpt><trkpt lat="44.116870" lon="7.291806"><ele>1655</ele></trkpt><trkpt lat="44.116946" lon="7.291896"><ele>1662</ele></trkpt><trkpt lat="44.117011" lon="7.291978"><ele>1668</ele></trkpt><trkpt lat="44.117070" lon="7.292022"><ele>1674</ele></trkpt><trkpt lat="44.117098" lon="7.291939"><ele>1675</ele></trkpt><trkpt lat="44.117151" lon="7.292053"><ele>1680</ele></trkpt><trkpt lat="44.117181" lon="7.292140"><ele>1684</ele></trkpt><trkpt lat="44.117270" lon="7.292345"><ele>1693</ele></trkpt><trkpt lat="44.117370" lon="7.292508"><ele>1700</ele></trkpt><trkpt lat="44.117421" lon="7.292510"><ele>1704</ele></trkpt><trkpt lat="44.117464" lon="7.292609"><ele>1704</ele></trkpt><trkpt lat="44.117528" lon="7.292692"><ele>1707</ele></trkpt><trkpt lat="44.117606" lon="7.292855"><ele>1706</ele></trkpt><trkpt lat="44.117671" lon="7.292952"><ele>1708</ele></trkpt><trkpt lat="44.117789" lon="7.292929"><ele>1719</ele></trkpt><trkpt lat="44.117984" lon="7.293173"><ele>1729</ele></trkpt><trkpt lat="44.118071" lon="7.293420"><ele>1728</ele></trkpt><trkpt lat="44.118169" lon="7.293511"><ele>1729</ele></trkpt><trkpt lat="44.118273" lon="7.293814"><ele>1733</ele></trkpt><trkpt lat="44.118343" lon="7.293912"><ele>1737</ele></trkpt><trkpt lat="44.118509" lon="7.293920"><ele>1740</ele></trkpt><trkpt lat="44.118585" lon="7.293861"><ele>1744</ele></trkpt><trkpt lat="44.118674" lon="7.293861"><ele>1747</ele></trkpt><trkpt lat="44.118806" lon="7.293913"><ele>1751</ele></trkpt><trkpt lat="44.118896" lon="7.294067"><ele>1751</ele></trkpt><trkpt lat="44.119010" lon="7.294123"><ele>1752</ele></trkpt><trkpt lat="44.119104" lon="7.294191"><ele>1753</ele></trkpt><trkpt lat="44.119199" lon="7.294269"><ele>1757</ele></trkpt><trkpt lat="44.119338" lon="7.294284"><ele>1765</ele></trkpt><trkpt lat="44.119428" lon="7.294377"><ele>1768</ele></trkpt><trkpt lat="44.119488" lon="7.294366"><ele>1772</ele></trkpt><trkpt lat="44.119488" lon="7.294366"><ele>1772</ele></trkpt><trkpt lat="44.119360" lon="7.294538"><ele>1762</ele></trkpt><trkpt lat="44.119267" lon="7.294720"><ele>1764</ele></trkpt><trkpt lat="44.119011" lon="7.295119"><ele>1763</ele></trkpt><trkpt lat="44.118717" lon="7.295411"><ele>1761</ele></trkpt><trkpt lat="44.118752" lon="7.295655"><ele>1767</ele></trkpt><trkpt lat="44.118835" lon="7.295849"><ele>1772</ele></trkpt><trkpt lat="44.118859" lon="7.296005"><ele>1776</ele></trkpt><trkpt lat="44.118773" lon="7.296129"><ele>1777</ele></trkpt><trkpt lat="44.118576" lon="7.296173"><ele>1776</ele></trkpt><trkpt lat="44.118394" lon="7.296178"><ele>1774</ele></trkpt><trkpt lat="44.118100" lon="7.296003"><ele>1766</ele></trkpt><trkpt lat="44.117025" lon="7.296665"><ele>1766</ele></trkpt><trkpt lat="44.116831" lon="7.296755"><ele>1765</ele></trkpt><trkpt lat="44.116603" lon="7.296885"><ele>1763</ele></trkpt><trkpt lat="44.116220" lon="7.296896"><ele>1753</ele></trkpt><trkpt lat="44.115949" lon="7.297581"><ele>1756</ele></trkpt><trkpt lat="44.115856" lon="7.298153"><ele>1762</ele></trkpt><trkpt lat="44.115854" lon="7.298483"><ele>1769</ele></trkpt><trkpt lat="44.115728" lon="7.298677"><ele>1762</ele></trkpt><trkpt lat="44.115605" lon="7.298997"><ele>1761</ele></trkpt><trkpt lat="44.115589" lon="7.299223"><ele>1767</ele></trkpt><trkpt lat="44.115474" lon="7.299461"><ele>1764</ele></trkpt><trkpt lat="44.115420" lon="7.299675"><ele>1765</ele></trkpt><trkpt lat="44.115171" lon="7.300095"><ele>1754</ele></trkpt><trkpt lat="44.115134" lon="7.300368"><ele>1756</ele></trkpt><trkpt lat="44.114978" lon="7.300355"><ele>1741</ele></trkpt><trkpt lat="44.114917" lon="7.300485"><ele>1739</ele></trkpt><trkpt lat="44.114562" lon="7.301311"><ele>1728</ele></trkpt><trkpt lat="44.114451" lon="7.301885"><ele>1731</ele></trkpt><trkpt lat="44.114467" lon="7.302073"><ele>1736</ele></trkpt><trkpt lat="44.114424" lon="7.302168"><ele>1735</ele></trkpt><trkpt lat="44.114077" lon="7.302155"><ele>1711</ele></trkpt><trkpt lat="44.113696" lon="7.303168"><ele>1708</ele></trkpt><trkpt lat="44.113330" lon="7.303899"><ele>1696</ele></trkpt><trkpt lat="44.113175" lon="7.304260"><ele>1692</ele></trkpt><trkpt lat="44.112980" lon="7.304570"><ele>1686</ele></trkpt><trkpt lat="44.112801" lon="7.305089"><ele>1687</ele></trkpt><trkpt lat="44.112472" lon="7.305234"><ele>1675</ele></trkpt><trkpt lat="44.112472" lon="7.305234"><ele>1675</ele></trkpt><trkpt lat="44.112377" lon="7.305264"><ele>1672</ele></trkpt><trkpt lat="44.112338" lon="7.305387"><ele>1673</ele></trkpt><trkpt lat="44.112204" lon="7.305974"><ele>1670</ele></trkpt><trkpt lat="44.112188" lon="7.306129"><ele>1670</ele></trkpt><trkpt lat="44.112265" lon="7.306190"><ele>1673</ele></trkpt><trkpt lat="44.112330" lon="7.306325"><ele>1677</ele></trkpt><trkpt lat="44.112303" lon="7.306410"><ele>1676</ele></trkpt><trkpt lat="44.112206" lon="7.306475"><ele>1671</ele></trkpt><trkpt lat="44.112046" lon="7.306745"><ele>1664</ele></trkpt><trkpt lat="44.112154" lon="7.307003"><ele>1672</ele></trkpt><trkpt lat="44.112150" lon="7.307688"><ele>1681</ele></trkpt><trkpt lat="44.111948" lon="7.308014"><ele>1676</ele></trkpt><trkpt lat="44.111842" lon="7.308248"><ele>1673</ele></trkpt><trkpt lat="44.111544" lon="7.308682"><ele>1657</ele></trkpt><trkpt lat="44.111413" lon="7.308969"><ele>1649</ele></trkpt><trkpt lat="44.111326" lon="7.309292"><ele>1645</ele></trkpt><trkpt lat="44.111172" lon="7.309681"><ele>1639</ele></trkpt><trkpt lat="44.111186" lon="7.309852"><ele>1642</ele></trkpt><trkpt lat="44.111123" lon="7.310306"><ele>1647</ele></trkpt><trkpt lat="44.111128" lon="7.310983"><ele>1660</ele></trkpt><trkpt lat="44.111067" lon="7.311332"><ele>1662</ele></trkpt><trkpt lat="44.111054" lon="7.311808"><ele>1663</ele></trkpt><trkpt lat="44.110968" lon="7.312079"><ele>1661</ele></trkpt><trkpt lat="44.110894" lon="7.312430"><ele>1662</ele></trkpt><trkpt lat="44.110704" lon="7.312954"><ele>1664</ele></trkpt><trkpt lat="44.110504" lon="7.313076"><ele>1659</ele></trkpt><trkpt lat="44.110244" lon="7.313125"><ele>1654</ele></trkpt><trkpt lat="44.110174" lon="7.313460"><ele>1656</ele></trkpt><trkpt lat="44.110138" lon="7.313648"><ele>1658</ele></trkpt><trkpt lat="44.109975" lon="7.314207"><ele>1674</ele></trkpt><trkpt lat="44.109887" lon="7.314415"><ele>1680</ele></trkpt><trkpt lat="44.109726" lon="7.314703"><ele>1688</ele></trkpt><trkpt lat="44.109673" lon="7.314729"><ele>1689</ele></trkpt><trkpt lat="44.109673" lon="7.314729"><ele>1689</ele></trkpt><trkpt lat="44.109608" lon="7.314752"><ele>1689</ele></trkpt><trkpt lat="44.109546" lon="7.314771"><ele>1688</ele></trkpt><trkpt lat="44.109330" lon="7.314839"><ele>1688</ele></trkpt><trkpt lat="44.109210" lon="7.314872"><ele>1686</ele></trkpt><trkpt lat="44.109123" lon="7.314836"><ele>1684</ele></trkpt><trkpt lat="44.109079" lon="7.314754"><ele>1682</ele></trkpt><trkpt lat="44.109079" lon="7.314754"><ele>1682</ele></trkpt><trkpt lat="44.109007" lon="7.314588"><ele>1683</ele></trkpt><trkpt lat="44.109007" lon="7.314588"><ele>1683</ele></trkpt><trkpt lat="44.108991" lon="7.314477"><ele>1684</ele></trkpt><trkpt lat="44.108991" lon="7.314477"><ele>1684</ele></trkpt><trkpt lat="44.109052" lon="7.314344"><ele>1684</ele></trkpt><trkpt lat="44.109052" lon="7.314344"><ele>1684</ele></trkpt><trkpt lat="44.109048" lon="7.314262"><ele>1684</ele></trkpt><trkpt lat="44.109000" lon="7.314279"><ele>1685</ele></trkpt><trkpt lat="44.109004" lon="7.314226"><ele>1684</ele></trkpt><trkpt lat="44.109022" lon="7.314150"><ele>1683</ele></trkpt><trkpt lat="44.109010" lon="7.314078"><ele>1683</ele></trkpt><trkpt lat="44.108969" lon="7.314147"><ele>1685</ele></trkpt><trkpt lat="44.108966" lon="7.314006"><ele>1684</ele></trkpt><trkpt lat="44.108908" lon="7.313948"><ele>1685</ele></trkpt><trkpt lat="44.108852" lon="7.314133"><ele>1688</ele></trkpt><trkpt lat="44.108830" lon="7.314089"><ele>1688</ele></trkpt><trkpt lat="44.108801" lon="7.314104"><ele>1689</ele></trkpt><trkpt lat="44.108786" lon="7.314018"><ele>1689</ele></trkpt><trkpt lat="44.108757" lon="7.313954"><ele>1689</ele></trkpt><trkpt lat="44.108737" lon="7.314002"><ele>1690</ele></trkpt><trkpt lat="44.108754" lon="7.314047"><ele>1690</ele></trkpt><trkpt lat="44.108673" lon="7.314044"><ele>1691</ele></trkpt><trkpt lat="44.108628" lon="7.314029"><ele>1692</ele></trkpt><trkpt lat="44.108595" lon="7.314086"><ele>1693</ele></trkpt><trkpt lat="44.108629" lon="7.314169"><ele>1692</ele></trkpt><trkpt lat="44.108602" lon="7.314271"><ele>1693</ele></trkpt><trkpt lat="44.108561" lon="7.314287"><ele>1694</ele></trkpt><trkpt lat="44.108525" lon="7.314377"><ele>1695</ele></trkpt><trkpt lat="44.108539" lon="7.314412"><ele>1695</ele></trkpt><trkpt lat="44.108440" lon="7.314461"><ele>1698</ele></trkpt><trkpt lat="44.108400" lon="7.314519"><ele>1699</ele></trkpt><trkpt lat="44.108382" lon="7.314573"><ele>1700</ele></trkpt><trkpt lat="44.108325" lon="7.314575"><ele>1701</ele></trkpt><trkpt lat="44.108250" lon="7.314635"><ele>1702</ele></trkpt><trkpt lat="44.108212" lon="7.314762"><ele>1703</ele></trkpt><trkpt lat="44.108128" lon="7.314894"><ele>1704</ele></trkpt><trkpt lat="44.108067" lon="7.314839"><ele>1706</ele></trkpt><trkpt lat="44.108055" lon="7.314794"><ele>1706</ele></trkpt><trkpt lat="44.107999" lon="7.314762"><ele>1707</ele></trkpt><trkpt lat="44.107999" lon="7.314762"><ele>1707</ele></trkpt><trkpt lat="44.108011" lon="7.314927"><ele>1707</ele></trkpt><trkpt lat="44.107992" lon="7.315118"><ele>1708</ele></trkpt><trkpt lat="44.108001" lon="7.315272"><ele>1709</ele></trkpt><trkpt lat="44.108002" lon="7.315424"><ele>1711</ele></trkpt><trkpt lat="44.107980" lon="7.315650"><ele>1715</ele></trkpt><trkpt lat="44.108126" lon="7.316033"><ele>1718</ele></trkpt><trkpt lat="44.108277" lon="7.316193"><ele>1716</ele></trkpt><trkpt lat="44.108382" lon="7.316443"><ele>1716</ele></trkpt><trkpt lat="44.108477" lon="7.317038"><ele>1720</ele></trkpt><trkpt lat="44.108361" lon="7.317591"><ele>1733</ele></trkpt><trkpt lat="44.108314" lon="7.317806"><ele>1737</ele></trkpt><trkpt lat="44.108357" lon="7.318198"><ele>1741</ele></trkpt><trkpt lat="44.108342" lon="7.318441"><ele>1745</ele></trkpt><trkpt lat="44.108298" lon="7.318554"><ele>1748</ele></trkpt><trkpt lat="44.108355" lon="7.318693"><ele>1750</ele></trkpt><trkpt lat="44.108477" lon="7.318847"><ele>1752</ele></trkpt><trkpt lat="44.108646" lon="7.319003"><ele>1754</ele></trkpt><trkpt lat="44.108820" lon="7.318874"><ele>1749</ele></trkpt><trkpt lat="44.109013" lon="7.318924"><ele>1749</ele></trkpt><trkpt lat="44.109250" lon="7.318872"><ele>1746</ele></trkpt><trkpt lat="44.109462" lon="7.318878"><ele>1744</ele></trkpt><trkpt lat="44.109668" lon="7.319485"><ele>1753</ele></trkpt><trkpt lat="44.110010" lon="7.319722"><ele>1754</ele></trkpt><trkpt lat="44.110136" lon="7.319934"><ele>1758</ele></trkpt><trkpt lat="44.110289" lon="7.320035"><ele>1759</ele></trkpt><trkpt lat="44.110428" lon="7.320120"><ele>1761</ele></trkpt><trkpt lat="44.110627" lon="7.320228"><ele>1764</ele></trkpt><trkpt lat="44.110860" lon="7.320247"><ele>1765</ele></trkpt><trkpt lat="44.111174" lon="7.320172"><ele>1767</ele></trkpt><trkpt lat="44.111249" lon="7.320296"><ele>1769</ele></trkpt><trkpt lat="44.111281" lon="7.320466"><ele>1770</ele></trkpt><trkpt lat="44.111321" lon="7.320590"><ele>1771</ele></trkpt><trkpt lat="44.111333" lon="7.320648"><ele>1771</ele></trkpt><trkpt lat="44.111333" lon="7.320648"><ele>1771</ele></trkpt><trkpt lat="44.111388" lon="7.320707"><ele>1772</ele></trkpt><trkpt lat="44.111388" lon="7.320707"><ele>1772</ele></trkpt><trkpt lat="44.111510" lon="7.320737"><ele>1773</ele></trkpt><trkpt lat="44.111689" lon="7.320702"><ele>1774</ele></trkpt><trkpt lat="44.111853" lon="7.320847"><ele>1778</ele></trkpt><trkpt lat="44.112063" lon="7.321070"><ele>1786</ele></trkpt><trkpt lat="44.112052" lon="7.321163"><ele>1788</ele></trkpt><trkpt lat="44.112059" lon="7.321256"><ele>1790</ele></trkpt><trkpt lat="44.112119" lon="7.321287"><ele>1792</ele></trkpt><trkpt lat="44.112136" lon="7.321461"><ele>1796</ele></trkpt><trkpt lat="44.112131" lon="7.321579"><ele>1799</ele></trkpt><trkpt lat="44.112135" lon="7.321720"><ele>1802</ele></trkpt><trkpt lat="44.112219" lon="7.321659"><ele>1804</ele></trkpt><trkpt lat="44.112293" lon="7.321823"><ele>1810</ele></trkpt><trkpt lat="44.112377" lon="7.321953"><ele>1816</ele></trkpt><trkpt lat="44.112479" lon="7.321988"><ele>1820</ele></trkpt><trkpt lat="44.112547" lon="7.321845"><ele>1820</ele></trkpt><trkpt lat="44.112587" lon="7.321782"><ele>1821</ele></trkpt><trkpt lat="44.112610" lon="7.321702"><ele>1820</ele></trkpt><trkpt lat="44.112723" lon="7.321622"><ele>1823</ele></trkpt><trkpt lat="44.112963" lon="7.321592"><ele>1830</ele></trkpt><trkpt lat="44.113214" lon="7.321636"><ele>1837</ele></trkpt><trkpt lat="44.113801" lon="7.322299"><ele>1850</ele></trkpt><trkpt lat="44.114057" lon="7.322771"><ele>1851</ele></trkpt><trkpt lat="44.114140" lon="7.323170"><ele>1852</ele></trkpt><trkpt lat="44.114172" lon="7.323187"><ele>1852</ele></trkpt><trkpt lat="44.114177" lon="7.323184"><ele>1852</ele></trkpt><trkpt lat="44.114177" lon="7.323184"><ele>1852</ele></trkpt><trkpt lat="44.114259" lon="7.323140"><ele>1851</ele></trkpt><trkpt lat="44.114259" lon="7.323140"><ele>1851</ele></trkpt><trkpt lat="44.114265" lon="7.323138"><ele>1851</ele></trkpt><trkpt lat="44.114332" lon="7.323159"><ele>1853</ele></trkpt><trkpt lat="44.114551" lon="7.323457"><ele>1858</ele></trkpt><trkpt lat="44.114551" lon="7.323457"><ele>1858</ele></trkpt><trkpt lat="44.114751" lon="7.323957"><ele>1861</ele></trkpt><trkpt lat="44.114951" lon="7.324232"><ele>1864</ele></trkpt><trkpt lat="44.115256" lon="7.324631"><ele>1868</ele></trkpt><trkpt lat="44.115477" lon="7.324819"><ele>1871</ele></trkpt><trkpt lat="44.115654" lon="7.325031"><ele>1872</ele></trkpt><trkpt lat="44.115836" lon="7.325114"><ele>1879</ele></trkpt><trkpt lat="44.116075" lon="7.325621"><ele>1883</ele></trkpt><trkpt lat="44.116059" lon="7.325864"><ele>1879</ele></trkpt><trkpt lat="44.116091" lon="7.325980"><ele>1879</ele></trkpt><trkpt lat="44.116274" lon="7.326217"><ele>1884</ele></trkpt><trkpt lat="44.116328" lon="7.326413"><ele>1883</ele></trkpt><trkpt lat="44.116513" lon="7.326514"><ele>1889</ele></trkpt><trkpt lat="44.116883" lon="7.327124"><ele>1890</ele></trkpt><trkpt lat="44.117096" lon="7.327426"><ele>1891</ele></trkpt><trkpt lat="44.117219" lon="7.327567"><ele>1892</ele></trkpt><trkpt lat="44.117245" lon="7.327761"><ele>1890</ele></trkpt><trkpt lat="44.117319" lon="7.327768"><ele>1892</ele></trkpt><trkpt lat="44.117397" lon="7.328013"><ele>1890</ele></trkpt><trkpt lat="44.117705" lon="7.328308"><ele>1894</ele></trkpt><trkpt lat="44.117843" lon="7.328458"><ele>1897</ele></trkpt><trkpt lat="44.117868" lon="7.328443"><ele>1897</ele></trkpt><trkpt lat="44.117888" lon="7.328452"><ele>1897</ele></trkpt><trkpt lat="44.117897" lon="7.328488"><ele>1897</ele></trkpt><trkpt lat="44.118242" lon="7.328726"><ele>1900</ele></trkpt><trkpt lat="44.118362" lon="7.328781"><ele>1899</ele></trkpt><trkpt lat="44.118382" lon="7.328813"><ele>1898</ele></trkpt><trkpt lat="44.118436" lon="7.328892"><ele>1899</ele></trkpt><trkpt lat="44.118561" lon="7.328797"><ele>1902</ele></trkpt><trkpt lat="44.118927" lon="7.328972"><ele>1922</ele></trkpt><trkpt lat="44.118927" lon="7.328972"><ele>1922</ele></trkpt><trkpt lat="44.119157" lon="7.329186"><ele>1929</ele></trkpt><trkpt lat="44.119377" lon="7.329211"><ele>1930</ele></trkpt><trkpt lat="44.119685" lon="7.329806"><ele>1932</ele></trkpt><trkpt lat="44.119836" lon="7.329846"><ele>1934</ele></trkpt><trkpt lat="44.119877" lon="7.329999"><ele>1937</ele></trkpt><trkpt lat="44.120075" lon="7.330203"><ele>1943</ele></trkpt><trkpt lat="44.120112" lon="7.330334"><ele>1946</ele></trkpt><trkpt lat="44.120139" lon="7.330474"><ele>1949</ele></trkpt><trkpt lat="44.120139" lon="7.330474"><ele>1949</ele></trkpt><trkpt lat="44.120224" lon="7.330494"><ele>1951</ele></trkpt><trkpt lat="44.120315" lon="7.330466"><ele>1952</ele></trkpt><trkpt lat="44.120340" lon="7.330476"><ele>1953</ele></trkpt><trkpt lat="44.120339" lon="7.330527"><ele>1953</ele></trkpt><trkpt lat="44.120359" lon="7.330537"><ele>1954</ele></trkpt><trkpt lat="44.120369" lon="7.330577"><ele>1954</ele></trkpt><trkpt lat="44.120489" lon="7.330612"><ele>1957</ele></trkpt><trkpt lat="44.120504" lon="7.330613"><ele>1957</ele></trkpt><trkpt lat="44.120516" lon="7.330642"><ele>1958</ele></trkpt><trkpt lat="44.120565" lon="7.330625"><ele>1958</ele></trkpt><trkpt lat="44.120592" lon="7.330622"><ele>1959</ele></trkpt><trkpt lat="44.120613" lon="7.330605"><ele>1959</ele></trkpt><trkpt lat="44.120627" lon="7.330625"><ele>1959</ele></trkpt><trkpt lat="44.120632" lon="7.330675"><ele>1959</ele></trkpt><trkpt lat="44.120604" lon="7.330748"><ele>1959</ele></trkpt><trkpt lat="44.120706" lon="7.330763"><ele>1960</ele></trkpt><trkpt lat="44.120752" lon="7.330788"><ele>1961</ele></trkpt><trkpt lat="44.120852" lon="7.330784"><ele>1962</ele></trkpt><trkpt lat="44.120867" lon="7.330792"><ele>1962</ele></trkpt><trkpt lat="44.120810" lon="7.330870"><ele>1962</ele></trkpt><trkpt lat="44.120913" lon="7.330935"><ele>1962</ele></trkpt><trkpt lat="44.120935" lon="7.330920"><ele>1962</ele></trkpt><trkpt lat="44.120950" lon="7.330983"><ele>1962</ele></trkpt><trkpt lat="44.120970" lon="7.331080"><ele>1961</ele></trkpt><trkpt lat="44.121013" lon="7.331066"><ele>1961</ele></trkpt><trkpt lat="44.121205" lon="7.331021"><ele>1963</ele></trkpt><trkpt lat="44.121367" lon="7.330980"><ele>1966</ele></trkpt><trkpt lat="44.121455" lon="7.330835"><ele>1968</ele></trkpt><trkpt lat="44.121420" lon="7.330758"><ele>1968</ele></trkpt><trkpt lat="44.121426" lon="7.330700"><ele>1968</ele></trkpt><trkpt lat="44.121476" lon="7.330655"><ele>1970</ele></trkpt><trkpt lat="44.121508" lon="7.330673"><ele>1970</ele></trkpt><trkpt lat="44.121586" lon="7.330607"><ele>1972</ele></trkpt><trkpt lat="44.121599" lon="7.330562"><ele>1973</ele></trkpt><trkpt lat="44.121675" lon="7.330515"><ele>1974</ele></trkpt><trkpt lat="44.121933" lon="7.330516"><ele>1979</ele></trkpt><trkpt lat="44.122058" lon="7.330463"><ele>1982</ele></trkpt><trkpt lat="44.122108" lon="7.330427"><ele>1983</ele></trkpt><trkpt lat="44.122218" lon="7.330296"><ele>1985</ele></trkpt><trkpt lat="44.122282" lon="7.330284"><ele>1987</ele></trkpt><trkpt lat="44.122379" lon="7.330203"><ele>1989</ele></trkpt><trkpt lat="44.122447" lon="7.330039"><ele>1992</ele></trkpt><trkpt lat="44.122518" lon="7.330053"><ele>1994</ele></trkpt><trkpt lat="44.122549" lon="7.329986"><ele>1995</ele></trkpt><trkpt lat="44.122682" lon="7.329947"><ele>1998</ele></trkpt><trkpt lat="44.122777" lon="7.329981"><ele>2000</ele></trkpt><trkpt lat="44.123023" lon="7.330218"><ele>2001</ele></trkpt><trkpt lat="44.123390" lon="7.330121"><ele>2010</ele></trkpt><trkpt lat="44.123543" lon="7.329943"><ele>2018</ele></trkpt><trkpt lat="44.123677" lon="7.329894"><ele>2023</ele></trkpt><trkpt lat="44.123714" lon="7.329852"><ele>2026</ele></trkpt><trkpt lat="44.123796" lon="7.329803"><ele>2030</ele></trkpt><trkpt lat="44.123931" lon="7.329790"><ele>2035</ele></trkpt><trkpt lat="44.123922" lon="7.329652"><ele>2038</ele></trkpt><trkpt lat="44.123748" lon="7.329236"><ele>2044</ele></trkpt><trkpt lat="44.123774" lon="7.329128"><ele>2049</ele></trkpt><trkpt lat="44.123865" lon="7.329124"><ele>2052</ele></trkpt><trkpt lat="44.124032" lon="7.329134"><ele>2058</ele></trkpt><trkpt lat="44.124137" lon="7.329105"><ele>2063</ele></trkpt><trkpt lat="44.124182" lon="7.329056"><ele>2067</ele></trkpt><trkpt lat="44.124309" lon="7.329130"><ele>2068</ele></trkpt><trkpt lat="44.124356" lon="7.329262"><ele>2065</ele></trkpt><trkpt lat="44.124450" lon="7.329319"><ele>2066</ele></trkpt><trkpt lat="44.124612" lon="7.329488"><ele>2066</ele></trkpt><trkpt lat="44.124916" lon="7.329682"><ele>2070</ele></trkpt><trkpt lat="44.124995" lon="7.329849"><ele>2069</ele></trkpt><trkpt lat="44.125091" lon="7.330020"><ele>2070</ele></trkpt><trkpt lat="44.125193" lon="7.330293"><ele>2072</ele></trkpt><trkpt lat="44.125297" lon="7.330539"><ele>2074</ele></trkpt><trkpt lat="44.125267" lon="7.330709"><ele>2073</ele></trkpt><trkpt lat="44.125170" lon="7.330817"><ele>2070</ele></trkpt><trkpt lat="44.125109" lon="7.330988"><ele>2070</ele></trkpt><trkpt lat="44.125095" lon="7.331156"><ele>2072</ele></trkpt><trkpt lat="44.125078" lon="7.331278"><ele>2073</ele></trkpt><trkpt lat="44.125013" lon="7.331366"><ele>2072</ele></trkpt><trkpt lat="44.124981" lon="7.331449"><ele>2072</ele></trkpt><trkpt lat="44.124964" lon="7.331564"><ele>2074</ele></trkpt><trkpt lat="44.124991" lon="7.331673"><ele>2077</ele></trkpt><trkpt lat="44.125077" lon="7.331609"><ele>2079</ele></trkpt><trkpt lat="44.125207" lon="7.331698"><ele>2084</ele></trkpt><trkpt lat="44.125401" lon="7.331648"><ele>2090</ele></trkpt><trkpt lat="44.125463" lon="7.331557"><ele>2091</ele></trkpt><trkpt lat="44.125668" lon="7.331492"><ele>2096</ele></trkpt><trkpt lat="44.125751" lon="7.331563"><ele>2099</ele></trkpt><trkpt lat="44.125856" lon="7.331601"><ele>2102</ele></trkpt><trkpt lat="44.125909" lon="7.331572"><ele>2102</ele></trkpt><trkpt lat="44.125951" lon="7.331458"><ele>2103</ele></trkpt><trkpt lat="44.126075" lon="7.331383"><ele>2106</ele></trkpt><trkpt lat="44.126172" lon="7.331392"><ele>2108</ele></trkpt><trkpt lat="44.126313" lon="7.331426"><ele>2111</ele></trkpt><trkpt lat="44.126313" lon="7.331426"><ele>2111</ele></trkpt><trkpt lat="44.126325" lon="7.331571"><ele>2110</ele></trkpt><trkpt lat="44.126318" lon="7.331707"><ele>2108</ele></trkpt><trkpt lat="44.126241" lon="7.331979"><ele>2100</ele></trkpt><trkpt lat="44.126287" lon="7.332010"><ele>2103</ele></trkpt><trkpt lat="44.126287" lon="7.332010"><ele>2103</ele></trkpt><trkpt lat="44.126293" lon="7.332119"><ele>2106</ele></trkpt><trkpt lat="44.126293" lon="7.332119"><ele>2106</ele></trkpt><trkpt lat="44.126281" lon="7.332172"><ele>2107</ele></trkpt><trkpt lat="44.126190" lon="7.332223"><ele>2105</ele></trkpt><trkpt lat="44.125939" lon="7.332341"><ele>2097</ele></trkpt><trkpt lat="44.125893" lon="7.332372"><ele>2098</ele></trkpt><trkpt lat="44.125843" lon="7.332502"><ele>2100</ele></trkpt><trkpt lat="44.125815" lon="7.332823"><ele>2108</ele></trkpt><trkpt lat="44.125781" lon="7.332941"><ele>2109</ele></trkpt><trkpt lat="44.125721" lon="7.332991"><ele>2108</ele></trkpt><trkpt lat="44.125641" lon="7.333259"><ele>2107</ele></trkpt><trkpt lat="44.125650" lon="7.333409"><ele>2107</ele></trkpt><trkpt lat="44.125643" lon="7.333512"><ele>2107</ele></trkpt><trkpt lat="44.125659" lon="7.333587"><ele>2107</ele></trkpt><trkpt lat="44.125665" lon="7.333781"><ele>2108</ele></trkpt><trkpt lat="44.125643" lon="7.334069"><ele>2111</ele></trkpt><trkpt lat="44.125534" lon="7.334141"><ele>2110</ele></trkpt><trkpt lat="44.125399" lon="7.334358"><ele>2111</ele></trkpt><trkpt lat="44.125195" lon="7.334513"><ele>2108</ele></trkpt><trkpt lat="44.125050" lon="7.334608"><ele>2106</ele></trkpt><trkpt lat="44.124980" lon="7.334710"><ele>2106</ele></trkpt><trkpt lat="44.124799" lon="7.334798"><ele>2104</ele></trkpt><trkpt lat="44.124375" lon="7.334933"><ele>2096</ele></trkpt><trkpt lat="44.124136" lon="7.335153"><ele>2095</ele></trkpt><trkpt lat="44.123788" lon="7.335223"><ele>2089</ele></trkpt><trkpt lat="44.123546" lon="7.335192"><ele>2084</ele></trkpt><trkpt lat="44.123334" lon="7.335062"><ele>2077</ele></trkpt><trkpt lat="44.123256" lon="7.334979"><ele>2073</ele></trkpt><trkpt lat="44.123161" lon="7.335023"><ele>2075</ele></trkpt><trkpt lat="44.122937" lon="7.334798"><ele>2066</ele></trkpt><trkpt lat="44.122771" lon="7.334794"><ele>2065</ele></trkpt><trkpt lat="44.122728" lon="7.334868"><ele>2068</ele></trkpt><trkpt lat="44.122618" lon="7.334910"><ele>2069</ele></trkpt><trkpt lat="44.122478" lon="7.334963"><ele>2072</ele></trkpt><trkpt lat="44.122254" lon="7.334912"><ele>2070</ele></trkpt><trkpt lat="44.121941" lon="7.335049"><ele>2078</ele></trkpt><trkpt lat="44.121659" lon="7.335111"><ele>2084</ele></trkpt><trkpt lat="44.121323" lon="7.334990"><ele>2082</ele></trkpt><trkpt lat="44.121175" lon="7.334978"><ele>2084</ele></trkpt><trkpt lat="44.121052" lon="7.335005"><ele>2086</ele></trkpt><trkpt lat="44.120950" lon="7.334985"><ele>2086</ele></trkpt><trkpt lat="44.120670" lon="7.335057"><ele>2090</ele></trkpt><trkpt lat="44.120410" lon="7.335018"><ele>2087</ele></trkpt><trkpt lat="44.120172" lon="7.335061"><ele>2087</ele></trkpt><trkpt lat="44.120015" lon="7.335039"><ele>2085</ele></trkpt><trkpt lat="44.119757" lon="7.335020"><ele>2081</ele></trkpt><trkpt lat="44.119607" lon="7.335042"><ele>2081</ele></trkpt><trkpt lat="44.119479" lon="7.335052"><ele>2080</ele></trkpt><trkpt lat="44.119354" lon="7.335156"><ele>2082</ele></trkpt><trkpt lat="44.119231" lon="7.335316"><ele>2086</ele></trkpt><trkpt lat="44.119067" lon="7.335671"><ele>2097</ele></trkpt><trkpt lat="44.118868" lon="7.336155"><ele>2111</ele></trkpt><trkpt lat="44.118875" lon="7.336265"><ele>2115</ele></trkpt><trkpt lat="44.118644" lon="7.336848"><ele>2124</ele></trkpt><trkpt lat="44.118681" lon="7.336995"><ele>2129</ele></trkpt><trkpt lat="44.118436" lon="7.337283"><ele>2125</ele></trkpt><trkpt lat="44.118317" lon="7.337489"><ele>2125</ele></trkpt><trkpt lat="44.118263" lon="7.337561"><ele>2125</ele></trkpt><trkpt lat="44.118171" lon="7.337633"><ele>2124</ele></trkpt><trkpt lat="44.118057" lon="7.337803"><ele>2126</ele></trkpt><trkpt lat="44.117946" lon="7.337930"><ele>2126</ele></trkpt><trkpt lat="44.117900" lon="7.337968"><ele>2126</ele></trkpt><trkpt lat="44.117849" lon="7.337995"><ele>2125</ele></trkpt><trkpt lat="44.117849" lon="7.337995"><ele>2125</ele></trkpt><trkpt lat="44.117776" lon="7.337996"><ele>2123</ele></trkpt><trkpt lat="44.117692" lon="7.338059"><ele>2123</ele></trkpt><trkpt lat="44.117619" lon="7.338147"><ele>2124</ele></trkpt><trkpt lat="44.117598" lon="7.338185"><ele>2125</ele></trkpt><trkpt lat="44.117643" lon="7.338237"><ele>2128</ele></trkpt><trkpt lat="44.117466" lon="7.338415"><ele>2131</ele></trkpt><trkpt lat="44.117292" lon="7.338579"><ele>2136</ele></trkpt><trkpt lat="44.117192" lon="7.338733"><ele>2141</ele></trkpt><trkpt lat="44.117005" lon="7.339051"><ele>2151</ele></trkpt><trkpt lat="44.116953" lon="7.339251"><ele>2156</ele></trkpt><trkpt lat="44.116915" lon="7.339498"><ele>2160</ele></trkpt><trkpt lat="44.116902" lon="7.339652"><ele>2162</ele></trkpt><trkpt lat="44.116816" lon="7.339866"><ele>2163</ele></trkpt><trkpt lat="44.116750" lon="7.340023"><ele>2164</ele></trkpt><trkpt lat="44.116672" lon="7.340192"><ele>2164</ele></trkpt><trkpt lat="44.116543" lon="7.340730"><ele>2166</ele></trkpt><trkpt lat="44.116426" lon="7.340827"><ele>2164</ele></trkpt><trkpt lat="44.116333" lon="7.340983"><ele>2163</ele></trkpt><trkpt lat="44.116215" lon="7.341359"><ele>2163</ele></trkpt><trkpt lat="44.116108" lon="7.341451"><ele>2162</ele></trkpt><trkpt lat="44.116108" lon="7.341451"><ele>2162</ele></trkpt><trkpt lat="44.116092" lon="7.341531"><ele>2163</ele></trkpt><trkpt lat="44.116040" lon="7.341631"><ele>2163</ele></trkpt><trkpt lat="44.116014" lon="7.341748"><ele>2164</ele></trkpt><trkpt lat="44.116007" lon="7.341852"><ele>2165</ele></trkpt><trkpt lat="44.115944" lon="7.341909"><ele>2165</ele></trkpt><trkpt lat="44.115903" lon="7.341973"><ele>2165</ele></trkpt><trkpt lat="44.115838" lon="7.341993"><ele>2165</ele></trkpt><trkpt lat="44.115747" lon="7.342095"><ele>2165</ele></trkpt><trkpt lat="44.115734" lon="7.342173"><ele>2166</ele></trkpt><trkpt lat="44.115692" lon="7.342213"><ele>2166</ele></trkpt><trkpt lat="44.115679" lon="7.342535"><ele>2172</ele></trkpt><trkpt lat="44.115625" lon="7.342671"><ele>2174</ele></trkpt><trkpt lat="44.115547" lon="7.342802"><ele>2176</ele></trkpt><trkpt lat="44.115542" lon="7.342867"><ele>2178</ele></trkpt><trkpt lat="44.115482" lon="7.342971"><ele>2179</ele></trkpt><trkpt lat="44.115328" lon="7.343076"><ele>2180</ele></trkpt><trkpt lat="44.115249" lon="7.343299"><ele>2183</ele></trkpt><trkpt lat="44.115205" lon="7.343351"><ele>2184</ele></trkpt><trkpt lat="44.115063" lon="7.343454"><ele>2186</ele></trkpt><trkpt lat="44.114986" lon="7.343523"><ele>2187</ele></trkpt><trkpt lat="44.114849" lon="7.343852"><ele>2192</ele></trkpt><trkpt lat="44.114838" lon="7.344023"><ele>2195</ele></trkpt><trkpt lat="44.114797" lon="7.344284"><ele>2199</ele></trkpt><trkpt lat="44.114743" lon="7.344389"><ele>2200</ele></trkpt><trkpt lat="44.114496" lon="7.344964"><ele>2210</ele></trkpt><trkpt lat="44.114452" lon="7.344966"><ele>2209</ele></trkpt><trkpt lat="44.114422" lon="7.344911"><ele>2206</ele></trkpt><trkpt lat="44.114369" lon="7.344921"><ele>2205</ele></trkpt><trkpt lat="44.114334" lon="7.344937"><ele>2205</ele></trkpt><trkpt lat="44.114248" lon="7.345031"><ele>2207</ele></trkpt><trkpt lat="44.114132" lon="7.345454"><ele>2218</ele></trkpt><trkpt lat="44.113959" lon="7.345800"><ele>2225</ele></trkpt><trkpt lat="44.113929" lon="7.345891"><ele>2227</ele></trkpt><trkpt lat="44.113927" lon="7.346039"><ele>2230</ele></trkpt><trkpt lat="44.113949" lon="7.346129"><ele>2232</ele></trkpt><trkpt lat="44.113940" lon="7.346177"><ele>2232</ele></trkpt><trkpt lat="44.114002" lon="7.346264"><ele>2235</ele></trkpt><trkpt lat="44.113954" lon="7.346346"><ele>2235</ele></trkpt><trkpt lat="44.114021" lon="7.346509"><ele>2238</ele></trkpt><trkpt lat="44.113930" lon="7.346598"><ele>2238</ele></trkpt><trkpt lat="44.113915" lon="7.346659"><ele>2239</ele></trkpt><trkpt lat="44.113859" lon="7.346680"><ele>2239</ele></trkpt><trkpt lat="44.113704" lon="7.346921"><ele>2241</ele></trkpt><trkpt lat="44.113633" lon="7.347136"><ele>2243</ele></trkpt><trkpt lat="44.113575" lon="7.347467"><ele>2246</ele></trkpt><trkpt lat="44.113573" lon="7.347688"><ele>2249</ele></trkpt><trkpt lat="44.113517" lon="7.347843"><ele>2251</ele></trkpt><trkpt lat="44.113518" lon="7.348106"><ele>2255</ele></trkpt><trkpt lat="44.113554" lon="7.348160"><ele>2256</ele></trkpt><trkpt lat="44.113513" lon="7.348232"><ele>2257</ele></trkpt><trkpt lat="44.113520" lon="7.348486"><ele>2260</ele></trkpt><trkpt lat="44.113450" lon="7.348577"><ele>2261</ele></trkpt><trkpt lat="44.113448" lon="7.348734"><ele>2263</ele></trkpt><trkpt lat="44.113393" lon="7.348880"><ele>2265</ele></trkpt><trkpt lat="44.113384" lon="7.349038"><ele>2267</ele></trkpt><trkpt lat="44.113360" lon="7.349142"><ele>2269</ele></trkpt><trkpt lat="44.113332" lon="7.349293"><ele>2272</ele></trkpt><trkpt lat="44.113282" lon="7.349326"><ele>2273</ele></trkpt><trkpt lat="44.113217" lon="7.349308"><ele>2274</ele></trkpt><trkpt lat="44.113122" lon="7.349213"><ele>2273</ele></trkpt><trkpt lat="44.113068" lon="7.349216"><ele>2274</ele></trkpt><trkpt lat="44.113051" lon="7.349256"><ele>2275</ele></trkpt><trkpt lat="44.113060" lon="7.349326"><ele>2276</ele></trkpt><trkpt lat="44.113005" lon="7.349348"><ele>2277</ele></trkpt><trkpt lat="44.113056" lon="7.349424"><ele>2278</ele></trkpt><trkpt lat="44.113004" lon="7.349446"><ele>2279</ele></trkpt><trkpt lat="44.112975" lon="7.349490"><ele>2281</ele></trkpt><trkpt lat="44.112985" lon="7.349533"><ele>2281</ele></trkpt><trkpt lat="44.112971" lon="7.349569"><ele>2282</ele></trkpt><trkpt lat="44.113014" lon="7.349636"><ele>2283</ele></trkpt><trkpt lat="44.112948" lon="7.349658"><ele>2285</ele></trkpt><trkpt lat="44.113003" lon="7.349868"><ele>2289</ele></trkpt><trkpt lat="44.112894" lon="7.349836"><ele>2290</ele></trkpt><trkpt lat="44.112935" lon="7.349981"><ele>2292</ele></trkpt><trkpt lat="44.112854" lon="7.349975"><ele>2293</ele></trkpt><trkpt lat="44.112705" lon="7.350047"><ele>2297</ele></trkpt><trkpt lat="44.112730" lon="7.350094"><ele>2298</ele></trkpt><trkpt lat="44.112620" lon="7.350111"><ele>2300</ele></trkpt><trkpt lat="44.112576" lon="7.350147"><ele>2301</ele></trkpt><trkpt lat="44.112549" lon="7.350183"><ele>2302</ele></trkpt><trkpt lat="44.112581" lon="7.350228"><ele>2303</ele></trkpt><trkpt lat="44.112533" lon="7.350266"><ele>2304</ele></trkpt><trkpt lat="44.112485" lon="7.350329"><ele>2307</ele></trkpt><trkpt lat="44.112394" lon="7.350347"><ele>2309</ele></trkpt><trkpt lat="44.112392" lon="7.350424"><ele>2311</ele></trkpt><trkpt lat="44.112449" lon="7.350461"><ele>2312</ele></trkpt><trkpt lat="44.112555" lon="7.350518"><ele>2311</ele></trkpt><trkpt lat="44.112625" lon="7.350542"><ele>2311</ele></trkpt><trkpt lat="44.112724" lon="7.350475"><ele>2307</ele></trkpt><trkpt lat="44.112778" lon="7.350555"><ele>2308</ele></trkpt><trkpt lat="44.112884" lon="7.350817"><ele>2314</ele></trkpt><trkpt lat="44.112791" lon="7.350875"><ele>2317</ele></trkpt><trkpt lat="44.112846" lon="7.350953"><ele>2319</ele></trkpt><trkpt lat="44.112771" lon="7.351020"><ele>2322</ele></trkpt><trkpt lat="44.112820" lon="7.351090"><ele>2323</ele></trkpt><trkpt lat="44.112727" lon="7.351156"><ele>2328</ele></trkpt><trkpt lat="44.112981" lon="7.351363"><ele>2329</ele></trkpt><trkpt lat="44.112715" lon="7.351494"><ele>2341</ele></trkpt><trkpt lat="44.112787" lon="7.351605"><ele>2344</ele></trkpt><trkpt lat="44.112763" lon="7.351739"><ele>2352</ele></trkpt><trkpt lat="44.112857" lon="7.351823"><ele>2354</ele></trkpt><trkpt lat="44.112801" lon="7.351952"><ele>2363</ele></trkpt><trkpt lat="44.112729" lon="7.352030"><ele>2369</ele></trkpt><trkpt lat="44.112837" lon="7.352203"><ele>2377</ele></trkpt><trkpt lat="44.112765" lon="7.352256"><ele>2381</ele></trkpt><trkpt lat="44.112789" lon="7.352343"><ele>2386</ele></trkpt><trkpt lat="44.112700" lon="7.352379"><ele>2389</ele></trkpt><trkpt lat="44.112618" lon="7.352378"><ele>2390</ele></trkpt><trkpt lat="44.112620" lon="7.352428"><ele>2392</ele></trkpt><trkpt lat="44.112547" lon="7.352466"><ele>2395</ele></trkpt><trkpt lat="44.112619" lon="7.352565"><ele>2399</ele></trkpt><trkpt lat="44.112576" lon="7.352613"><ele>2402</ele></trkpt><trkpt lat="44.112618" lon="7.352670"><ele>2405</ele></trkpt><trkpt lat="44.112556" lon="7.352725"><ele>2407</ele></trkpt><trkpt lat="44.112569" lon="7.352776"><ele>2410</ele></trkpt><trkpt lat="44.112547" lon="7.352800"><ele>2410</ele></trkpt><trkpt lat="44.112556" lon="7.352862"><ele>2413</ele></trkpt><trkpt lat="44.112508" lon="7.352870"><ele>2413</ele></trkpt><trkpt lat="44.112551" lon="7.352966"><ele>2418</ele></trkpt><trkpt lat="44.112525" lon="7.352998"><ele>2419</ele></trkpt><trkpt lat="44.112525" lon="7.353020"><ele>2420</ele></trkpt><trkpt lat="44.112544" lon="7.353119"><ele>2424</ele></trkpt><trkpt lat="44.112533" lon="7.353163"><ele>2426</ele></trkpt></trkseg>
<trkseg><trkpt lat="44.112472" lon="7.305234"><ele>1675</ele></trkpt><trkpt lat="44.112801" lon="7.305089"><ele>1687</ele></trkpt><trkpt lat="44.112980" lon="7.304570"><ele>1686</ele></trkpt><trkpt lat="44.113175" lon="7.304260"><ele>1692</ele></trkpt><trkpt lat="44.113330" lon="7.303899"><ele>1696</ele></trkpt><trkpt lat="44.113696" lon="7.303168"><ele>1708</ele></trkpt><trkpt lat="44.114077" lon="7.302155"><ele>1711</ele></trkpt><trkpt lat="44.114424" lon="7.302168"><ele>1735</ele></trkpt><trkpt lat="44.114467" lon="7.302073"><ele>1736</ele></trkpt><trkpt lat="44.114451" lon="7.301885"><ele>1731</ele></trkpt><trkpt lat="44.114562" lon="7.301311"><ele>1728</ele></trkpt><trkpt lat="44.114917" lon="7.300485"><ele>1739</ele></trkpt><trkpt lat="44.114978" lon="7.300355"><ele>1741</ele></trkpt><trkpt lat="44.115134" lon="7.300368"><ele>1756</ele></trkpt><trkpt lat="44.115171" lon="7.300095"><ele>1754</ele></trkpt><trkpt lat="44.115420" lon="7.299675"><ele>1765</ele></trkpt><trkpt lat="44.115474" lon="7.299461"><ele>1764</ele></trkpt><trkpt lat="44.115589" lon="7.299223"><ele>1767</ele></trkpt><trkpt lat="44.115605" lon="7.298997"><ele>1761</ele></trkpt><trkpt lat="44.115728" lon="7.298677"><ele>1762</ele></trkpt><trkpt lat="44.115854" lon="7.298483"><ele>1769</ele></trkpt><trkpt lat="44.115856" lon="7.298153"><ele>1762</ele></trkpt><trkpt lat="44.115949" lon="7.297581"><ele>1756</ele></trkpt><trkpt lat="44.116220" lon="7.296896"><ele>1753</ele></trkpt><trkpt lat="44.116603" lon="7.296885"><ele>1763</ele></trkpt><trkpt lat="44.116831" lon="7.296755"><ele>1765</ele></trkpt><trkpt lat="44.117025" lon="7.296665"><ele>1766</ele></trkpt><trkpt lat="44.118100" lon="7.296003"><ele>1766</ele></trkpt><trkpt lat="44.118394" lon="7.296178"><ele>1774</ele></trkpt><trkpt lat="44.118576" lon="7.296173"><ele>1776</ele></trkpt><trkpt lat="44.118773" lon="7.296129"><ele>1777</ele></trkpt><trkpt lat="44.118859" lon="7.296005"><ele>1776</ele></trkpt><trkpt lat="44.118835" lon="7.295849"><ele>1772</ele></trkpt><trkpt lat="44.118752" lon="7.295655"><ele>1767</ele></trkpt><trkpt lat="44.118717" lon="7.295411"><ele>1761</ele></trkpt><trkpt lat="44.119011" lon="7.295119"><ele>1763</ele></trkpt><trkpt lat="44.119267" lon="7.294720"><ele>1764</ele></trkpt><trkpt lat="44.119360" lon="7.294538"><ele>1762</ele></trkpt><trkpt lat="44.119488" lon="7.294366"><ele>1772</ele></trkpt><trkpt lat="44.119488" lon="7.294366"><ele>1772</ele></trkpt><trkpt lat="44.119360" lon="7.294538"><ele>1762</ele></trkpt><trkpt lat="44.119267" lon="7.294720"><ele>1764</ele></trkpt><trkpt lat="44.119011" lon="7.295119"><ele>1763</ele></trkpt><trkpt lat="44.118717" lon="7.295411"><ele>1761</ele></trkpt><trkpt lat="44.118752" lon="7.295655"><ele>1767</ele></trkpt><trkpt lat="44.118835" lon="7.295849"><ele>1772</ele></trkpt><trkpt lat="44.118859" lon="7.296005"><ele>1776</ele></trkpt><trkpt lat="44.118773" lon="7.296129"><ele>1777</ele></trkpt><trkpt lat="44.118576" lon="7.296173"><ele>1776</ele></trkpt><trkpt lat="44.118394" lon="7.296178"><ele>1774</ele></trkpt><trkpt lat="44.118100" lon="7.296003"><ele>1766</ele></trkpt><trkpt lat="44.117025" lon="7.296665"><ele>1766</ele></trkpt><trkpt lat="44.116831" lon="7.296755"><ele>1765</ele></trkpt><trkpt lat="44.116603" lon="7.296885"><ele>1763</ele></trkpt><trkpt lat="44.116220" lon="7.296896"><ele>1753</ele></trkpt><trkpt lat="44.115949" lon="7.297581"><ele>1756</ele></trkpt><trkpt lat="44.115856" lon="7.298153"><ele>1762</ele></trkpt><trkpt lat="44.115854" lon="7.298483"><ele>1769</ele></trkpt><trkpt lat="44.115728" lon="7.298677"><ele>1762</ele></trkpt><trkpt lat="44.115605" lon="7.298997"><ele>1761</ele></trkpt><trkpt lat="44.115589" lon="7.299223"><ele>1767</ele></trkpt><trkpt lat="44.115474" lon="7.299461"><ele>1764</ele></trkpt><trkpt lat="44.115420" lon="7.299675"><ele>1765</ele></trkpt><trkpt lat="44.115171" lon="7.300095"><ele>1754</ele></trkpt><trkpt lat="44.115134" lon="7.300368"><ele>1756</ele></trkpt><trkpt lat="44.114978" lon="7.300355"><ele>1741</ele></trkpt><trkpt lat="44.114917" lon="7.300485"><ele>1739</ele></trkpt><trkpt lat="44.114562" lon="7.301311"><ele>1728</ele></trkpt><trkpt lat="44.114451" lon="7.301885"><ele>1731</ele></trkpt><trkpt lat="44.114467" lon="7.302073"><ele>1736</ele></trkpt><trkpt lat="44.114424" lon="7.302168"><ele>1735</ele></trkpt><trkpt lat="44.114077" lon="7.302155"><ele>1711</ele></trkpt><trkpt lat="44.113696" lon="7.303168"><ele>1708</ele></trkpt><trkpt lat="44.113330" lon="7.303899"><ele>1696</ele></trkpt><trkpt lat="44.113175" lon="7.304260"><ele>1692</ele></trkpt><trkpt lat="44.112980" lon="7.304570"><ele>1686</ele></trkpt><trkpt lat="44.112801" lon="7.305089"><ele>1687</ele></trkpt><trkpt lat="44.112472" lon="7.305234"><ele>1675</ele></trkpt></trkseg>
<trkseg><trkpt lat="44.112225" lon="7.290684"><ele>1538</ele></trkpt><trkpt lat="44.112148" lon="7.290641"><ele>1541</ele></trkpt><trkpt lat="44.113677" lon="7.289895"><ele>1511</ele></trkpt><trkpt lat="44.113709" lon="7.289788"><ele>1511</ele></trkpt></trkseg>
<extensions><osmand:color>#C8322B</osmand:color></extensions></trk>
<trk><name>ROUTE 3 of 4 · Days 3-5 · Madone → Refuge de Nice → Merveilles → Authion · ALWAYS ON</name>
<trkseg><trkpt lat="44.112205" lon="7.353098"><ele>2423</ele></trkpt><trkpt lat="44.112234" lon="7.353189"><ele>2426</ele></trkpt><trkpt lat="44.112321" lon="7.353389"><ele>2433</ele></trkpt><trkpt lat="44.112327" lon="7.353417"><ele>2435</ele></trkpt><trkpt lat="44.112316" lon="7.353433"><ele>2435</ele></trkpt><trkpt lat="44.112309" lon="7.353427"><ele>2435</ele></trkpt><trkpt lat="44.112259" lon="7.353326"><ele>2431</ele></trkpt><trkpt lat="44.112219" lon="7.353274"><ele>2429</ele></trkpt><trkpt lat="44.112210" lon="7.353280"><ele>2430</ele></trkpt><trkpt lat="44.112228" lon="7.353360"><ele>2433</ele></trkpt><trkpt lat="44.112229" lon="7.353404"><ele>2435</ele></trkpt><trkpt lat="44.112238" lon="7.353446"><ele>2436</ele></trkpt><trkpt lat="44.112224" lon="7.353458"><ele>2437</ele></trkpt><trkpt lat="44.112217" lon="7.353454"><ele>2437</ele></trkpt><trkpt lat="44.112185" lon="7.353389"><ele>2434</ele></trkpt><trkpt lat="44.112177" lon="7.353388"><ele>2434</ele></trkpt><trkpt lat="44.112173" lon="7.353399"><ele>2435</ele></trkpt><trkpt lat="44.112206" lon="7.353522"><ele>2439</ele></trkpt><trkpt lat="44.112216" lon="7.353720"><ele>2445</ele></trkpt><trkpt lat="44.112210" lon="7.353729"><ele>2445</ele></trkpt><trkpt lat="44.112201" lon="7.353727"><ele>2445</ele></trkpt><trkpt lat="44.112122" lon="7.353508"><ele>2439</ele></trkpt><trkpt lat="44.112105" lon="7.353475"><ele>2438</ele></trkpt><trkpt lat="44.112065" lon="7.353437"><ele>2437</ele></trkpt><trkpt lat="44.112039" lon="7.353422"><ele>2437</ele></trkpt><trkpt lat="44.112034" lon="7.353427"><ele>2437</ele></trkpt><trkpt lat="44.112017" lon="7.353555"><ele>2441</ele></trkpt><trkpt lat="44.112012" lon="7.353643"><ele>2443</ele></trkpt><trkpt lat="44.112003" lon="7.353660"><ele>2443</ele></trkpt><trkpt lat="44.111992" lon="7.353660"><ele>2443</ele></trkpt><trkpt lat="44.111980" lon="7.353646"><ele>2443</ele></trkpt><trkpt lat="44.111945" lon="7.353570"><ele>2442</ele></trkpt><trkpt lat="44.111903" lon="7.353506"><ele>2441</ele></trkpt><trkpt lat="44.111888" lon="7.353509"><ele>2442</ele></trkpt><trkpt lat="44.111900" lon="7.353773"><ele>2445</ele></trkpt><trkpt lat="44.111891" lon="7.353792"><ele>2445</ele></trkpt><trkpt lat="44.111850" lon="7.353750"><ele>2443</ele></trkpt><trkpt lat="44.111837" lon="7.353748"><ele>2443</ele></trkpt><trkpt lat="44.111836" lon="7.353920"><ele>2441</ele></trkpt><trkpt lat="44.111831" lon="7.353924"><ele>2441</ele></trkpt><trkpt lat="44.111825" lon="7.353924"><ele>2440</ele></trkpt><trkpt lat="44.111797" lon="7.353883"><ele>2441</ele></trkpt><trkpt lat="44.111786" lon="7.353883"><ele>2440</ele></trkpt><trkpt lat="44.111769" lon="7.353922"><ele>2439</ele></trkpt><trkpt lat="44.111758" lon="7.353921"><ele>2438</ele></trkpt><trkpt lat="44.111739" lon="7.353889"><ele>2438</ele></trkpt><trkpt lat="44.111722" lon="7.353883"><ele>2438</ele></trkpt><trkpt lat="44.111701" lon="7.353890"><ele>2437</ele></trkpt><trkpt lat="44.111668" lon="7.353943"><ele>2435</ele></trkpt><trkpt lat="44.111558" lon="7.353950"><ele>2429</ele></trkpt><trkpt lat="44.111494" lon="7.353904"><ele>2427</ele></trkpt><trkpt lat="44.111473" lon="7.353904"><ele>2426</ele></trkpt><trkpt lat="44.111427" lon="7.353938"><ele>2423</ele></trkpt><trkpt lat="44.111392" lon="7.353980"><ele>2421</ele></trkpt><trkpt lat="44.111343" lon="7.354076"><ele>2419</ele></trkpt><trkpt lat="44.111317" lon="7.354099"><ele>2417</ele></trkpt><trkpt lat="44.111276" lon="7.354116"><ele>2416</ele></trkpt><trkpt lat="44.111251" lon="7.354108"><ele>2415</ele></trkpt><trkpt lat="44.111171" lon="7.354013"><ele>2412</ele></trkpt><trkpt lat="44.110971" lon="7.354112"><ele>2398</ele></trkpt><trkpt lat="44.110903" lon="7.354030"><ele>2397</ele></trkpt><trkpt lat="44.110742" lon="7.354023"><ele>2390</ele></trkpt><trkpt lat="44.110577" lon="7.353991"><ele>2385</ele></trkpt><trkpt lat="44.110554" lon="7.353998"><ele>2383</ele></trkpt><trkpt lat="44.110463" lon="7.354060"><ele>2378</ele></trkpt><trkpt lat="44.110333" lon="7.354090"><ele>2372</ele></trkpt><trkpt lat="44.110268" lon="7.354118"><ele>2370</ele></trkpt><trkpt lat="44.110241" lon="7.354109"><ele>2370</ele></trkpt><trkpt lat="44.110190" lon="7.354057"><ele>2370</ele></trkpt><trkpt lat="44.110178" lon="7.354062"><ele>2370</ele></trkpt><trkpt lat="44.110101" lon="7.354148"><ele>2365</ele></trkpt><trkpt lat="44.110093" lon="7.354148"><ele>2365</ele></trkpt><trkpt lat="44.110082" lon="7.354107"><ele>2366</ele></trkpt><trkpt lat="44.110065" lon="7.354099"><ele>2366</ele></trkpt><trkpt lat="44.110002" lon="7.354178"><ele>2362</ele></trkpt><trkpt lat="44.109947" lon="7.354218"><ele>2360</ele></trkpt><trkpt lat="44.109906" lon="7.354221"><ele>2359</ele></trkpt><trkpt lat="44.109868" lon="7.354191"><ele>2359</ele></trkpt><trkpt lat="44.109777" lon="7.354182"><ele>2358</ele></trkpt><trkpt lat="44.109744" lon="7.354212"><ele>2356</ele></trkpt><trkpt lat="44.109706" lon="7.354271"><ele>2354</ele></trkpt><trkpt lat="44.109629" lon="7.354314"><ele>2351</ele></trkpt><trkpt lat="44.109613" lon="7.354319"><ele>2351</ele></trkpt><trkpt lat="44.109603" lon="7.354314"><ele>2351</ele></trkpt><trkpt lat="44.109574" lon="7.354264"><ele>2351</ele></trkpt><trkpt lat="44.109562" lon="7.354267"><ele>2351</ele></trkpt><trkpt lat="44.109540" lon="7.354312"><ele>2350</ele></trkpt><trkpt lat="44.109530" lon="7.354316"><ele>2349</ele></trkpt><trkpt lat="44.109508" lon="7.354281"><ele>2350</ele></trkpt><trkpt lat="44.109500" lon="7.354279"><ele>2350</ele></trkpt><trkpt lat="44.109494" lon="7.354288"><ele>2349</ele></trkpt><trkpt lat="44.109485" lon="7.354410"><ele>2346</ele></trkpt><trkpt lat="44.109478" lon="7.354415"><ele>2346</ele></trkpt><trkpt lat="44.109457" lon="7.354392"><ele>2346</ele></trkpt><trkpt lat="44.109413" lon="7.354293"><ele>2348</ele></trkpt><trkpt lat="44.109406" lon="7.354290"><ele>2348</ele></trkpt><trkpt lat="44.109302" lon="7.354501"><ele>2340</ele></trkpt><trkpt lat="44.109288" lon="7.354500"><ele>2340</ele></trkpt><trkpt lat="44.109262" lon="7.354460"><ele>2340</ele></trkpt><trkpt lat="44.109254" lon="7.354465"><ele>2340</ele></trkpt><trkpt lat="44.109225" lon="7.354546"><ele>2337</ele></trkpt><trkpt lat="44.109142" lon="7.354633"><ele>2333</ele></trkpt><trkpt lat="44.109086" lon="7.354746"><ele>2328</ele></trkpt><trkpt lat="44.109017" lon="7.354768"><ele>2326</ele></trkpt><trkpt lat="44.108978" lon="7.354757"><ele>2325</ele></trkpt><trkpt lat="44.108966" lon="7.354760"><ele>2324</ele></trkpt><trkpt lat="44.108930" lon="7.354803"><ele>2322</ele></trkpt><trkpt lat="44.108888" lon="7.354817"><ele>2320</ele></trkpt><trkpt lat="44.108883" lon="7.354825"><ele>2320</ele></trkpt><trkpt lat="44.108885" lon="7.354839"><ele>2319</ele></trkpt><trkpt lat="44.108905" lon="7.354870"><ele>2319</ele></trkpt><trkpt lat="44.108897" lon="7.354885"><ele>2318</ele></trkpt><trkpt lat="44.108857" lon="7.354869"><ele>2317</ele></trkpt><trkpt lat="44.108782" lon="7.354871"><ele>2315</ele></trkpt><trkpt lat="44.108763" lon="7.354853"><ele>2315</ele></trkpt><trkpt lat="44.108757" lon="7.354831"><ele>2316</ele></trkpt><trkpt lat="44.108741" lon="7.354821"><ele>2316</ele></trkpt><trkpt lat="44.108731" lon="7.354843"><ele>2314</ele></trkpt><trkpt lat="44.108729" lon="7.354896"><ele>2312</ele></trkpt><trkpt lat="44.108750" lon="7.354980"><ele>2310</ele></trkpt><trkpt lat="44.108752" lon="7.355016"><ele>2309</ele></trkpt><trkpt lat="44.108744" lon="7.355026"><ele>2308</ele></trkpt><trkpt lat="44.108717" lon="7.355024"><ele>2307</ele></trkpt><trkpt lat="44.108667" lon="7.355006"><ele>2306</ele></trkpt><trkpt lat="44.108658" lon="7.355012"><ele>2305</ele></trkpt><trkpt lat="44.108654" lon="7.355068"><ele>2303</ele></trkpt><trkpt lat="44.108644" lon="7.355098"><ele>2301</ele></trkpt><trkpt lat="44.108635" lon="7.355102"><ele>2300</ele></trkpt><trkpt lat="44.108609" lon="7.355071"><ele>2301</ele></trkpt><trkpt lat="44.108561" lon="7.355030"><ele>2300</ele></trkpt><trkpt lat="44.108508" lon="7.354857"><ele>2306</ele></trkpt><trkpt lat="44.108492" lon="7.354846"><ele>2306</ele></trkpt><trkpt lat="44.108465" lon="7.354904"><ele>2303</ele></trkpt><trkpt lat="44.108376" lon="7.354999"><ele>2295</ele></trkpt><trkpt lat="44.108358" lon="7.355033"><ele>2293</ele></trkpt><trkpt lat="44.108350" lon="7.355071"><ele>2290</ele></trkpt><trkpt lat="44.108339" lon="7.355079"><ele>2289</ele></trkpt><trkpt lat="44.108331" lon="7.355071"><ele>2290</ele></trkpt><trkpt lat="44.108318" lon="7.355033"><ele>2291</ele></trkpt><trkpt lat="44.108307" lon="7.355030"><ele>2291</ele></trkpt><trkpt lat="44.108298" lon="7.355047"><ele>2290</ele></trkpt><trkpt lat="44.108278" lon="7.355169"><ele>2282</ele></trkpt><trkpt lat="44.108267" lon="7.355188"><ele>2281</ele></trkpt><trkpt lat="44.108255" lon="7.355188"><ele>2280</ele></trkpt><trkpt lat="44.108248" lon="7.355168"><ele>2281</ele></trkpt><trkpt lat="44.108243" lon="7.355107"><ele>2284</ele></trkpt><trkpt lat="44.108235" lon="7.355094"><ele>2285</ele></trkpt><trkpt lat="44.108225" lon="7.355106"><ele>2284</ele></trkpt><trkpt lat="44.108198" lon="7.355173"><ele>2279</ele></trkpt><trkpt lat="44.108187" lon="7.355219"><ele>2276</ele></trkpt><trkpt lat="44.108178" lon="7.355224"><ele>2275</ele></trkpt><trkpt lat="44.108140" lon="7.355145"><ele>2278</ele></trkpt><trkpt lat="44.108121" lon="7.355126"><ele>2279</ele></trkpt><trkpt lat="44.108101" lon="7.355123"><ele>2278</ele></trkpt><trkpt lat="44.108086" lon="7.355136"><ele>2277</ele></trkpt><trkpt lat="44.108066" lon="7.355198"><ele>2273</ele></trkpt><trkpt lat="44.108049" lon="7.355213"><ele>2271</ele></trkpt><trkpt lat="44.108033" lon="7.355199"><ele>2272</ele></trkpt><trkpt lat="44.108017" lon="7.355094"><ele>2277</ele></trkpt><trkpt lat="44.108009" lon="7.355073"><ele>2278</ele></trkpt><trkpt lat="44.108001" lon="7.355070"><ele>2278</ele></trkpt><trkpt lat="44.107989" lon="7.355075"><ele>2277</ele></trkpt><trkpt lat="44.107967" lon="7.355100"><ele>2275</ele></trkpt><trkpt lat="44.107951" lon="7.355130"><ele>2273</ele></trkpt><trkpt lat="44.107946" lon="7.355150"><ele>2272</ele></trkpt><trkpt lat="44.107949" lon="7.355233"><ele>2267</ele></trkpt><trkpt lat="44.107940" lon="7.355249"><ele>2266</ele></trkpt><trkpt lat="44.107930" lon="7.355245"><ele>2266</ele></trkpt><trkpt lat="44.107897" lon="7.355191"><ele>2268</ele></trkpt><trkpt lat="44.107879" lon="7.355195"><ele>2267</ele></trkpt><trkpt lat="44.107869" lon="7.355206"><ele>2266</ele></trkpt><trkpt lat="44.107867" lon="7.355222"><ele>2265</ele></trkpt><trkpt lat="44.107877" lon="7.355263"><ele>2263</ele></trkpt><trkpt lat="44.107883" lon="7.355321"><ele>2260</ele></trkpt><trkpt lat="44.107876" lon="7.355346"><ele>2259</ele></trkpt><trkpt lat="44.107850" lon="7.355337"><ele>2258</ele></trkpt><trkpt lat="44.107797" lon="7.355233"><ele>2262</ele></trkpt><trkpt lat="44.107779" lon="7.355152"><ele>2266</ele></trkpt><trkpt lat="44.107762" lon="7.355105"><ele>2268</ele></trkpt><trkpt lat="44.107733" lon="7.355091"><ele>2268</ele></trkpt><trkpt lat="44.107564" lon="7.355100"><ele>2264</ele></trkpt><trkpt lat="44.107488" lon="7.355083"><ele>2264</ele></trkpt><trkpt lat="44.107456" lon="7.355083"><ele>2263</ele></trkpt><trkpt lat="44.107280" lon="7.355152"><ele>2258</ele></trkpt><trkpt lat="44.107110" lon="7.355164"><ele>2257</ele></trkpt><trkpt lat="44.106888" lon="7.355126"><ele>2260</ele></trkpt><trkpt lat="44.106783" lon="7.355183"><ele>2258</ele></trkpt><trkpt lat="44.106741" lon="7.355198"><ele>2257</ele></trkpt><trkpt lat="44.106708" lon="7.355176"><ele>2258</ele></trkpt><trkpt lat="44.106653" lon="7.355162"><ele>2259</ele></trkpt><trkpt lat="44.106574" lon="7.355176"><ele>2259</ele></trkpt><trkpt lat="44.106528" lon="7.355176"><ele>2260</ele></trkpt><trkpt lat="44.106479" lon="7.355221"><ele>2258</ele></trkpt><trkpt lat="44.106453" lon="7.355234"><ele>2257</ele></trkpt><trkpt lat="44.106252" lon="7.355245"><ele>2258</ele></trkpt><trkpt lat="44.106189" lon="7.355267"><ele>2258</ele></trkpt><trkpt lat="44.106092" lon="7.355253"><ele>2260</ele></trkpt><trkpt lat="44.105820" lon="7.355253"><ele>2262</ele></trkpt><trkpt lat="44.105773" lon="7.355272"><ele>2262</ele></trkpt><trkpt lat="44.105608" lon="7.355241"><ele>2264</ele></trkpt><trkpt lat="44.105478" lon="7.355325"><ele>2261</ele></trkpt><trkpt lat="44.105406" lon="7.355386"><ele>2259</ele></trkpt><trkpt lat="44.105320" lon="7.355511"><ele>2254</ele></trkpt><trkpt lat="44.105137" lon="7.355672"><ele>2248</ele></trkpt><trkpt lat="44.105010" lon="7.355870"><ele>2240</ele></trkpt><trkpt lat="44.104872" lon="7.355995"><ele>2235</ele></trkpt><trkpt lat="44.104704" lon="7.356060"><ele>2236</ele></trkpt><trkpt lat="44.104660" lon="7.356090"><ele>2236</ele></trkpt><trkpt lat="44.104609" lon="7.356108"><ele>2237</ele></trkpt><trkpt lat="44.104549" lon="7.356160"><ele>2236</ele></trkpt><trkpt lat="44.104380" lon="7.356345"><ele>2232</ele></trkpt><trkpt lat="44.104149" lon="7.356558"><ele>2229</ele></trkpt><trkpt lat="44.104123" lon="7.356603"><ele>2228</ele></trkpt><trkpt lat="44.104052" lon="7.356679"><ele>2226</ele></trkpt><trkpt lat="44.103999" lon="7.356748"><ele>2224</ele></trkpt><trkpt lat="44.103943" lon="7.356839"><ele>2220</ele></trkpt><trkpt lat="44.103915" lon="7.356869"><ele>2219</ele></trkpt><trkpt lat="44.103919" lon="7.356886"><ele>2218</ele></trkpt><trkpt lat="44.103932" lon="7.356886"><ele>2217</ele></trkpt><trkpt lat="44.104016" lon="7.356830"><ele>2219</ele></trkpt><trkpt lat="44.104053" lon="7.356829"><ele>2218</ele></trkpt><trkpt lat="44.104099" lon="7.356808"><ele>2218</ele></trkpt><trkpt lat="44.104223" lon="7.356773"><ele>2215</ele></trkpt><trkpt lat="44.104232" lon="7.356780"><ele>2214</ele></trkpt><trkpt lat="44.104233" lon="7.356794"><ele>2214</ele></trkpt><trkpt lat="44.104193" lon="7.356840"><ele>2213</ele></trkpt><trkpt lat="44.104188" lon="7.356852"><ele>2212</ele></trkpt><trkpt lat="44.104194" lon="7.356860"><ele>2212</ele></trkpt><trkpt lat="44.104292" lon="7.356826"><ele>2210</ele></trkpt><trkpt lat="44.104301" lon="7.356832"><ele>2209</ele></trkpt><trkpt lat="44.104297" lon="7.356847"><ele>2209</ele></trkpt><trkpt lat="44.104178" lon="7.357006"><ele>2205</ele></trkpt><trkpt lat="44.104147" lon="7.357075"><ele>2203</ele></trkpt><trkpt lat="44.104123" lon="7.357103"><ele>2203</ele></trkpt><trkpt lat="44.104053" lon="7.357225"><ele>2199</ele></trkpt><trkpt lat="44.104027" lon="7.357289"><ele>2196</ele></trkpt><trkpt lat="44.103962" lon="7.357361"><ele>2194</ele></trkpt><trkpt lat="44.103920" lon="7.357402"><ele>2193</ele></trkpt><trkpt lat="44.103895" lon="7.357414"><ele>2193</ele></trkpt><trkpt lat="44.103685" lon="7.357494"><ele>2192</ele></trkpt><trkpt lat="44.103555" lon="7.357609"><ele>2188</ele></trkpt><trkpt lat="44.103537" lon="7.357641"><ele>2187</ele></trkpt><trkpt lat="44.103481" lon="7.357775"><ele>2182</ele></trkpt><trkpt lat="44.103443" lon="7.357824"><ele>2180</ele></trkpt><trkpt lat="44.103427" lon="7.357899"><ele>2176</ele></trkpt><trkpt lat="44.103405" lon="7.357943"><ele>2175</ele></trkpt><trkpt lat="44.103324" lon="7.358047"><ele>2170</ele></trkpt><trkpt lat="44.103326" lon="7.358063"><ele>2169</ele></trkpt><trkpt lat="44.103440" lon="7.358126"><ele>2167</ele></trkpt><trkpt lat="44.103460" lon="7.358156"><ele>2166</ele></trkpt><trkpt lat="44.103467" lon="7.358181"><ele>2165</ele></trkpt><trkpt lat="44.103472" lon="7.358275"><ele>2161</ele></trkpt><trkpt lat="44.103451" lon="7.358326"><ele>2159</ele></trkpt><trkpt lat="44.103461" lon="7.358419"><ele>2156</ele></trkpt><trkpt lat="44.103455" lon="7.358465"><ele>2155</ele></trkpt><trkpt lat="44.103444" lon="7.358506"><ele>2153</ele></trkpt><trkpt lat="44.103429" lon="7.358538"><ele>2152</ele></trkpt><trkpt lat="44.103410" lon="7.358561"><ele>2151</ele></trkpt><trkpt lat="44.103408" lon="7.358574"><ele>2151</ele></trkpt><trkpt lat="44.103411" lon="7.358582"><ele>2150</ele></trkpt><trkpt lat="44.103472" lon="7.358609"><ele>2149</ele></trkpt><trkpt lat="44.103521" lon="7.358604"><ele>2150</ele></trkpt><trkpt lat="44.103538" lon="7.358586"><ele>2151</ele></trkpt><trkpt lat="44.103548" lon="7.358592"><ele>2151</ele></trkpt><trkpt lat="44.103550" lon="7.358605"><ele>2150</ele></trkpt><trkpt lat="44.103518" lon="7.358689"><ele>2145</ele></trkpt><trkpt lat="44.103485" lon="7.358736"><ele>2141</ele></trkpt><trkpt lat="44.103444" lon="7.358768"><ele>2139</ele></trkpt><trkpt lat="44.103380" lon="7.358801"><ele>2136</ele></trkpt><trkpt lat="44.103356" lon="7.358828"><ele>2134</ele></trkpt><trkpt lat="44.103356" lon="7.358844"><ele>2133</ele></trkpt><trkpt lat="44.103388" lon="7.358899"><ele>2130</ele></trkpt><trkpt lat="44.103370" lon="7.358922"><ele>2129</ele></trkpt><trkpt lat="44.103370" lon="7.358943"><ele>2128</ele></trkpt><trkpt lat="44.103402" lon="7.358985"><ele>2127</ele></trkpt><trkpt lat="44.103422" lon="7.359028"><ele>2126</ele></trkpt><trkpt lat="44.103420" lon="7.359049"><ele>2125</ele></trkpt><trkpt lat="44.103409" lon="7.359063"><ele>2124</ele></trkpt><trkpt lat="44.103397" lon="7.359058"><ele>2124</ele></trkpt><trkpt lat="44.103277" lon="7.358910"><ele>2127</ele></trkpt><trkpt lat="44.103177" lon="7.358935"><ele>2124</ele></trkpt><trkpt lat="44.103168" lon="7.358950"><ele>2123</ele></trkpt><trkpt lat="44.103275" lon="7.359032"><ele>2120</ele></trkpt><trkpt lat="44.103281" lon="7.359082"><ele>2117</ele></trkpt><trkpt lat="44.102941" lon="7.359188"><ele>2105</ele></trkpt><trkpt lat="44.102789" lon="7.359200"><ele>2099</ele></trkpt><trkpt lat="44.102749" lon="7.359164"><ele>2100</ele></trkpt><trkpt lat="44.102606" lon="7.359152"><ele>2098</ele></trkpt><trkpt lat="44.102651" lon="7.359202"><ele>2095</ele></trkpt><trkpt lat="44.102626" lon="7.359221"><ele>2093</ele></trkpt><trkpt lat="44.102527" lon="7.359223"><ele>2091</ele></trkpt><trkpt lat="44.102413" lon="7.359140"><ele>2101</ele></trkpt><trkpt lat="44.102269" lon="7.359190"><ele>2098</ele></trkpt><trkpt lat="44.102215" lon="7.359193"><ele>2097</ele></trkpt><trkpt lat="44.102119" lon="7.359236"><ele>2092</ele></trkpt><trkpt lat="44.102023" lon="7.359218"><ele>2094</ele></trkpt><trkpt lat="44.101967" lon="7.359265"><ele>2090</ele></trkpt><trkpt lat="44.101875" lon="7.359289"><ele>2087</ele></trkpt><trkpt lat="44.101813" lon="7.359385"><ele>2080</ele></trkpt><trkpt lat="44.101771" lon="7.359406"><ele>2080</ele></trkpt><trkpt lat="44.101697" lon="7.359568"><ele>2075</ele></trkpt><trkpt lat="44.101641" lon="7.359614"><ele>2076</ele></trkpt><trkpt lat="44.101582" lon="7.359755"><ele>2072</ele></trkpt><trkpt lat="44.101471" lon="7.359847"><ele>2070</ele></trkpt><trkpt lat="44.101471" lon="7.359847"><ele>2070</ele></trkpt><trkpt lat="44.101327" lon="7.359867"><ele>2069</ele></trkpt><trkpt lat="44.101270" lon="7.359819"><ele>2071</ele></trkpt><trkpt lat="44.101216" lon="7.359858"><ele>2069</ele></trkpt><trkpt lat="44.101126" lon="7.359844"><ele>2067</ele></trkpt><trkpt lat="44.101041" lon="7.359933"><ele>2061</ele></trkpt><trkpt lat="44.101012" lon="7.360077"><ele>2055</ele></trkpt><trkpt lat="44.100971" lon="7.360111"><ele>2054</ele></trkpt><trkpt lat="44.100919" lon="7.360119"><ele>2052</ele></trkpt><trkpt lat="44.100766" lon="7.360033"><ele>2053</ele></trkpt><trkpt lat="44.100707" lon="7.360027"><ele>2052</ele></trkpt><trkpt lat="44.100661" lon="7.360037"><ele>2051</ele></trkpt><trkpt lat="44.100615" lon="7.359982"><ele>2053</ele></trkpt><trkpt lat="44.100587" lon="7.360008"><ele>2051</ele></trkpt><trkpt lat="44.100587" lon="7.360145"><ele>2047</ele></trkpt><trkpt lat="44.100604" lon="7.360220"><ele>2045</ele></trkpt><trkpt lat="44.100568" lon="7.360239"><ele>2044</ele></trkpt><trkpt lat="44.100481" lon="7.360240"><ele>2043</ele></trkpt><trkpt lat="44.100411" lon="7.360246"><ele>2042</ele></trkpt><trkpt lat="44.100328" lon="7.360214"><ele>2042</ele></trkpt><trkpt lat="44.100181" lon="7.360205"><ele>2041</ele></trkpt><trkpt lat="44.100119" lon="7.360156"><ele>2042</ele></trkpt><trkpt lat="44.099966" lon="7.360157"><ele>2039</ele></trkpt><trkpt lat="44.099943" lon="7.360155"><ele>2039</ele></trkpt><trkpt lat="44.099919" lon="7.360138"><ele>2039</ele></trkpt><trkpt lat="44.099888" lon="7.360107"><ele>2039</ele></trkpt><trkpt lat="44.099863" lon="7.360065"><ele>2040</ele></trkpt><trkpt lat="44.099822" lon="7.360034"><ele>2040</ele></trkpt><trkpt lat="44.099728" lon="7.360007"><ele>2038</ele></trkpt><trkpt lat="44.099626" lon="7.359972"><ele>2037</ele></trkpt><trkpt lat="44.099514" lon="7.359957"><ele>2033</ele></trkpt><trkpt lat="44.099403" lon="7.359889"><ele>2032</ele></trkpt><trkpt lat="44.099323" lon="7.359826"><ele>2030</ele></trkpt><trkpt lat="44.099225" lon="7.359768"><ele>2027</ele></trkpt><trkpt lat="44.099140" lon="7.359725"><ele>2025</ele></trkpt><trkpt lat="44.099061" lon="7.359676"><ele>2022</ele></trkpt><trkpt lat="44.098959" lon="7.359625"><ele>2017</ele></trkpt><trkpt lat="44.098928" lon="7.359606"><ele>2016</ele></trkpt><trkpt lat="44.098897" lon="7.359597"><ele>2014</ele></trkpt><trkpt lat="44.098872" lon="7.359592"><ele>2013</ele></trkpt><trkpt lat="44.098851" lon="7.359595"><ele>2011</ele></trkpt><trkpt lat="44.098829" lon="7.359599"><ele>2010</ele></trkpt><trkpt lat="44.098813" lon="7.359589"><ele>2009</ele></trkpt><trkpt lat="44.098747" lon="7.359553"><ele>2006</ele></trkpt><trkpt lat="44.098677" lon="7.359458"><ele>2004</ele></trkpt><trkpt lat="44.098655" lon="7.359401"><ele>2004</ele></trkpt><trkpt lat="44.098638" lon="7.359371"><ele>2004</ele></trkpt><trkpt lat="44.098616" lon="7.359349"><ele>2003</ele></trkpt><trkpt lat="44.098592" lon="7.359314"><ele>2002</ele></trkpt><trkpt lat="44.098591" lon="7.359279"><ele>2003</ele></trkpt><trkpt lat="44.098623" lon="7.359043"><ele>2010</ele></trkpt><trkpt lat="44.098683" lon="7.358909"><ele>2016</ele></trkpt><trkpt lat="44.098763" lon="7.358754"><ele>2023</ele></trkpt><trkpt lat="44.098775" lon="7.358617"><ele>2026</ele></trkpt><trkpt lat="44.098732" lon="7.358531"><ele>2025</ele></trkpt><trkpt lat="44.098602" lon="7.358428"><ele>2020</ele></trkpt><trkpt lat="44.098510" lon="7.358358"><ele>2016</ele></trkpt><trkpt lat="44.098430" lon="7.358273"><ele>2013</ele></trkpt><trkpt lat="44.098387" lon="7.358218"><ele>2012</ele></trkpt><trkpt lat="44.098356" lon="7.358176"><ele>2011</ele></trkpt><trkpt lat="44.098340" lon="7.358159"><ele>2010</ele></trkpt><trkpt lat="44.098321" lon="7.358151"><ele>2009</ele></trkpt><trkpt lat="44.098307" lon="7.358158"><ele>2008</ele></trkpt><trkpt lat="44.098297" lon="7.358195"><ele>2007</ele></trkpt><trkpt lat="44.098314" lon="7.358303"><ele>2006</ele></trkpt><trkpt lat="44.098345" lon="7.358448"><ele>2005</ele></trkpt><trkpt lat="44.098387" lon="7.358540"><ele>2006</ele></trkpt><trkpt lat="44.098417" lon="7.358605"><ele>2006</ele></trkpt><trkpt lat="44.098421" lon="7.358619"><ele>2006</ele></trkpt><trkpt lat="44.098422" lon="7.358636"><ele>2006</ele></trkpt><trkpt lat="44.098421" lon="7.358644"><ele>2006</ele></trkpt><trkpt lat="44.098417" lon="7.358654"><ele>2005</ele></trkpt><trkpt lat="44.098409" lon="7.358660"><ele>2005</ele></trkpt><trkpt lat="44.098400" lon="7.358662"><ele>2004</ele></trkpt><trkpt lat="44.098392" lon="7.358659"><ele>2004</ele></trkpt><trkpt lat="44.098386" lon="7.358654"><ele>2003</ele></trkpt><trkpt lat="44.098368" lon="7.358634"><ele>2003</ele></trkpt><trkpt lat="44.098338" lon="7.358608"><ele>2002</ele></trkpt><trkpt lat="44.098294" lon="7.358584"><ele>1999</ele></trkpt><trkpt lat="44.098255" lon="7.358553"><ele>1998</ele></trkpt><trkpt lat="44.098199" lon="7.358520"><ele>1995</ele></trkpt><trkpt lat="44.098186" lon="7.358516"><ele>1995</ele></trkpt><trkpt lat="44.098168" lon="7.358498"><ele>1994</ele></trkpt><trkpt lat="44.098143" lon="7.358459"><ele>1994</ele></trkpt><trkpt lat="44.098115" lon="7.358405"><ele>1993</ele></trkpt><trkpt lat="44.098027" lon="7.358254"><ele>1992</ele></trkpt><trkpt lat="44.097946" lon="7.358117"><ele>1990</ele></trkpt><trkpt lat="44.097891" lon="7.358036"><ele>1989</ele></trkpt><trkpt lat="44.097864" lon="7.358011"><ele>1988</ele></trkpt><trkpt lat="44.097837" lon="7.358005"><ele>1987</ele></trkpt><trkpt lat="44.097783" lon="7.358042"><ele>1983</ele></trkpt><trkpt lat="44.097763" lon="7.358063"><ele>1982</ele></trkpt><trkpt lat="44.097749" lon="7.358099"><ele>1981</ele></trkpt><trkpt lat="44.097745" lon="7.358141"><ele>1980</ele></trkpt><trkpt lat="44.097772" lon="7.358241"><ele>1979</ele></trkpt><trkpt lat="44.097792" lon="7.358287"><ele>1979</ele></trkpt><trkpt lat="44.097794" lon="7.358303"><ele>1979</ele></trkpt><trkpt lat="44.097791" lon="7.358316"><ele>1979</ele></trkpt><trkpt lat="44.097778" lon="7.358320"><ele>1978</ele></trkpt><trkpt lat="44.097760" lon="7.358318"><ele>1977</ele></trkpt><trkpt lat="44.097734" lon="7.358310"><ele>1976</ele></trkpt><trkpt lat="44.097680" lon="7.358276"><ele>1974</ele></trkpt><trkpt lat="44.097627" lon="7.358240"><ele>1972</ele></trkpt><trkpt lat="44.097552" lon="7.358226"><ele>1968</ele></trkpt><trkpt lat="44.097520" lon="7.358215"><ele>1967</ele></trkpt><trkpt lat="44.097488" lon="7.358188"><ele>1966</ele></trkpt><trkpt lat="44.097461" lon="7.358160"><ele>1965</ele></trkpt><trkpt lat="44.097434" lon="7.358113"><ele>1965</ele></trkpt><trkpt lat="44.097405" lon="7.358052"><ele>1964</ele></trkpt><trkpt lat="44.097392" lon="7.358020"><ele>1964</ele></trkpt><trkpt lat="44.097386" lon="7.357982"><ele>1965</ele></trkpt><trkpt lat="44.097379" lon="7.357945"><ele>1965</ele></trkpt><trkpt lat="44.097366" lon="7.357900"><ele>1965</ele></trkpt><trkpt lat="44.097361" lon="7.357864"><ele>1965</ele></trkpt><trkpt lat="44.097348" lon="7.357780"><ele>1966</ele></trkpt><trkpt lat="44.097333" lon="7.357747"><ele>1966</ele></trkpt><trkpt lat="44.097316" lon="7.357722"><ele>1965</ele></trkpt><trkpt lat="44.097296" lon="7.357706"><ele>1965</ele></trkpt><trkpt lat="44.097255" lon="7.357665"><ele>1963</ele></trkpt><trkpt lat="44.097205" lon="7.357574"><ele>1962</ele></trkpt><trkpt lat="44.097180" lon="7.357531"><ele>1962</ele></trkpt><trkpt lat="44.097127" lon="7.357430"><ele>1960</ele></trkpt><trkpt lat="44.097083" lon="7.357317"><ele>1959</ele></trkpt><trkpt lat="44.097048" lon="7.357229"><ele>1958</ele></trkpt><trkpt lat="44.097045" lon="7.357203"><ele>1958</ele></trkpt><trkpt lat="44.097047" lon="7.357180"><ele>1959</ele></trkpt><trkpt lat="44.097050" lon="7.357137"><ele>1959</ele></trkpt><trkpt lat="44.097052" lon="7.357078"><ele>1960</ele></trkpt><trkpt lat="44.097051" lon="7.357036"><ele>1960</ele></trkpt><trkpt lat="44.097043" lon="7.357011"><ele>1960</ele></trkpt><trkpt lat="44.097026" lon="7.356989"><ele>1959</ele></trkpt><trkpt lat="44.096995" lon="7.356973"><ele>1958</ele></trkpt><trkpt lat="44.096947" lon="7.356952"><ele>1956</ele></trkpt><trkpt lat="44.096892" lon="7.356934"><ele>1953</ele></trkpt><trkpt lat="44.096807" lon="7.356906"><ele>1950</ele></trkpt><trkpt lat="44.096733" lon="7.356877"><ele>1946</ele></trkpt><trkpt lat="44.096705" lon="7.356883"><ele>1945</ele></trkpt><trkpt lat="44.096685" lon="7.356895"><ele>1944</ele></trkpt><trkpt lat="44.096662" lon="7.356937"><ele>1943</ele></trkpt><trkpt lat="44.096625" lon="7.356982"><ele>1941</ele></trkpt><trkpt lat="44.096536" lon="7.357092"><ele>1936</ele></trkpt><trkpt lat="44.096480" lon="7.357189"><ele>1933</ele></trkpt><trkpt lat="44.096469" lon="7.357265"><ele>1932</ele></trkpt><trkpt lat="44.096474" lon="7.357298"><ele>1932</ele></trkpt><trkpt lat="44.096485" lon="7.357334"><ele>1932</ele></trkpt><trkpt lat="44.096495" lon="7.357364"><ele>1932</ele></trkpt><trkpt lat="44.096502" lon="7.357390"><ele>1932</ele></trkpt><trkpt lat="44.096501" lon="7.357424"><ele>1932</ele></trkpt><trkpt lat="44.096494" lon="7.357467"><ele>1931</ele></trkpt><trkpt lat="44.096468" lon="7.357537"><ele>1930</ele></trkpt><trkpt lat="44.096452" lon="7.357568"><ele>1929</ele></trkpt><trkpt lat="44.096443" lon="7.357577"><ele>1928</ele></trkpt><trkpt lat="44.096433" lon="7.357582"><ele>1928</ele></trkpt><trkpt lat="44.096422" lon="7.357579"><ele>1927</ele></trkpt><trkpt lat="44.096413" lon="7.357564"><ele>1927</ele></trkpt><trkpt lat="44.096407" lon="7.357545"><ele>1927</ele></trkpt><trkpt lat="44.096389" lon="7.357481"><ele>1927</ele></trkpt><trkpt lat="44.096329" lon="7.357210"><ele>1926</ele></trkpt><trkpt lat="44.096238" lon="7.356998"><ele>1924</ele></trkpt><trkpt lat="44.096162" lon="7.356865"><ele>1922</ele></trkpt><trkpt lat="44.096016" lon="7.356375"><ele>1922</ele></trkpt><trkpt lat="44.095973" lon="7.356318"><ele>1921</ele></trkpt><trkpt lat="44.095970" lon="7.356383"><ele>1920</ele></trkpt><trkpt lat="44.095944" lon="7.356458"><ele>1918</ele></trkpt><trkpt lat="44.095874" lon="7.356514"><ele>1915</ele></trkpt><trkpt lat="44.095857" lon="7.356507"><ele>1915</ele></trkpt><trkpt lat="44.095835" lon="7.356489"><ele>1915</ele></trkpt><trkpt lat="44.095798" lon="7.356516"><ele>1913</ele></trkpt><trkpt lat="44.095798" lon="7.356516"><ele>1913</ele></trkpt><trkpt lat="44.095769" lon="7.356535"><ele>1912</ele></trkpt><trkpt lat="44.095769" lon="7.356535"><ele>1912</ele></trkpt><trkpt lat="44.095718" lon="7.356594"><ele>1910</ele></trkpt><trkpt lat="44.095718" lon="7.356594"><ele>1910</ele></trkpt><trkpt lat="44.095644" lon="7.356729"><ele>1907</ele></trkpt><trkpt lat="44.095683" lon="7.356885"><ele>1906</ele></trkpt><trkpt lat="44.095727" lon="7.357058"><ele>1906</ele></trkpt><trkpt lat="44.095782" lon="7.357325"><ele>1906</ele></trkpt><trkpt lat="44.095838" lon="7.357657"><ele>1905</ele></trkpt><trkpt lat="44.095805" lon="7.357705"><ele>1903</ele></trkpt><trkpt lat="44.095826" lon="7.357948"><ele>1901</ele></trkpt><trkpt lat="44.095776" lon="7.358184"><ele>1896</ele></trkpt><trkpt lat="44.095752" lon="7.358409"><ele>1892</ele></trkpt><trkpt lat="44.095768" lon="7.358479"><ele>1891</ele></trkpt><trkpt lat="44.095807" lon="7.358536"><ele>1892</ele></trkpt><trkpt lat="44.095830" lon="7.358681"><ele>1891</ele></trkpt><trkpt lat="44.095871" lon="7.358821"><ele>1890</ele></trkpt><trkpt lat="44.095922" lon="7.358924"><ele>1891</ele></trkpt><trkpt lat="44.095963" lon="7.358980"><ele>1891</ele></trkpt><trkpt lat="44.095955" lon="7.359087"><ele>1890</ele></trkpt><trkpt lat="44.095879" lon="7.359161"><ele>1886</ele></trkpt><trkpt lat="44.095859" lon="7.359224"><ele>1885</ele></trkpt><trkpt lat="44.095776" lon="7.359330"><ele>1881</ele></trkpt><trkpt lat="44.095774" lon="7.359445"><ele>1880</ele></trkpt><trkpt lat="44.095681" lon="7.359558"><ele>1876</ele></trkpt><trkpt lat="44.095639" lon="7.359608"><ele>1875</ele></trkpt><trkpt lat="44.095580" lon="7.359736"><ele>1873</ele></trkpt><trkpt lat="44.095608" lon="7.359764"><ele>1874</ele></trkpt><trkpt lat="44.095660" lon="7.359749"><ele>1874</ele></trkpt><trkpt lat="44.095680" lon="7.359773"><ele>1874</ele></trkpt><trkpt lat="44.095625" lon="7.359830"><ele>1873</ele></trkpt><trkpt lat="44.095564" lon="7.359838"><ele>1873</ele></trkpt><trkpt lat="44.095494" lon="7.359896"><ele>1872</ele></trkpt><trkpt lat="44.095436" lon="7.359945"><ele>1871</ele></trkpt><trkpt lat="44.095436" lon="7.359945"><ele>1871</ele></trkpt><trkpt lat="44.095423" lon="7.359990"><ele>1872</ele></trkpt><trkpt lat="44.095423" lon="7.359990"><ele>1872</ele></trkpt><trkpt lat="44.095395" lon="7.360091"><ele>1872</ele></trkpt><trkpt lat="44.095395" lon="7.360091"><ele>1872</ele></trkpt><trkpt lat="44.095387" lon="7.360121"><ele>1872</ele></trkpt><trkpt lat="44.095387" lon="7.360121"><ele>1872</ele></trkpt><trkpt lat="44.095468" lon="7.360139"><ele>1873</ele></trkpt><trkpt lat="44.095468" lon="7.360139"><ele>1873</ele></trkpt><trkpt lat="44.095595" lon="7.360129"><ele>1875</ele></trkpt><trkpt lat="44.095629" lon="7.360193"><ele>1876</ele></trkpt><trkpt lat="44.095754" lon="7.360226"><ele>1878</ele></trkpt><trkpt lat="44.095920" lon="7.360214"><ele>1879</ele></trkpt><trkpt lat="44.095942" lon="7.360253"><ele>1879</ele></trkpt><trkpt lat="44.095915" lon="7.360414"><ele>1881</ele></trkpt><trkpt lat="44.095962" lon="7.360497"><ele>1882</ele></trkpt><trkpt lat="44.096000" lon="7.360536"><ele>1883</ele></trkpt><trkpt lat="44.096035" lon="7.360622"><ele>1884</ele></trkpt><trkpt lat="44.096117" lon="7.360840"><ele>1887</ele></trkpt><trkpt lat="44.096120" lon="7.360908"><ele>1887</ele></trkpt><trkpt lat="44.096104" lon="7.360981"><ele>1888</ele></trkpt><trkpt lat="44.096054" lon="7.361033"><ele>1888</ele></trkpt><trkpt lat="44.096054" lon="7.361033"><ele>1888</ele></trkpt><trkpt lat="44.096054" lon="7.361113"><ele>1889</ele></trkpt><trkpt lat="44.096054" lon="7.361113"><ele>1889</ele></trkpt><trkpt lat="44.096086" lon="7.361175"><ele>1889</ele></trkpt><trkpt lat="44.096153" lon="7.361193"><ele>1889</ele></trkpt><trkpt lat="44.096182" lon="7.361238"><ele>1889</ele></trkpt><trkpt lat="44.096211" lon="7.361252"><ele>1889</ele></trkpt><trkpt lat="44.096225" lon="7.361284"><ele>1890</ele></trkpt><trkpt lat="44.096234" lon="7.361302"><ele>1890</ele></trkpt><trkpt lat="44.096256" lon="7.361347"><ele>1890</ele></trkpt><trkpt lat="44.096260" lon="7.361395"><ele>1891</ele></trkpt><trkpt lat="44.096289" lon="7.361433"><ele>1891</ele></trkpt><trkpt lat="44.096296" lon="7.361549"><ele>1891</ele></trkpt><trkpt lat="44.096313" lon="7.361557"><ele>1891</ele></trkpt><trkpt lat="44.096337" lon="7.361563"><ele>1891</ele></trkpt><trkpt lat="44.096337" lon="7.361563"><ele>1891</ele></trkpt><trkpt lat="44.096422" lon="7.361641"><ele>1892</ele></trkpt><trkpt lat="44.096422" lon="7.361641"><ele>1892</ele></trkpt><trkpt lat="44.096454" lon="7.361616"><ele>1892</ele></trkpt><trkpt lat="44.096454" lon="7.361616"><ele>1892</ele></trkpt><trkpt lat="44.096482" lon="7.361677"><ele>1893</ele></trkpt><trkpt lat="44.096498" lon="7.361715"><ele>1893</ele></trkpt><trkpt lat="44.096557" lon="7.361780"><ele>1893</ele></trkpt><trkpt lat="44.096626" lon="7.361865"><ele>1894</ele></trkpt><trkpt lat="44.096922" lon="7.361972"><ele>1899</ele></trkpt><trkpt lat="44.097042" lon="7.361980"><ele>1901</ele></trkpt><trkpt lat="44.097135" lon="7.361975"><ele>1902</ele></trkpt><trkpt lat="44.097212" lon="7.361992"><ele>1904</ele></trkpt><trkpt lat="44.097304" lon="7.362054"><ele>1907</ele></trkpt><trkpt lat="44.097358" lon="7.362107"><ele>1908</ele></trkpt><trkpt lat="44.097410" lon="7.362159"><ele>1910</ele></trkpt><trkpt lat="44.097491" lon="7.362194"><ele>1912</ele></trkpt><trkpt lat="44.097546" lon="7.362162"><ele>1913</ele></trkpt><trkpt lat="44.097617" lon="7.362254"><ele>1916</ele></trkpt><trkpt lat="44.097665" lon="7.362202"><ele>1916</ele></trkpt><trkpt lat="44.097831" lon="7.362287"><ele>1920</ele></trkpt><trkpt lat="44.097856" lon="7.362293"><ele>1920</ele></trkpt><trkpt lat="44.097959" lon="7.362305"><ele>1922</ele></trkpt><trkpt lat="44.098010" lon="7.362356"><ele>1923</ele></trkpt><trkpt lat="44.098108" lon="7.362415"><ele>1926</ele></trkpt><trkpt lat="44.098159" lon="7.362491"><ele>1928</ele></trkpt><trkpt lat="44.098374" lon="7.362569"><ele>1933</ele></trkpt><trkpt lat="44.098469" lon="7.362607"><ele>1936</ele></trkpt><trkpt lat="44.098546" lon="7.362654"><ele>1939</ele></trkpt><trkpt lat="44.098662" lon="7.362619"><ele>1941</ele></trkpt><trkpt lat="44.098731" lon="7.362655"><ele>1943</ele></trkpt><trkpt lat="44.098810" lon="7.362723"><ele>1947</ele></trkpt><trkpt lat="44.098874" lon="7.362656"><ele>1947</ele></trkpt><trkpt lat="44.099017" lon="7.362742"><ele>1954</ele></trkpt><trkpt lat="44.099363" lon="7.362733"><ele>1963</ele></trkpt><trkpt lat="44.099493" lon="7.362639"><ele>1964</ele></trkpt><trkpt lat="44.099643" lon="7.362680"><ele>1968</ele></trkpt><trkpt lat="44.099771" lon="7.362792"><ele>1972</ele></trkpt><trkpt lat="44.099949" lon="7.362957"><ele>1977</ele></trkpt><trkpt lat="44.100012" lon="7.363055"><ele>1979</ele></trkpt><trkpt lat="44.100057" lon="7.363168"><ele>1982</ele></trkpt><trkpt lat="44.100097" lon="7.363236"><ele>1984</ele></trkpt><trkpt lat="44.100102" lon="7.363313"><ele>1986</ele></trkpt><trkpt lat="44.100118" lon="7.363355"><ele>1987</ele></trkpt><trkpt lat="44.100118" lon="7.363409"><ele>1988</ele></trkpt><trkpt lat="44.100223" lon="7.363418"><ele>1990</ele></trkpt><trkpt lat="44.100383" lon="7.363467"><ele>1993</ele></trkpt><trkpt lat="44.100572" lon="7.363449"><ele>1995</ele></trkpt><trkpt lat="44.100654" lon="7.363495"><ele>1997</ele></trkpt><trkpt lat="44.100568" lon="7.363645"><ele>2000</ele></trkpt><trkpt lat="44.100525" lon="7.363859"><ele>2006</ele></trkpt><trkpt lat="44.100616" lon="7.363851"><ele>2006</ele></trkpt><trkpt lat="44.100722" lon="7.363877"><ele>2008</ele></trkpt><trkpt lat="44.100806" lon="7.363912"><ele>2010</ele></trkpt><trkpt lat="44.100852" lon="7.363926"><ele>2010</ele></trkpt><trkpt lat="44.100989" lon="7.364121"><ele>2017</ele></trkpt><trkpt lat="44.101079" lon="7.364145"><ele>2019</ele></trkpt><trkpt lat="44.101201" lon="7.364290"><ele>2024</ele></trkpt><trkpt lat="44.101325" lon="7.364347"><ele>2028</ele></trkpt><trkpt lat="44.101474" lon="7.364422"><ele>2033</ele></trkpt><trkpt lat="44.101757" lon="7.364465"><ele>2040</ele></trkpt><trkpt lat="44.101793" lon="7.364384"><ele>2039</ele></trkpt><trkpt lat="44.101844" lon="7.364356"><ele>2040</ele></trkpt><trkpt lat="44.101872" lon="7.364399"><ele>2042</ele></trkpt><trkpt lat="44.101849" lon="7.364445"><ele>2042</ele></trkpt><trkpt lat="44.101840" lon="7.364511"><ele>2044</ele></trkpt><trkpt lat="44.101942" lon="7.364723"><ele>2051</ele></trkpt><trkpt lat="44.101929" lon="7.364791"><ele>2052</ele></trkpt><trkpt lat="44.101953" lon="7.364859"><ele>2054</ele></trkpt><trkpt lat="44.101940" lon="7.364907"><ele>2055</ele></trkpt><trkpt lat="44.101946" lon="7.364951"><ele>2056</ele></trkpt><trkpt lat="44.101931" lon="7.364987"><ele>2056</ele></trkpt><trkpt lat="44.101946" lon="7.365014"><ele>2057</ele></trkpt><trkpt lat="44.101940" lon="7.365055"><ele>2058</ele></trkpt><trkpt lat="44.101926" lon="7.365096"><ele>2058</ele></trkpt><trkpt lat="44.101926" lon="7.365145"><ele>2059</ele></trkpt><trkpt lat="44.101935" lon="7.365175"><ele>2060</ele></trkpt><trkpt lat="44.101957" lon="7.365162"><ele>2060</ele></trkpt><trkpt lat="44.101948" lon="7.365203"><ele>2060</ele></trkpt><trkpt lat="44.101976" lon="7.365322"><ele>2063</ele></trkpt><trkpt lat="44.101958" lon="7.365355"><ele>2064</ele></trkpt><trkpt lat="44.101968" lon="7.365419"><ele>2065</ele></trkpt><trkpt lat="44.101995" lon="7.365498"><ele>2067</ele></trkpt><trkpt lat="44.102012" lon="7.365552"><ele>2068</ele></trkpt><trkpt lat="44.102052" lon="7.365575"><ele>2069</ele></trkpt><trkpt lat="44.102058" lon="7.365631"><ele>2070</ele></trkpt><trkpt lat="44.102095" lon="7.365652"><ele>2070</ele></trkpt><trkpt lat="44.102127" lon="7.365710"><ele>2071</ele></trkpt><trkpt lat="44.102143" lon="7.365853"><ele>2074</ele></trkpt><trkpt lat="44.102097" lon="7.365935"><ele>2075</ele></trkpt><trkpt lat="44.102096" lon="7.366005"><ele>2076</ele></trkpt><trkpt lat="44.102078" lon="7.366052"><ele>2077</ele></trkpt><trkpt lat="44.102025" lon="7.366267"><ele>2080</ele></trkpt><trkpt lat="44.102015" lon="7.366344"><ele>2081</ele></trkpt><trkpt lat="44.102004" lon="7.366406"><ele>2082</ele></trkpt><trkpt lat="44.102016" lon="7.366564"><ele>2085</ele></trkpt><trkpt lat="44.101991" lon="7.366635"><ele>2086</ele></trkpt><trkpt lat="44.101975" lon="7.366703"><ele>2087</ele></trkpt><trkpt lat="44.102010" lon="7.366806"><ele>2089</ele></trkpt><trkpt lat="44.101976" lon="7.366882"><ele>2090</ele></trkpt><trkpt lat="44.101979" lon="7.366974"><ele>2091</ele></trkpt><trkpt lat="44.101973" lon="7.367016"><ele>2092</ele></trkpt><trkpt lat="44.101960" lon="7.367063"><ele>2092</ele></trkpt><trkpt lat="44.101844" lon="7.367156"><ele>2094</ele></trkpt><trkpt lat="44.101783" lon="7.367133"><ele>2095</ele></trkpt><trkpt lat="44.101696" lon="7.367169"><ele>2097</ele></trkpt><trkpt lat="44.101590" lon="7.367321"><ele>2100</ele></trkpt><trkpt lat="44.101499" lon="7.367452"><ele>2104</ele></trkpt><trkpt lat="44.101475" lon="7.367544"><ele>2106</ele></trkpt><trkpt lat="44.101180" lon="7.368100"><ele>2120</ele></trkpt><trkpt lat="44.101104" lon="7.368709"><ele>2135</ele></trkpt><trkpt lat="44.100999" lon="7.368799"><ele>2142</ele></trkpt><trkpt lat="44.100814" lon="7.368731"><ele>2147</ele></trkpt><trkpt lat="44.100742" lon="7.368717"><ele>2149</ele></trkpt><trkpt lat="44.100711" lon="7.368830"><ele>2154</ele></trkpt><trkpt lat="44.100692" lon="7.368983"><ele>2160</ele></trkpt><trkpt lat="44.100615" lon="7.369074"><ele>2166</ele></trkpt><trkpt lat="44.100710" lon="7.369332"><ele>2171</ele></trkpt><trkpt lat="44.100730" lon="7.369541"><ele>2176</ele></trkpt><trkpt lat="44.100895" lon="7.369932"><ele>2181</ele></trkpt><trkpt lat="44.100956" lon="7.370110"><ele>2183</ele></trkpt><trkpt lat="44.100910" lon="7.370241"><ele>2188</ele></trkpt><trkpt lat="44.100919" lon="7.370362"><ele>2190</ele></trkpt><trkpt lat="44.101030" lon="7.371031"><ele>2200</ele></trkpt><trkpt lat="44.101064" lon="7.371322"><ele>2203</ele></trkpt><trkpt lat="44.100996" lon="7.371614"><ele>2209</ele></trkpt><trkpt lat="44.101220" lon="7.372572"><ele>2223</ele></trkpt><trkpt lat="44.101177" lon="7.372939"><ele>2233</ele></trkpt><trkpt lat="44.101215" lon="7.372979"><ele>2232</ele></trkpt><trkpt lat="44.101323" lon="7.373657"><ele>2246</ele></trkpt><trkpt lat="44.101474" lon="7.373975"><ele>2253</ele></trkpt><trkpt lat="44.101782" lon="7.374181"><ele>2252</ele></trkpt><trkpt lat="44.102029" lon="7.374378"><ele>2255</ele></trkpt><trkpt lat="44.102140" lon="7.374404"><ele>2253</ele></trkpt><trkpt lat="44.102189" lon="7.374507"><ele>2255</ele></trkpt><trkpt lat="44.102158" lon="7.374681"><ele>2264</ele></trkpt><trkpt lat="44.102259" lon="7.375072"><ele>2279</ele></trkpt><trkpt lat="44.102359" lon="7.375151"><ele>2279</ele></trkpt><trkpt lat="44.102292" lon="7.375412"><ele>2290</ele></trkpt><trkpt lat="44.102307" lon="7.375883"><ele>2303</ele></trkpt><trkpt lat="44.102470" lon="7.376226"><ele>2307</ele></trkpt><trkpt lat="44.102492" lon="7.376587"><ele>2314</ele></trkpt><trkpt lat="44.102450" lon="7.376882"><ele>2319</ele></trkpt><trkpt lat="44.102439" lon="7.377026"><ele>2322</ele></trkpt><trkpt lat="44.102458" lon="7.377695"><ele>2335</ele></trkpt><trkpt lat="44.102431" lon="7.377835"><ele>2338</ele></trkpt><trkpt lat="44.102460" lon="7.378009"><ele>2343</ele></trkpt><trkpt lat="44.102544" lon="7.378107"><ele>2348</ele></trkpt><trkpt lat="44.102531" lon="7.378408"><ele>2355</ele></trkpt><trkpt lat="44.102582" lon="7.378906"><ele>2368</ele></trkpt><trkpt lat="44.102508" lon="7.379154"><ele>2372</ele></trkpt><trkpt lat="44.102596" lon="7.379340"><ele>2376</ele></trkpt><trkpt lat="44.102752" lon="7.379253"><ele>2378</ele></trkpt><trkpt lat="44.102808" lon="7.379723"><ele>2384</ele></trkpt><trkpt lat="44.102781" lon="7.380129"><ele>2386</ele></trkpt><trkpt lat="44.102728" lon="7.380326"><ele>2387</ele></trkpt><trkpt lat="44.102583" lon="7.380511"><ele>2386</ele></trkpt><trkpt lat="44.102560" lon="7.380620"><ele>2386</ele></trkpt><trkpt lat="44.102554" lon="7.380723"><ele>2387</ele></trkpt><trkpt lat="44.102534" lon="7.380816"><ele>2388</ele></trkpt><trkpt lat="44.102460" lon="7.380850"><ele>2387</ele></trkpt><trkpt lat="44.102423" lon="7.381048"><ele>2389</ele></trkpt><trkpt lat="44.102339" lon="7.381233"><ele>2394</ele></trkpt><trkpt lat="44.102090" lon="7.381262"><ele>2400</ele></trkpt><trkpt lat="44.102027" lon="7.381388"><ele>2404</ele></trkpt><trkpt lat="44.101992" lon="7.381520"><ele>2406</ele></trkpt><trkpt lat="44.101918" lon="7.381691"><ele>2409</ele></trkpt><trkpt lat="44.101971" lon="7.381879"><ele>2411</ele></trkpt><trkpt lat="44.101921" lon="7.382042"><ele>2415</ele></trkpt><trkpt lat="44.101844" lon="7.382148"><ele>2419</ele></trkpt><trkpt lat="44.101751" lon="7.382249"><ele>2422</ele></trkpt><trkpt lat="44.101685" lon="7.382339"><ele>2424</ele></trkpt><trkpt lat="44.101659" lon="7.382824"><ele>2432</ele></trkpt><trkpt lat="44.101659" lon="7.382980"><ele>2434</ele></trkpt><trkpt lat="44.101476" lon="7.383285"><ele>2441</ele></trkpt><trkpt lat="44.101426" lon="7.383487"><ele>2447</ele></trkpt><trkpt lat="44.101466" lon="7.383665"><ele>2450</ele></trkpt><trkpt lat="44.101504" lon="7.383784"><ele>2454</ele></trkpt><trkpt lat="44.101564" lon="7.383974"><ele>2459</ele></trkpt><trkpt lat="44.101636" lon="7.384149"><ele>2466</ele></trkpt><trkpt lat="44.101665" lon="7.384260"><ele>2469</ele></trkpt><trkpt lat="44.101767" lon="7.384355"><ele>2473</ele></trkpt><trkpt lat="44.101757" lon="7.384422"><ele>2474</ele></trkpt><trkpt lat="44.101687" lon="7.384501"><ele>2476</ele></trkpt><trkpt lat="44.101723" lon="7.384601"><ele>2479</ele></trkpt><trkpt lat="44.101805" lon="7.384637"><ele>2481</ele></trkpt><trkpt lat="44.101845" lon="7.384633"><ele>2482</ele></trkpt><trkpt lat="44.101862" lon="7.384690"><ele>2484</ele></trkpt><trkpt lat="44.101821" lon="7.384789"><ele>2485</ele></trkpt><trkpt lat="44.101625" lon="7.384970"><ele>2485</ele></trkpt><trkpt lat="44.101434" lon="7.385092"><ele>2489</ele></trkpt><trkpt lat="44.101407" lon="7.385157"><ele>2491</ele></trkpt><trkpt lat="44.101431" lon="7.385220"><ele>2492</ele></trkpt><trkpt lat="44.101420" lon="7.385282"><ele>2493</ele></trkpt><trkpt lat="44.101261" lon="7.385657"><ele>2505</ele></trkpt><trkpt lat="44.101228" lon="7.385741"><ele>2506</ele></trkpt><trkpt lat="44.101189" lon="7.385770"><ele>2508</ele></trkpt><trkpt lat="44.101168" lon="7.385828"><ele>2508</ele></trkpt><trkpt lat="44.101168" lon="7.385828"><ele>2508</ele></trkpt><trkpt lat="44.101158" lon="7.385862"><ele>2508</ele></trkpt><trkpt lat="44.101110" lon="7.385885"><ele>2509</ele></trkpt><trkpt lat="44.101104" lon="7.385919"><ele>2509</ele></trkpt><trkpt lat="44.101165" lon="7.385983"><ele>2508</ele></trkpt><trkpt lat="44.101091" lon="7.386016"><ele>2509</ele></trkpt><trkpt lat="44.101146" lon="7.386055"><ele>2508</ele></trkpt><trkpt lat="44.101118" lon="7.386078"><ele>2508</ele></trkpt><trkpt lat="44.101143" lon="7.386114"><ele>2507</ele></trkpt><trkpt lat="44.101151" lon="7.386140"><ele>2507</ele></trkpt><trkpt lat="44.101081" lon="7.386139"><ele>2508</ele></trkpt><trkpt lat="44.101035" lon="7.386206"><ele>2507</ele></trkpt><trkpt lat="44.101109" lon="7.386267"><ele>2505</ele></trkpt><trkpt lat="44.101071" lon="7.386272"><ele>2506</ele></trkpt><trkpt lat="44.101052" lon="7.386300"><ele>2506</ele></trkpt><trkpt lat="44.101044" lon="7.386382"><ele>2504</ele></trkpt><trkpt lat="44.101085" lon="7.386411"><ele>2503</ele></trkpt><trkpt lat="44.101055" lon="7.386428"><ele>2503</ele></trkpt><trkpt lat="44.100963" lon="7.386468"><ele>2503</ele></trkpt><trkpt lat="44.100870" lon="7.386541"><ele>2502</ele></trkpt><trkpt lat="44.100747" lon="7.386824"><ele>2495</ele></trkpt><trkpt lat="44.100380" lon="7.387187"><ele>2482</ele></trkpt><trkpt lat="44.100311" lon="7.387227"><ele>2479</ele></trkpt><trkpt lat="44.100289" lon="7.387317"><ele>2474</ele></trkpt><trkpt lat="44.100271" lon="7.387528"><ele>2461</ele></trkpt><trkpt lat="44.100230" lon="7.387651"><ele>2453</ele></trkpt><trkpt lat="44.100205" lon="7.387733"><ele>2447</ele></trkpt><trkpt lat="44.100109" lon="7.388044"><ele>2432</ele></trkpt><trkpt lat="44.100031" lon="7.388482"><ele>2413</ele></trkpt><trkpt lat="44.100033" lon="7.388782"><ele>2403</ele></trkpt><trkpt lat="44.100116" lon="7.389006"><ele>2394</ele></trkpt><trkpt lat="44.100159" lon="7.389341"><ele>2377</ele></trkpt><trkpt lat="44.100156" lon="7.389613"><ele>2364</ele></trkpt><trkpt lat="44.100288" lon="7.389673"><ele>2366</ele></trkpt><trkpt lat="44.100306" lon="7.389815"><ele>2367</ele></trkpt><trkpt lat="44.100219" lon="7.390124"><ele>2358</ele></trkpt><trkpt lat="44.100139" lon="7.390674"><ele>2350</ele></trkpt><trkpt lat="44.099990" lon="7.391059"><ele>2341</ele></trkpt><trkpt lat="44.099850" lon="7.391286"><ele>2334</ele></trkpt><trkpt lat="44.099828" lon="7.391390"><ele>2330</ele></trkpt><trkpt lat="44.099789" lon="7.391453"><ele>2329</ele></trkpt><trkpt lat="44.099823" lon="7.391502"><ele>2324</ele></trkpt><trkpt lat="44.099771" lon="7.391575"><ele>2321</ele></trkpt><trkpt lat="44.099614" lon="7.391668"><ele>2323</ele></trkpt><trkpt lat="44.099524" lon="7.391799"><ele>2322</ele></trkpt><trkpt lat="44.099593" lon="7.391902"><ele>2311</ele></trkpt><trkpt lat="44.099565" lon="7.392014"><ele>2305</ele></trkpt><trkpt lat="44.099582" lon="7.392097"><ele>2298</ele></trkpt><trkpt lat="44.099359" lon="7.392383"><ele>2286</ele></trkpt><trkpt lat="44.099237" lon="7.392369"><ele>2291</ele></trkpt><trkpt lat="44.098970" lon="7.392545"><ele>2279</ele></trkpt><trkpt lat="44.098754" lon="7.392751"><ele>2264</ele></trkpt><trkpt lat="44.098599" lon="7.393044"><ele>2251</ele></trkpt><trkpt lat="44.098546" lon="7.393090"><ele>2249</ele></trkpt><trkpt lat="44.098461" lon="7.393112"><ele>2246</ele></trkpt><trkpt lat="44.098387" lon="7.393158"><ele>2243</ele></trkpt><trkpt lat="44.098374" lon="7.393192"><ele>2242</ele></trkpt><trkpt lat="44.098421" lon="7.393246"><ele>2240</ele></trkpt><trkpt lat="44.098477" lon="7.393256"><ele>2241</ele></trkpt><trkpt lat="44.098485" lon="7.393329"><ele>2238</ele></trkpt><trkpt lat="44.098486" lon="7.393377"><ele>2236</ele></trkpt><trkpt lat="44.098428" lon="7.393439"><ele>2232</ele></trkpt><trkpt lat="44.098440" lon="7.393514"><ele>2228</ele></trkpt><trkpt lat="44.098460" lon="7.393559"><ele>2225</ele></trkpt><trkpt lat="44.098446" lon="7.393584"><ele>2224</ele></trkpt><trkpt lat="44.098410" lon="7.393607"><ele>2223</ele></trkpt><trkpt lat="44.098384" lon="7.393686"><ele>2219</ele></trkpt><trkpt lat="44.098357" lon="7.393698"><ele>2219</ele></trkpt><trkpt lat="44.098339" lon="7.393740"><ele>2217</ele></trkpt><trkpt lat="44.098360" lon="7.393759"><ele>2216</ele></trkpt><trkpt lat="44.098406" lon="7.393782"><ele>2214</ele></trkpt><trkpt lat="44.098421" lon="7.393834"><ele>2212</ele></trkpt><trkpt lat="44.098399" lon="7.393898"><ele>2210</ele></trkpt><trkpt lat="44.098336" lon="7.393981"><ele>2208</ele></trkpt><trkpt lat="44.098279" lon="7.394041"><ele>2208</ele></trkpt><trkpt lat="44.098258" lon="7.394076"><ele>2207</ele></trkpt><trkpt lat="44.098169" lon="7.394161"><ele>2201</ele></trkpt><trkpt lat="44.098077" lon="7.394315"><ele>2194</ele></trkpt><trkpt lat="44.098057" lon="7.394343"><ele>2194</ele></trkpt><trkpt lat="44.098077" lon="7.394418"><ele>2189</ele></trkpt><trkpt lat="44.098040" lon="7.394461"><ele>2187</ele></trkpt><trkpt lat="44.098001" lon="7.394486"><ele>2186</ele></trkpt><trkpt lat="44.097982" lon="7.394523"><ele>2184</ele></trkpt><trkpt lat="44.097943" lon="7.394545"><ele>2182</ele></trkpt><trkpt lat="44.097902" lon="7.394590"><ele>2180</ele></trkpt><trkpt lat="44.097914" lon="7.394640"><ele>2178</ele></trkpt><trkpt lat="44.097968" lon="7.394698"><ele>2175</ele></trkpt><trkpt lat="44.098000" lon="7.394700"><ele>2175</ele></trkpt><trkpt lat="44.098024" lon="7.394749"><ele>2172</ele></trkpt><trkpt lat="44.098070" lon="7.394762"><ele>2170</ele></trkpt><trkpt lat="44.098095" lon="7.394776"><ele>2169</ele></trkpt><trkpt lat="44.098167" lon="7.394788"><ele>2165</ele></trkpt><trkpt lat="44.098252" lon="7.394824"><ele>2159</ele></trkpt><trkpt lat="44.098411" lon="7.394981"><ele>2150</ele></trkpt><trkpt lat="44.098463" lon="7.395017"><ele>2152</ele></trkpt><trkpt lat="44.098549" lon="7.395073"><ele>2161</ele></trkpt><trkpt lat="44.098573" lon="7.395123"><ele>2165</ele></trkpt><trkpt lat="44.098545" lon="7.395175"><ele>2162</ele></trkpt><trkpt lat="44.098567" lon="7.395219"><ele>2165</ele></trkpt><trkpt lat="44.098591" lon="7.395283"><ele>2168</ele></trkpt><trkpt lat="44.098587" lon="7.395354"><ele>2167</ele></trkpt><trkpt lat="44.098633" lon="7.395444"><ele>2171</ele></trkpt><trkpt lat="44.098647" lon="7.395534"><ele>2172</ele></trkpt><trkpt lat="44.098728" lon="7.395736"><ele>2172</ele></trkpt><trkpt lat="44.098729" lon="7.395793"><ele>2170</ele></trkpt><trkpt lat="44.098729" lon="7.395793"><ele>2170</ele></trkpt><trkpt lat="44.098792" lon="7.395940"><ele>2169</ele></trkpt><trkpt lat="44.098816" lon="7.395981"><ele>2169</ele></trkpt><trkpt lat="44.098854" lon="7.396024"><ele>2170</ele></trkpt><trkpt lat="44.098840" lon="7.396202"><ele>2165</ele></trkpt><trkpt lat="44.098824" lon="7.396249"><ele>2163</ele></trkpt><trkpt lat="44.098844" lon="7.396381"><ele>2162</ele></trkpt><trkpt lat="44.098846" lon="7.396518"><ele>2161</ele></trkpt><trkpt lat="44.098903" lon="7.396647"><ele>2162</ele></trkpt><trkpt lat="44.098960" lon="7.396782"><ele>2164</ele></trkpt><trkpt lat="44.098972" lon="7.396962"><ele>2165</ele></trkpt><trkpt lat="44.099080" lon="7.396963"><ele>2167</ele></trkpt><trkpt lat="44.099225" lon="7.396974"><ele>2170</ele></trkpt><trkpt lat="44.099300" lon="7.396842"><ele>2173</ele></trkpt><trkpt lat="44.099391" lon="7.396804"><ele>2175</ele></trkpt><trkpt lat="44.099470" lon="7.396724"><ele>2178</ele></trkpt><trkpt lat="44.099407" lon="7.396654"><ele>2178</ele></trkpt><trkpt lat="44.099461" lon="7.396573"><ele>2181</ele></trkpt><trkpt lat="44.099461" lon="7.396573"><ele>2181</ele></trkpt><trkpt lat="44.099396" lon="7.396492"><ele>2181</ele></trkpt><trkpt lat="44.099396" lon="7.396492"><ele>2181</ele></trkpt><trkpt lat="44.099402" lon="7.396441"><ele>2183</ele></trkpt><trkpt lat="44.099511" lon="7.396441"><ele>2186</ele></trkpt><trkpt lat="44.099554" lon="7.396380"><ele>2189</ele></trkpt><trkpt lat="44.099554" lon="7.396380"><ele>2189</ele></trkpt><trkpt lat="44.099861" lon="7.396389"><ele>2197</ele></trkpt><trkpt lat="44.099967" lon="7.396419"><ele>2197</ele></trkpt><trkpt lat="44.100048" lon="7.396370"><ele>2200</ele></trkpt><trkpt lat="44.100152" lon="7.396319"><ele>2203</ele></trkpt><trkpt lat="44.100220" lon="7.396319"><ele>2203</ele></trkpt><trkpt lat="44.100274" lon="7.396341"><ele>2203</ele></trkpt><trkpt lat="44.100325" lon="7.396359"><ele>2202</ele></trkpt><trkpt lat="44.100369" lon="7.396357"><ele>2202</ele></trkpt><trkpt lat="44.100579" lon="7.396314"><ele>2203</ele></trkpt><trkpt lat="44.100714" lon="7.396319"><ele>2201</ele></trkpt><trkpt lat="44.100846" lon="7.396351"><ele>2198</ele></trkpt><trkpt lat="44.100887" lon="7.396338"><ele>2198</ele></trkpt><trkpt lat="44.100947" lon="7.396263"><ele>2200</ele></trkpt><trkpt lat="44.101024" lon="7.396164"><ele>2202</ele></trkpt><trkpt lat="44.101161" lon="7.396089"><ele>2204</ele></trkpt><trkpt lat="44.101218" lon="7.396075"><ele>2204</ele></trkpt><trkpt lat="44.101218" lon="7.396075"><ele>2204</ele></trkpt><trkpt lat="44.101421" lon="7.396087"><ele>2199</ele></trkpt><trkpt lat="44.101677" lon="7.396075"><ele>2198</ele></trkpt><trkpt lat="44.101766" lon="7.396067"><ele>2198</ele></trkpt><trkpt lat="44.101908" lon="7.396003"><ele>2201</ele></trkpt><trkpt lat="44.102163" lon="7.395989"><ele>2201</ele></trkpt><trkpt lat="44.102163" lon="7.395989"><ele>2201</ele></trkpt><trkpt lat="44.102372" lon="7.395810"><ele>2209</ele></trkpt><trkpt lat="44.103146" lon="7.396160"><ele>2202</ele></trkpt><trkpt lat="44.103485" lon="7.396240"><ele>2208</ele></trkpt><trkpt lat="44.103706" lon="7.396211"><ele>2216</ele></trkpt><trkpt lat="44.103830" lon="7.396264"><ele>2217</ele></trkpt><trkpt lat="44.104021" lon="7.396387"><ele>2217</ele></trkpt><trkpt lat="44.104256" lon="7.396469"><ele>2222</ele></trkpt><trkpt lat="44.104426" lon="7.396652"><ele>2219</ele></trkpt><trkpt lat="44.104498" lon="7.396807"><ele>2213</ele></trkpt><trkpt lat="44.104501" lon="7.396891"><ele>2208</ele></trkpt><trkpt lat="44.104499" lon="7.396971"><ele>2204</ele></trkpt><trkpt lat="44.104499" lon="7.396992"><ele>2203</ele></trkpt><trkpt lat="44.104530" lon="7.397170"><ele>2193</ele></trkpt><trkpt lat="44.104539" lon="7.397266"><ele>2193</ele></trkpt><trkpt lat="44.104585" lon="7.397325"><ele>2193</ele></trkpt><trkpt lat="44.104631" lon="7.397313"><ele>2194</ele></trkpt><trkpt lat="44.104631" lon="7.397313"><ele>2194</ele></trkpt><trkpt lat="44.104673" lon="7.397343"><ele>2197</ele></trkpt><trkpt lat="44.104673" lon="7.397343"><ele>2197</ele></trkpt><trkpt lat="44.104698" lon="7.397390"><ele>2199</ele></trkpt><trkpt lat="44.104734" lon="7.397467"><ele>2203</ele></trkpt><trkpt lat="44.104746" lon="7.397601"><ele>2203</ele></trkpt><trkpt lat="44.104733" lon="7.397658"><ele>2202</ele></trkpt><trkpt lat="44.104722" lon="7.397710"><ele>2201</ele></trkpt><trkpt lat="44.104736" lon="7.398018"><ele>2200</ele></trkpt><trkpt lat="44.104893" lon="7.398646"><ele>2199</ele></trkpt><trkpt lat="44.104899" lon="7.398740"><ele>2199</ele></trkpt><trkpt lat="44.104981" lon="7.398935"><ele>2200</ele></trkpt><trkpt lat="44.105028" lon="7.399139"><ele>2201</ele></trkpt><trkpt lat="44.105028" lon="7.399177"><ele>2201</ele></trkpt><trkpt lat="44.105029" lon="7.399325"><ele>2201</ele></trkpt><trkpt lat="44.105060" lon="7.399447"><ele>2201</ele></trkpt><trkpt lat="44.105027" lon="7.399554"><ele>2199</ele></trkpt><trkpt lat="44.105026" lon="7.399735"><ele>2198</ele></trkpt><trkpt lat="44.105101" lon="7.399950"><ele>2197</ele></trkpt><trkpt lat="44.105148" lon="7.400042"><ele>2198</ele></trkpt><trkpt lat="44.105204" lon="7.400267"><ele>2198</ele></trkpt><trkpt lat="44.105194" lon="7.400303"><ele>2199</ele></trkpt><trkpt lat="44.105171" lon="7.400323"><ele>2200</ele></trkpt><trkpt lat="44.105171" lon="7.400323"><ele>2200</ele></trkpt><trkpt lat="44.105110" lon="7.400317"><ele>2201</ele></trkpt><trkpt lat="44.105110" lon="7.400317"><ele>2201</ele></trkpt><trkpt lat="44.105078" lon="7.400331"><ele>2201</ele></trkpt><trkpt lat="44.105094" lon="7.400450"><ele>2204</ele></trkpt><trkpt lat="44.105138" lon="7.400516"><ele>2205</ele></trkpt><trkpt lat="44.105147" lon="7.400556"><ele>2206</ele></trkpt><trkpt lat="44.105147" lon="7.400556"><ele>2206</ele></trkpt><trkpt lat="44.105112" lon="7.400557"><ele>2207</ele></trkpt><trkpt lat="44.105074" lon="7.400534"><ele>2207</ele></trkpt><trkpt lat="44.105070" lon="7.400565"><ele>2207</ele></trkpt><trkpt lat="44.104975" lon="7.400543"><ele>2208</ele></trkpt><trkpt lat="44.104909" lon="7.400543"><ele>2208</ele></trkpt><trkpt lat="44.104825" lon="7.400516"><ele>2208</ele></trkpt><trkpt lat="44.104782" lon="7.400523"><ele>2208</ele></trkpt><trkpt lat="44.104717" lon="7.400466"><ele>2207</ele></trkpt><trkpt lat="44.104695" lon="7.400477"><ele>2208</ele></trkpt><trkpt lat="44.104731" lon="7.400580"><ele>2210</ele></trkpt><trkpt lat="44.104751" lon="7.400661"><ele>2212</ele></trkpt><trkpt lat="44.104739" lon="7.400698"><ele>2212</ele></trkpt><trkpt lat="44.104631" lon="7.400679"><ele>2212</ele></trkpt><trkpt lat="44.104592" lon="7.400647"><ele>2211</ele></trkpt><trkpt lat="44.104592" lon="7.400647"><ele>2211</ele></trkpt><trkpt lat="44.104542" lon="7.400602"><ele>2211</ele></trkpt><trkpt lat="44.104506" lon="7.400577"><ele>2210</ele></trkpt><trkpt lat="44.104506" lon="7.400577"><ele>2210</ele></trkpt><trkpt lat="44.104506" lon="7.400624"><ele>2211</ele></trkpt><trkpt lat="44.104530" lon="7.400675"><ele>2212</ele></trkpt><trkpt lat="44.104570" lon="7.400777"><ele>2214</ele></trkpt><trkpt lat="44.104599" lon="7.400823"><ele>2214</ele></trkpt><trkpt lat="44.104664" lon="7.400881"><ele>2216</ele></trkpt><trkpt lat="44.104699" lon="7.400909"><ele>2216</ele></trkpt><trkpt lat="44.104718" lon="7.400991"><ele>2217</ele></trkpt><trkpt lat="44.104780" lon="7.401037"><ele>2217</ele></trkpt><trkpt lat="44.104819" lon="7.401141"><ele>2218</ele></trkpt><trkpt lat="44.104781" lon="7.401249"><ele>2219</ele></trkpt><trkpt lat="44.104804" lon="7.401302"><ele>2219</ele></trkpt><trkpt lat="44.104834" lon="7.401328"><ele>2220</ele></trkpt><trkpt lat="44.104833" lon="7.401432"><ele>2220</ele></trkpt><trkpt lat="44.104730" lon="7.401496"><ele>2221</ele></trkpt><trkpt lat="44.104715" lon="7.401662"><ele>2224</ele></trkpt><trkpt lat="44.104722" lon="7.401849"><ele>2226</ele></trkpt><trkpt lat="44.104745" lon="7.401966"><ele>2228</ele></trkpt><trkpt lat="44.104737" lon="7.401992"><ele>2228</ele></trkpt><trkpt lat="44.104768" lon="7.402072"><ele>2229</ele></trkpt><trkpt lat="44.104765" lon="7.402170"><ele>2230</ele></trkpt><trkpt lat="44.104753" lon="7.402274"><ele>2231</ele></trkpt><trkpt lat="44.104706" lon="7.402407"><ele>2233</ele></trkpt><trkpt lat="44.104689" lon="7.402529"><ele>2235</ele></trkpt><trkpt lat="44.104605" lon="7.402695"><ele>2237</ele></trkpt><trkpt lat="44.104609" lon="7.402750"><ele>2237</ele></trkpt><trkpt lat="44.104541" lon="7.402903"><ele>2239</ele></trkpt><trkpt lat="44.104550" lon="7.403083"><ele>2241</ele></trkpt><trkpt lat="44.104486" lon="7.403257"><ele>2242</ele></trkpt><trkpt lat="44.104439" lon="7.403333"><ele>2242</ele></trkpt><trkpt lat="44.104386" lon="7.403389"><ele>2242</ele></trkpt><trkpt lat="44.104355" lon="7.403508"><ele>2243</ele></trkpt><trkpt lat="44.104326" lon="7.403576"><ele>2243</ele></trkpt><trkpt lat="44.104321" lon="7.403625"><ele>2243</ele></trkpt><trkpt lat="44.104298" lon="7.403653"><ele>2243</ele></trkpt><trkpt lat="44.104274" lon="7.403691"><ele>2243</ele></trkpt><trkpt lat="44.104254" lon="7.403736"><ele>2243</ele></trkpt><trkpt lat="44.104221" lon="7.403776"><ele>2243</ele></trkpt><trkpt lat="44.104171" lon="7.403740"><ele>2242</ele></trkpt><trkpt lat="44.104143" lon="7.403600"><ele>2242</ele></trkpt><trkpt lat="44.104101" lon="7.403569"><ele>2242</ele></trkpt><trkpt lat="44.104047" lon="7.403589"><ele>2242</ele></trkpt><trkpt lat="44.104047" lon="7.403589"><ele>2242</ele></trkpt><trkpt lat="44.103996" lon="7.403632"><ele>2242</ele></trkpt><trkpt lat="44.103996" lon="7.403632"><ele>2242</ele></trkpt><trkpt lat="44.103943" lon="7.403644"><ele>2242</ele></trkpt><trkpt lat="44.103902" lon="7.403669"><ele>2242</ele></trkpt><trkpt lat="44.103876" lon="7.403644"><ele>2242</ele></trkpt><trkpt lat="44.103806" lon="7.403625"><ele>2243</ele></trkpt><trkpt lat="44.103803" lon="7.403733"><ele>2244</ele></trkpt><trkpt lat="44.103772" lon="7.403743"><ele>2244</ele></trkpt><trkpt lat="44.103775" lon="7.403784"><ele>2244</ele></trkpt><trkpt lat="44.103740" lon="7.403798"><ele>2245</ele></trkpt><trkpt lat="44.103729" lon="7.403916"><ele>2245</ele></trkpt><trkpt lat="44.103683" lon="7.404004"><ele>2246</ele></trkpt><trkpt lat="44.103637" lon="7.404015"><ele>2247</ele></trkpt><trkpt lat="44.103647" lon="7.404068"><ele>2247</ele></trkpt><trkpt lat="44.103617" lon="7.404064"><ele>2248</ele></trkpt><trkpt lat="44.103598" lon="7.404098"><ele>2248</ele></trkpt><trkpt lat="44.103572" lon="7.404112"><ele>2249</ele></trkpt><trkpt lat="44.103558" lon="7.404162"><ele>2249</ele></trkpt><trkpt lat="44.103507" lon="7.404185"><ele>2250</ele></trkpt><trkpt lat="44.103479" lon="7.404243"><ele>2251</ele></trkpt><trkpt lat="44.103425" lon="7.404757"><ele>2254</ele></trkpt><trkpt lat="44.103415" lon="7.404935"><ele>2254</ele></trkpt><trkpt lat="44.103392" lon="7.405036"><ele>2255</ele></trkpt><trkpt lat="44.103299" lon="7.405316"><ele>2257</ele></trkpt><trkpt lat="44.103255" lon="7.405259"><ele>2259</ele></trkpt><trkpt lat="44.103267" lon="7.405428"><ele>2258</ele></trkpt><trkpt lat="44.103214" lon="7.405535"><ele>2260</ele></trkpt><trkpt lat="44.103107" lon="7.405699"><ele>2264</ele></trkpt><trkpt lat="44.103065" lon="7.405785"><ele>2266</ele></trkpt><trkpt lat="44.103077" lon="7.405970"><ele>2266</ele></trkpt><trkpt lat="44.103029" lon="7.406086"><ele>2268</ele></trkpt><trkpt lat="44.103032" lon="7.406157"><ele>2268</ele></trkpt><trkpt lat="44.102995" lon="7.406300"><ele>2271</ele></trkpt><trkpt lat="44.102915" lon="7.406342"><ele>2274</ele></trkpt><trkpt lat="44.102963" lon="7.406423"><ele>2273</ele></trkpt><trkpt lat="44.102933" lon="7.406502"><ele>2275</ele></trkpt><trkpt lat="44.102975" lon="7.406516"><ele>2273</ele></trkpt><trkpt lat="44.102983" lon="7.406578"><ele>2273</ele></trkpt><trkpt lat="44.103028" lon="7.406597"><ele>2271</ele></trkpt><trkpt lat="44.103059" lon="7.406644"><ele>2271</ele></trkpt><trkpt lat="44.103122" lon="7.406650"><ele>2269</ele></trkpt><trkpt lat="44.103167" lon="7.406732"><ele>2268</ele></trkpt><trkpt lat="44.103225" lon="7.406831"><ele>2267</ele></trkpt><trkpt lat="44.103215" lon="7.406998"><ele>2269</ele></trkpt><trkpt lat="44.103136" lon="7.407134"><ele>2273</ele></trkpt><trkpt lat="44.103149" lon="7.407342"><ele>2275</ele></trkpt><trkpt lat="44.103157" lon="7.407437"><ele>2277</ele></trkpt><trkpt lat="44.103201" lon="7.407547"><ele>2277</ele></trkpt><trkpt lat="44.103163" lon="7.407626"><ele>2280</ele></trkpt><trkpt lat="44.103223" lon="7.407906"><ele>2284</ele></trkpt><trkpt lat="44.103225" lon="7.408032"><ele>2288</ele></trkpt><trkpt lat="44.103178" lon="7.408072"><ele>2290</ele></trkpt><trkpt lat="44.103076" lon="7.407985"><ele>2292</ele></trkpt><trkpt lat="44.103033" lon="7.408043"><ele>2295</ele></trkpt><trkpt lat="44.102969" lon="7.407997"><ele>2296</ele></trkpt><trkpt lat="44.102934" lon="7.407849"><ele>2294</ele></trkpt><trkpt lat="44.102526" lon="7.407623"><ele>2302</ele></trkpt><trkpt lat="44.102398" lon="7.407614"><ele>2304</ele></trkpt><trkpt lat="44.102337" lon="7.407715"><ele>2307</ele></trkpt><trkpt lat="44.102216" lon="7.407889"><ele>2316</ele></trkpt><trkpt lat="44.102102" lon="7.407902"><ele>2322</ele></trkpt><trkpt lat="44.102063" lon="7.407986"><ele>2326</ele></trkpt><trkpt lat="44.102048" lon="7.408060"><ele>2328</ele></trkpt><trkpt lat="44.101899" lon="7.408391"><ele>2338</ele></trkpt><trkpt lat="44.101871" lon="7.408554"><ele>2342</ele></trkpt><trkpt lat="44.101886" lon="7.408640"><ele>2344</ele></trkpt><trkpt lat="44.101826" lon="7.408607"><ele>2344</ele></trkpt><trkpt lat="44.101844" lon="7.408684"><ele>2345</ele></trkpt><trkpt lat="44.101810" lon="7.408690"><ele>2345</ele></trkpt><trkpt lat="44.101789" lon="7.408831"><ele>2348</ele></trkpt><trkpt lat="44.101772" lon="7.409022"><ele>2352</ele></trkpt><trkpt lat="44.101645" lon="7.408982"><ele>2352</ele></trkpt><trkpt lat="44.101492" lon="7.409011"><ele>2353</ele></trkpt><trkpt lat="44.101412" lon="7.409146"><ele>2355</ele></trkpt><trkpt lat="44.101391" lon="7.409459"><ele>2360</ele></trkpt><trkpt lat="44.101410" lon="7.409966"><ele>2368</ele></trkpt><trkpt lat="44.101327" lon="7.410084"><ele>2369</ele></trkpt><trkpt lat="44.101202" lon="7.410208"><ele>2368</ele></trkpt><trkpt lat="44.101187" lon="7.410395"><ele>2369</ele></trkpt><trkpt lat="44.101164" lon="7.410532"><ele>2369</ele></trkpt><trkpt lat="44.100950" lon="7.411071"><ele>2367</ele></trkpt><trkpt lat="44.100936" lon="7.411361"><ele>2369</ele></trkpt><trkpt lat="44.101010" lon="7.411999"><ele>2374</ele></trkpt><trkpt lat="44.101124" lon="7.412415"><ele>2377</ele></trkpt><trkpt lat="44.101209" lon="7.413131"><ele>2386</ele></trkpt><trkpt lat="44.101210" lon="7.413906"><ele>2389</ele></trkpt><trkpt lat="44.101318" lon="7.414459"><ele>2388</ele></trkpt><trkpt lat="44.101295" lon="7.414843"><ele>2385</ele></trkpt><trkpt lat="44.101236" lon="7.415157"><ele>2382</ele></trkpt><trkpt lat="44.101261" lon="7.415462"><ele>2382</ele></trkpt><trkpt lat="44.101246" lon="7.415552"><ele>2382</ele></trkpt><trkpt lat="44.101227" lon="7.415964"><ele>2384</ele></trkpt><trkpt lat="44.101184" lon="7.416221"><ele>2385</ele></trkpt><trkpt lat="44.101186" lon="7.416438"><ele>2387</ele></trkpt><trkpt lat="44.101155" lon="7.416639"><ele>2388</ele></trkpt><trkpt lat="44.101210" lon="7.416693"><ele>2391</ele></trkpt><trkpt lat="44.101195" lon="7.416801"><ele>2392</ele></trkpt><trkpt lat="44.101073" lon="7.416974"><ele>2390</ele></trkpt><trkpt lat="44.100994" lon="7.417274"><ele>2390</ele></trkpt><trkpt lat="44.100926" lon="7.417687"><ele>2387</ele></trkpt><trkpt lat="44.100876" lon="7.418028"><ele>2384</ele></trkpt><trkpt lat="44.100855" lon="7.418254"><ele>2383</ele></trkpt><trkpt lat="44.100787" lon="7.418364"><ele>2380</ele></trkpt><trkpt lat="44.100701" lon="7.418426"><ele>2376</ele></trkpt><trkpt lat="44.100619" lon="7.418520"><ele>2375</ele></trkpt><trkpt lat="44.100445" lon="7.418556"><ele>2375</ele></trkpt><trkpt lat="44.100371" lon="7.418635"><ele>2375</ele></trkpt><trkpt lat="44.100394" lon="7.418764"><ele>2375</ele></trkpt><trkpt lat="44.100361" lon="7.418858"><ele>2375</ele></trkpt><trkpt lat="44.100220" lon="7.418920"><ele>2375</ele></trkpt><trkpt lat="44.100118" lon="7.418993"><ele>2376</ele></trkpt><trkpt lat="44.099844" lon="7.419256"><ele>2378</ele></trkpt><trkpt lat="44.099842" lon="7.419542"><ele>2379</ele></trkpt><trkpt lat="44.099591" lon="7.419863"><ele>2387</ele></trkpt><trkpt lat="44.099477" lon="7.419981"><ele>2393</ele></trkpt><trkpt lat="44.099377" lon="7.420066"><ele>2398</ele></trkpt><trkpt lat="44.099252" lon="7.420147"><ele>2404</ele></trkpt><trkpt lat="44.099074" lon="7.420392"><ele>2413</ele></trkpt><trkpt lat="44.099094" lon="7.420516"><ele>2414</ele></trkpt><trkpt lat="44.099052" lon="7.420710"><ele>2419</ele></trkpt><trkpt lat="44.098947" lon="7.420744"><ele>2423</ele></trkpt><trkpt lat="44.098910" lon="7.420899"><ele>2427</ele></trkpt><trkpt lat="44.098902" lon="7.421328"><ele>2438</ele></trkpt><trkpt lat="44.098848" lon="7.421757"><ele>2451</ele></trkpt><trkpt lat="44.098928" lon="7.422057"><ele>2460</ele></trkpt><trkpt lat="44.098725" lon="7.422547"><ele>2471</ele></trkpt><trkpt lat="44.098620" lon="7.422873"><ele>2478</ele></trkpt><trkpt lat="44.098361" lon="7.423096"><ele>2488</ele></trkpt><trkpt lat="44.098176" lon="7.423130"><ele>2495</ele></trkpt><trkpt lat="44.098098" lon="7.423477"><ele>2505</ele></trkpt><trkpt lat="44.097953" lon="7.423397"><ele>2512</ele></trkpt><trkpt lat="44.097869" lon="7.423623"><ele>2521</ele></trkpt><trkpt lat="44.097830" lon="7.423615"><ele>2523</ele></trkpt><trkpt lat="44.097723" lon="7.423745"><ele>2533</ele></trkpt><trkpt lat="44.097658" lon="7.423683"><ele>2535</ele></trkpt><trkpt lat="44.097635" lon="7.423775"><ele>2539</ele></trkpt><trkpt lat="44.097578" lon="7.423843"><ele>2544</ele></trkpt><trkpt lat="44.097440" lon="7.424065"><ele>2556</ele></trkpt><trkpt lat="44.097476" lon="7.424210"><ele>2558</ele></trkpt><trkpt lat="44.097443" lon="7.424344"><ele>2563</ele></trkpt><trkpt lat="44.097366" lon="7.424373"><ele>2567</ele></trkpt><trkpt lat="44.097304" lon="7.424362"><ele>2569</ele></trkpt><trkpt lat="44.097288" lon="7.424306"><ele>2568</ele></trkpt><trkpt lat="44.097211" lon="7.424335"><ele>2572</ele></trkpt><trkpt lat="44.097187" lon="7.424436"><ele>2576</ele></trkpt><trkpt lat="44.097153" lon="7.424413"><ele>2576</ele></trkpt><trkpt lat="44.097145" lon="7.424461"><ele>2578</ele></trkpt><trkpt lat="44.097115" lon="7.424475"><ele>2579</ele></trkpt><trkpt lat="44.097092" lon="7.424561"><ele>2582</ele></trkpt><trkpt lat="44.097092" lon="7.424561"><ele>2582</ele></trkpt><trkpt lat="44.097107" lon="7.424688"><ele>2584</ele></trkpt><trkpt lat="44.097164" lon="7.424758"><ele>2584</ele></trkpt><trkpt lat="44.097170" lon="7.424906"><ele>2588</ele></trkpt><trkpt lat="44.097283" lon="7.425276"><ele>2593</ele></trkpt><trkpt lat="44.097332" lon="7.425388"><ele>2595</ele></trkpt><trkpt lat="44.097312" lon="7.426013"><ele>2612</ele></trkpt><trkpt lat="44.097242" lon="7.426274"><ele>2620</ele></trkpt><trkpt lat="44.097099" lon="7.426512"><ele>2627</ele></trkpt><trkpt lat="44.097021" lon="7.426723"><ele>2632</ele></trkpt><trkpt lat="44.096913" lon="7.426880"><ele>2639</ele></trkpt><trkpt lat="44.096790" lon="7.426907"><ele>2644</ele></trkpt><trkpt lat="44.096635" lon="7.427007"><ele>2652</ele></trkpt><trkpt lat="44.096666" lon="7.427344"><ele>2658</ele></trkpt><trkpt lat="44.096661" lon="7.427633"><ele>2667</ele></trkpt><trkpt lat="44.096661" lon="7.427633"><ele>2667</ele></trkpt><trkpt lat="44.096592" lon="7.427851"><ele>2676</ele></trkpt><trkpt lat="44.096390" lon="7.427847"><ele>2681</ele></trkpt><trkpt lat="44.096207" lon="7.427694"><ele>2680</ele></trkpt><trkpt lat="44.096042" lon="7.427660"><ele>2680</ele></trkpt><trkpt lat="44.095907" lon="7.427718"><ele>2680</ele></trkpt><trkpt lat="44.095814" lon="7.427709"><ele>2677</ele></trkpt><trkpt lat="44.095665" lon="7.427859"><ele>2673</ele></trkpt><trkpt lat="44.095674" lon="7.428007"><ele>2672</ele></trkpt><trkpt lat="44.095606" lon="7.428040"><ele>2669</ele></trkpt><trkpt lat="44.095386" lon="7.428006"><ele>2661</ele></trkpt><trkpt lat="44.095248" lon="7.427982"><ele>2656</ele></trkpt><trkpt lat="44.095119" lon="7.427991"><ele>2652</ele></trkpt><trkpt lat="44.095064" lon="7.428169"><ele>2648</ele></trkpt><trkpt lat="44.094860" lon="7.428400"><ele>2639</ele></trkpt><trkpt lat="44.094527" lon="7.428486"><ele>2630</ele></trkpt><trkpt lat="44.094431" lon="7.428586"><ele>2628</ele></trkpt><trkpt lat="44.094184" lon="7.428751"><ele>2622</ele></trkpt><trkpt lat="44.094127" lon="7.428833"><ele>2621</ele></trkpt><trkpt lat="44.094046" lon="7.428967"><ele>2619</ele></trkpt><trkpt lat="44.093586" lon="7.429066"><ele>2610</ele></trkpt><trkpt lat="44.093369" lon="7.429119"><ele>2605</ele></trkpt><trkpt lat="44.093210" lon="7.429193"><ele>2600</ele></trkpt><trkpt lat="44.093138" lon="7.429298"><ele>2597</ele></trkpt><trkpt lat="44.092868" lon="7.429493"><ele>2587</ele></trkpt><trkpt lat="44.092783" lon="7.429514"><ele>2585</ele></trkpt><trkpt lat="44.092628" lon="7.429631"><ele>2580</ele></trkpt><trkpt lat="44.092563" lon="7.429618"><ele>2579</ele></trkpt><trkpt lat="44.092370" lon="7.429482"><ele>2581</ele></trkpt><trkpt lat="44.092086" lon="7.429525"><ele>2578</ele></trkpt><trkpt lat="44.091827" lon="7.429585"><ele>2577</ele></trkpt><trkpt lat="44.091716" lon="7.429928"><ele>2568</ele></trkpt><trkpt lat="44.091334" lon="7.430323"><ele>2562</ele></trkpt><trkpt lat="44.091242" lon="7.430469"><ele>2560</ele></trkpt><trkpt lat="44.091002" lon="7.430737"><ele>2557</ele></trkpt><trkpt lat="44.090774" lon="7.431121"><ele>2550</ele></trkpt><trkpt lat="44.090274" lon="7.431774"><ele>2528</ele></trkpt><trkpt lat="44.090252" lon="7.432078"><ele>2516</ele></trkpt><trkpt lat="44.089970" lon="7.432275"><ele>2508</ele></trkpt><trkpt lat="44.089764" lon="7.432598"><ele>2497</ele></trkpt><trkpt lat="44.089564" lon="7.432867"><ele>2489</ele></trkpt><trkpt lat="44.089306" lon="7.433006"><ele>2487</ele></trkpt><trkpt lat="44.089158" lon="7.433284"><ele>2480</ele></trkpt><trkpt lat="44.089038" lon="7.433421"><ele>2478</ele></trkpt><trkpt lat="44.088628" lon="7.433559"><ele>2481</ele></trkpt><trkpt lat="44.088319" lon="7.433645"><ele>2485</ele></trkpt><trkpt lat="44.087795" lon="7.434070"><ele>2479</ele></trkpt><trkpt lat="44.087635" lon="7.434350"><ele>2470</ele></trkpt><trkpt lat="44.087376" lon="7.434649"><ele>2465</ele></trkpt><trkpt lat="44.087092" lon="7.434898"><ele>2462</ele></trkpt><trkpt lat="44.086904" lon="7.435087"><ele>2458</ele></trkpt><trkpt lat="44.086751" lon="7.435347"><ele>2451</ele></trkpt><trkpt lat="44.086562" lon="7.435411"><ele>2453</ele></trkpt><trkpt lat="44.086421" lon="7.435441"><ele>2454</ele></trkpt><trkpt lat="44.085958" lon="7.435747"><ele>2453</ele></trkpt><trkpt lat="44.085560" lon="7.435836"><ele>2452</ele></trkpt><trkpt lat="44.085335" lon="7.435886"><ele>2450</ele></trkpt><trkpt lat="44.085114" lon="7.435988"><ele>2447</ele></trkpt><trkpt lat="44.084957" lon="7.436150"><ele>2442</ele></trkpt><trkpt lat="44.084677" lon="7.436499"><ele>2433</ele></trkpt><trkpt lat="44.084614" lon="7.436662"><ele>2429</ele></trkpt><trkpt lat="44.084597" lon="7.436991"><ele>2419</ele></trkpt><trkpt lat="44.084603" lon="7.437196"><ele>2414</ele></trkpt><trkpt lat="44.084544" lon="7.437224"><ele>2414</ele></trkpt><trkpt lat="44.084536" lon="7.437272"><ele>2413</ele></trkpt><trkpt lat="44.084536" lon="7.437272"><ele>2413</ele></trkpt><trkpt lat="44.084286" lon="7.437271"><ele>2419</ele></trkpt><trkpt lat="44.084254" lon="7.437210"><ele>2421</ele></trkpt><trkpt lat="44.084134" lon="7.437250"><ele>2423</ele></trkpt><trkpt lat="44.084091" lon="7.437350"><ele>2421</ele></trkpt><trkpt lat="44.084030" lon="7.437324"><ele>2423</ele></trkpt><trkpt lat="44.083988" lon="7.437453"><ele>2422</ele></trkpt><trkpt lat="44.083770" lon="7.437567"><ele>2425</ele></trkpt><trkpt lat="44.083612" lon="7.437704"><ele>2427</ele></trkpt><trkpt lat="44.083549" lon="7.437913"><ele>2426</ele></trkpt><trkpt lat="44.083424" lon="7.438087"><ele>2428</ele></trkpt><trkpt lat="44.083429" lon="7.438239"><ele>2427</ele></trkpt><trkpt lat="44.083326" lon="7.438239"><ele>2430</ele></trkpt><trkpt lat="44.083355" lon="7.438360"><ele>2429</ele></trkpt><trkpt lat="44.083024" lon="7.438349"><ele>2440</ele></trkpt><trkpt lat="44.082978" lon="7.438291"><ele>2441</ele></trkpt><trkpt lat="44.082897" lon="7.438316"><ele>2444</ele></trkpt><trkpt lat="44.082897" lon="7.438316"><ele>2444</ele></trkpt><trkpt lat="44.082717" lon="7.438332"><ele>2451</ele></trkpt><trkpt lat="44.082549" lon="7.438280"><ele>2458</ele></trkpt><trkpt lat="44.082388" lon="7.438195"><ele>2464</ele></trkpt><trkpt lat="44.082318" lon="7.438071"><ele>2466</ele></trkpt><trkpt lat="44.082262" lon="7.438004"><ele>2468</ele></trkpt><trkpt lat="44.082202" lon="7.437873"><ele>2470</ele></trkpt><trkpt lat="44.082168" lon="7.437868"><ele>2472</ele></trkpt><trkpt lat="44.082132" lon="7.437844"><ele>2473</ele></trkpt><trkpt lat="44.082129" lon="7.437918"><ele>2474</ele></trkpt><trkpt lat="44.082149" lon="7.437985"><ele>2473</ele></trkpt><trkpt lat="44.082136" lon="7.438074"><ele>2473</ele></trkpt><trkpt lat="44.082175" lon="7.438148"><ele>2472</ele></trkpt><trkpt lat="44.082130" lon="7.438475"><ele>2478</ele></trkpt><trkpt lat="44.082193" lon="7.438629"><ele>2478</ele></trkpt><trkpt lat="44.082173" lon="7.438667"><ele>2479</ele></trkpt><trkpt lat="44.081882" lon="7.438493"><ele>2489</ele></trkpt><trkpt lat="44.081557" lon="7.438413"><ele>2502</ele></trkpt><trkpt lat="44.081684" lon="7.439156"><ele>2518</ele></trkpt><trkpt lat="44.081375" lon="7.439055"><ele>2529</ele></trkpt><trkpt lat="44.081030" lon="7.438992"><ele>2535</ele></trkpt><trkpt lat="44.080883" lon="7.438981"><ele>2537</ele></trkpt><trkpt lat="44.080860" lon="7.438962"><ele>2537</ele></trkpt><trkpt lat="44.080837" lon="7.438962"><ele>2537</ele></trkpt><trkpt lat="44.080810" lon="7.438939"><ele>2537</ele></trkpt><trkpt lat="44.080783" lon="7.438939"><ele>2537</ele></trkpt><trkpt lat="44.080734" lon="7.438915"><ele>2537</ele></trkpt><trkpt lat="44.080725" lon="7.438907"><ele>2537</ele></trkpt><trkpt lat="44.080669" lon="7.438871"><ele>2537</ele></trkpt><trkpt lat="44.080616" lon="7.438770"><ele>2537</ele></trkpt><trkpt lat="44.080602" lon="7.438715"><ele>2537</ele></trkpt><trkpt lat="44.080591" lon="7.438610"><ele>2538</ele></trkpt><trkpt lat="44.080567" lon="7.438566"><ele>2538</ele></trkpt><trkpt lat="44.080548" lon="7.438530"><ele>2538</ele></trkpt><trkpt lat="44.080525" lon="7.438467"><ele>2539</ele></trkpt><trkpt lat="44.080475" lon="7.438436"><ele>2539</ele></trkpt><trkpt lat="44.080436" lon="7.438430"><ele>2540</ele></trkpt><trkpt lat="44.080407" lon="7.438360"><ele>2540</ele></trkpt><trkpt lat="44.080355" lon="7.438271"><ele>2541</ele></trkpt><trkpt lat="44.080335" lon="7.438262"><ele>2541</ele></trkpt><trkpt lat="44.080308" lon="7.438288"><ele>2540</ele></trkpt><trkpt lat="44.080295" lon="7.438331"><ele>2540</ele></trkpt><trkpt lat="44.080265" lon="7.438329"><ele>2540</ele></trkpt><trkpt lat="44.080236" lon="7.438266"><ele>2540</ele></trkpt><trkpt lat="44.080225" lon="7.438202"><ele>2541</ele></trkpt><trkpt lat="44.080205" lon="7.438183"><ele>2541</ele></trkpt><trkpt lat="44.080185" lon="7.438183"><ele>2541</ele></trkpt><trkpt lat="44.080172" lon="7.438168"><ele>2541</ele></trkpt><trkpt lat="44.080171" lon="7.438125"><ele>2542</ele></trkpt><trkpt lat="44.080185" lon="7.438104"><ele>2542</ele></trkpt><trkpt lat="44.080188" lon="7.437975"><ele>2544</ele></trkpt><trkpt lat="44.080032" lon="7.437711"><ele>2547</ele></trkpt><trkpt lat="44.080002" lon="7.437737"><ele>2546</ele></trkpt><trkpt lat="44.079966" lon="7.437529"><ele>2549</ele></trkpt><trkpt lat="44.079892" lon="7.437424"><ele>2550</ele></trkpt><trkpt lat="44.079809" lon="7.437344"><ele>2549</ele></trkpt><trkpt lat="44.079737" lon="7.437310"><ele>2547</ele></trkpt><trkpt lat="44.079717" lon="7.437315"><ele>2547</ele></trkpt><trkpt lat="44.079718" lon="7.437336"><ele>2546</ele></trkpt><trkpt lat="44.079748" lon="7.437426"><ele>2545</ele></trkpt><trkpt lat="44.079766" lon="7.437466"><ele>2545</ele></trkpt><trkpt lat="44.079769" lon="7.437485"><ele>2545</ele></trkpt><trkpt lat="44.079764" lon="7.437491"><ele>2545</ele></trkpt><trkpt lat="44.079719" lon="7.437463"><ele>2544</ele></trkpt><trkpt lat="44.079698" lon="7.437459"><ele>2543</ele></trkpt><trkpt lat="44.079701" lon="7.437485"><ele>2543</ele></trkpt><trkpt lat="44.079714" lon="7.437521"><ele>2543</ele></trkpt><trkpt lat="44.079716" lon="7.437571"><ele>2542</ele></trkpt><trkpt lat="44.079718" lon="7.437688"><ele>2539</ele></trkpt><trkpt lat="44.079722" lon="7.437873"><ele>2535</ele></trkpt><trkpt lat="44.079707" lon="7.437874"><ele>2534</ele></trkpt><trkpt lat="44.079681" lon="7.437835"><ele>2533</ele></trkpt><trkpt lat="44.079623" lon="7.437704"><ele>2534</ele></trkpt><trkpt lat="44.079582" lon="7.437695"><ele>2532</ele></trkpt><trkpt lat="44.079515" lon="7.437504"><ele>2533</ele></trkpt><trkpt lat="44.079488" lon="7.437515"><ele>2531</ele></trkpt><trkpt lat="44.079495" lon="7.437632"><ele>2529</ele></trkpt><trkpt lat="44.079299" lon="7.437461"><ele>2520</ele></trkpt><trkpt lat="44.079278" lon="7.437406"><ele>2520</ele></trkpt><trkpt lat="44.078917" lon="7.437098"><ele>2501</ele></trkpt><trkpt lat="44.078905" lon="7.437107"><ele>2500</ele></trkpt><trkpt lat="44.079071" lon="7.437631"><ele>2499</ele></trkpt><trkpt lat="44.079060" lon="7.437648"><ele>2498</ele></trkpt><trkpt lat="44.078632" lon="7.437280"><ele>2475</ele></trkpt><trkpt lat="44.078645" lon="7.437416"><ele>2473</ele></trkpt><trkpt lat="44.078682" lon="7.437626"><ele>2471</ele></trkpt><trkpt lat="44.078729" lon="7.437705"><ele>2473</ele></trkpt><trkpt lat="44.078718" lon="7.437729"><ele>2471</ele></trkpt><trkpt lat="44.078671" lon="7.437698"><ele>2469</ele></trkpt><trkpt lat="44.078640" lon="7.437697"><ele>2467</ele></trkpt><trkpt lat="44.078629" lon="7.437675"><ele>2467</ele></trkpt><trkpt lat="44.078561" lon="7.437656"><ele>2463</ele></trkpt><trkpt lat="44.078425" lon="7.437449"><ele>2457</ele></trkpt><trkpt lat="44.078373" lon="7.437407"><ele>2454</ele></trkpt><trkpt lat="44.078342" lon="7.437381"><ele>2453</ele></trkpt><trkpt lat="44.078306" lon="7.437332"><ele>2451</ele></trkpt><trkpt lat="44.078264" lon="7.437328"><ele>2449</ele></trkpt><trkpt lat="44.078235" lon="7.437348"><ele>2447</ele></trkpt><trkpt lat="44.078251" lon="7.437398"><ele>2447</ele></trkpt><trkpt lat="44.078257" lon="7.437488"><ele>2446</ele></trkpt><trkpt lat="44.078242" lon="7.437493"><ele>2445</ele></trkpt><trkpt lat="44.078214" lon="7.437447"><ele>2444</ele></trkpt><trkpt lat="44.078210" lon="7.437496"><ele>2443</ele></trkpt><trkpt lat="44.078232" lon="7.437563"><ele>2443</ele></trkpt><trkpt lat="44.078259" lon="7.437619"><ele>2444</ele></trkpt><trkpt lat="44.078276" lon="7.437780"><ele>2444</ele></trkpt><trkpt lat="44.078316" lon="7.437845"><ele>2446</ele></trkpt><trkpt lat="44.078361" lon="7.438019"><ele>2447</ele></trkpt><trkpt lat="44.078358" lon="7.438055"><ele>2447</ele></trkpt><trkpt lat="44.078338" lon="7.438067"><ele>2446</ele></trkpt><trkpt lat="44.078253" lon="7.438066"><ele>2442</ele></trkpt><trkpt lat="44.078196" lon="7.438043"><ele>2439</ele></trkpt><trkpt lat="44.078103" lon="7.437928"><ele>2434</ele></trkpt><trkpt lat="44.078057" lon="7.437827"><ele>2432</ele></trkpt><trkpt lat="44.078024" lon="7.437737"><ele>2431</ele></trkpt><trkpt lat="44.077935" lon="7.437645"><ele>2427</ele></trkpt><trkpt lat="44.077916" lon="7.437583"><ele>2426</ele></trkpt><trkpt lat="44.077871" lon="7.437512"><ele>2425</ele></trkpt><trkpt lat="44.077709" lon="7.437453"><ele>2418</ele></trkpt><trkpt lat="44.077660" lon="7.437471"><ele>2416</ele></trkpt><trkpt lat="44.077585" lon="7.437426"><ele>2414</ele></trkpt><trkpt lat="44.077547" lon="7.437450"><ele>2413</ele></trkpt><trkpt lat="44.077519" lon="7.437418"><ele>2412</ele></trkpt><trkpt lat="44.077503" lon="7.437399"><ele>2412</ele></trkpt><trkpt lat="44.077488" lon="7.437422"><ele>2411</ele></trkpt><trkpt lat="44.077469" lon="7.437467"><ele>2410</ele></trkpt><trkpt lat="44.077458" lon="7.437503"><ele>2410</ele></trkpt><trkpt lat="44.077465" lon="7.437536"><ele>2409</ele></trkpt><trkpt lat="44.077411" lon="7.437599"><ele>2408</ele></trkpt><trkpt lat="44.077364" lon="7.437610"><ele>2407</ele></trkpt><trkpt lat="44.077313" lon="7.437700"><ele>2405</ele></trkpt><trkpt lat="44.077200" lon="7.437833"><ele>2403</ele></trkpt><trkpt lat="44.076914" lon="7.437980"><ele>2399</ele></trkpt><trkpt lat="44.076767" lon="7.438008"><ele>2397</ele></trkpt><trkpt lat="44.076441" lon="7.438172"><ele>2394</ele></trkpt><trkpt lat="44.076381" lon="7.438203"><ele>2393</ele></trkpt><trkpt lat="44.076333" lon="7.438273"><ele>2393</ele></trkpt><trkpt lat="44.076272" lon="7.438325"><ele>2392</ele></trkpt><trkpt lat="44.076221" lon="7.438325"><ele>2392</ele></trkpt><trkpt lat="44.076221" lon="7.438325"><ele>2392</ele></trkpt><trkpt lat="44.076172" lon="7.438294"><ele>2392</ele></trkpt><trkpt lat="44.076145" lon="7.438293"><ele>2391</ele></trkpt><trkpt lat="44.076121" lon="7.438252"><ele>2391</ele></trkpt><trkpt lat="44.076069" lon="7.438201"><ele>2391</ele></trkpt><trkpt lat="44.076016" lon="7.438210"><ele>2391</ele></trkpt><trkpt lat="44.075953" lon="7.438264"><ele>2390</ele></trkpt><trkpt lat="44.075900" lon="7.438305"><ele>2390</ele></trkpt><trkpt lat="44.075806" lon="7.438307"><ele>2389</ele></trkpt><trkpt lat="44.075689" lon="7.438346"><ele>2388</ele></trkpt><trkpt lat="44.075548" lon="7.438462"><ele>2386</ele></trkpt><trkpt lat="44.075510" lon="7.438514"><ele>2386</ele></trkpt><trkpt lat="44.075486" lon="7.438557"><ele>2385</ele></trkpt><trkpt lat="44.075458" lon="7.438573"><ele>2385</ele></trkpt><trkpt lat="44.075385" lon="7.438600"><ele>2384</ele></trkpt><trkpt lat="44.075308" lon="7.438613"><ele>2383</ele></trkpt><trkpt lat="44.075276" lon="7.438601"><ele>2382</ele></trkpt><trkpt lat="44.075203" lon="7.438613"><ele>2381</ele></trkpt><trkpt lat="44.075019" lon="7.438715"><ele>2379</ele></trkpt><trkpt lat="44.074889" lon="7.438784"><ele>2380</ele></trkpt><trkpt lat="44.074628" lon="7.438907"><ele>2380</ele></trkpt><trkpt lat="44.074529" lon="7.438914"><ele>2379</ele></trkpt><trkpt lat="44.074474" lon="7.438912"><ele>2378</ele></trkpt><trkpt lat="44.074422" lon="7.438950"><ele>2377</ele></trkpt><trkpt lat="44.074371" lon="7.439019"><ele>2376</ele></trkpt><trkpt lat="44.074299" lon="7.439038"><ele>2375</ele></trkpt><trkpt lat="44.074209" lon="7.439115"><ele>2373</ele></trkpt><trkpt lat="44.074124" lon="7.439122"><ele>2370</ele></trkpt><trkpt lat="44.074072" lon="7.439146"><ele>2369</ele></trkpt><trkpt lat="44.074008" lon="7.439203"><ele>2368</ele></trkpt><trkpt lat="44.073892" lon="7.439277"><ele>2366</ele></trkpt><trkpt lat="44.073800" lon="7.439312"><ele>2364</ele></trkpt><trkpt lat="44.073729" lon="7.439347"><ele>2363</ele></trkpt><trkpt lat="44.073706" lon="7.439317"><ele>2361</ele></trkpt><trkpt lat="44.073662" lon="7.439296"><ele>2360</ele></trkpt><trkpt lat="44.073562" lon="7.439437"><ele>2356</ele></trkpt><trkpt lat="44.073478" lon="7.439565"><ele>2354</ele></trkpt><trkpt lat="44.073462" lon="7.439635"><ele>2354</ele></trkpt><trkpt lat="44.073377" lon="7.439726"><ele>2353</ele></trkpt><trkpt lat="44.073251" lon="7.439770"><ele>2349</ele></trkpt><trkpt lat="44.073192" lon="7.439803"><ele>2348</ele></trkpt><trkpt lat="44.073105" lon="7.439818"><ele>2346</ele></trkpt><trkpt lat="44.073053" lon="7.439827"><ele>2345</ele></trkpt><trkpt lat="44.072961" lon="7.439647"><ele>2339</ele></trkpt><trkpt lat="44.072920" lon="7.439641"><ele>2338</ele></trkpt><trkpt lat="44.072800" lon="7.439728"><ele>2337</ele></trkpt><trkpt lat="44.072767" lon="7.439761"><ele>2337</ele></trkpt><trkpt lat="44.072674" lon="7.439832"><ele>2336</ele></trkpt><trkpt lat="44.072612" lon="7.439843"><ele>2334</ele></trkpt><trkpt lat="44.072502" lon="7.439816"><ele>2332</ele></trkpt><trkpt lat="44.072411" lon="7.439728"><ele>2329</ele></trkpt><trkpt lat="44.072356" lon="7.439695"><ele>2327</ele></trkpt><trkpt lat="44.072279" lon="7.439720"><ele>2326</ele></trkpt><trkpt lat="44.072226" lon="7.439728"><ele>2325</ele></trkpt><trkpt lat="44.072173" lon="7.439764"><ele>2325</ele></trkpt><trkpt lat="44.072133" lon="7.439741"><ele>2323</ele></trkpt><trkpt lat="44.072095" lon="7.439749"><ele>2323</ele></trkpt><trkpt lat="44.071959" lon="7.439750"><ele>2321</ele></trkpt><trkpt lat="44.071910" lon="7.439752"><ele>2321</ele></trkpt><trkpt lat="44.071846" lon="7.439717"><ele>2320</ele></trkpt><trkpt lat="44.071802" lon="7.439742"><ele>2319</ele></trkpt><trkpt lat="44.071778" lon="7.439721"><ele>2318</ele></trkpt><trkpt lat="44.071729" lon="7.439741"><ele>2317</ele></trkpt><trkpt lat="44.071637" lon="7.439784"><ele>2314</ele></trkpt><trkpt lat="44.071501" lon="7.439824"><ele>2313</ele></trkpt><trkpt lat="44.071453" lon="7.439872"><ele>2313</ele></trkpt><trkpt lat="44.071286" lon="7.439995"><ele>2313</ele></trkpt><trkpt lat="44.071191" lon="7.440093"><ele>2313</ele></trkpt><trkpt lat="44.071126" lon="7.440232"><ele>2313</ele></trkpt><trkpt lat="44.071101" lon="7.440295"><ele>2313</ele></trkpt><trkpt lat="44.071106" lon="7.440359"><ele>2313</ele></trkpt><trkpt lat="44.071101" lon="7.440393"><ele>2313</ele></trkpt><trkpt lat="44.071074" lon="7.440409"><ele>2313</ele></trkpt><trkpt lat="44.071040" lon="7.440410"><ele>2313</ele></trkpt><trkpt lat="44.071010" lon="7.440404"><ele>2313</ele></trkpt><trkpt lat="44.070982" lon="7.440406"><ele>2313</ele></trkpt><trkpt lat="44.070964" lon="7.440427"><ele>2313</ele></trkpt><trkpt lat="44.070941" lon="7.440455"><ele>2313</ele></trkpt><trkpt lat="44.070925" lon="7.440520"><ele>2313</ele></trkpt><trkpt lat="44.070841" lon="7.440578"><ele>2313</ele></trkpt><trkpt lat="44.070749" lon="7.440606"><ele>2313</ele></trkpt><trkpt lat="44.070571" lon="7.440670"><ele>2314</ele></trkpt><trkpt lat="44.070535" lon="7.440738"><ele>2314</ele></trkpt><trkpt lat="44.070461" lon="7.440766"><ele>2315</ele></trkpt><trkpt lat="44.070410" lon="7.440816"><ele>2316</ele></trkpt><trkpt lat="44.070373" lon="7.440835"><ele>2316</ele></trkpt><trkpt lat="44.070248" lon="7.440899"><ele>2316</ele></trkpt><trkpt lat="44.070229" lon="7.440934"><ele>2316</ele></trkpt><trkpt lat="44.070216" lon="7.440956"><ele>2316</ele></trkpt><trkpt lat="44.070151" lon="7.441030"><ele>2316</ele></trkpt><trkpt lat="44.070068" lon="7.441061"><ele>2316</ele></trkpt><trkpt lat="44.069944" lon="7.441090"><ele>2316</ele></trkpt><trkpt lat="44.069901" lon="7.441069"><ele>2316</ele></trkpt><trkpt lat="44.069729" lon="7.441184"><ele>2315</ele></trkpt><trkpt lat="44.069624" lon="7.441226"><ele>2315</ele></trkpt><trkpt lat="44.069539" lon="7.441285"><ele>2315</ele></trkpt><trkpt lat="44.069467" lon="7.441388"><ele>2315</ele></trkpt><trkpt lat="44.069391" lon="7.441442"><ele>2315</ele></trkpt><trkpt lat="44.069293" lon="7.441592"><ele>2315</ele></trkpt><trkpt lat="44.069153" lon="7.441749"><ele>2314</ele></trkpt><trkpt lat="44.069088" lon="7.441809"><ele>2314</ele></trkpt><trkpt lat="44.069015" lon="7.441814"><ele>2313</ele></trkpt><trkpt lat="44.068818" lon="7.441850"><ele>2310</ele></trkpt><trkpt lat="44.068725" lon="7.441851"><ele>2308</ele></trkpt><trkpt lat="44.068679" lon="7.441851"><ele>2307</ele></trkpt><trkpt lat="44.068592" lon="7.441851"><ele>2306</ele></trkpt><trkpt lat="44.068514" lon="7.441841"><ele>2304</ele></trkpt><trkpt lat="44.068464" lon="7.441829"><ele>2303</ele></trkpt><trkpt lat="44.068365" lon="7.441806"><ele>2301</ele></trkpt><trkpt lat="44.068252" lon="7.441779"><ele>2298</ele></trkpt><trkpt lat="44.068023" lon="7.441823"><ele>2295</ele></trkpt><trkpt lat="44.067893" lon="7.441881"><ele>2296</ele></trkpt><trkpt lat="44.067763" lon="7.441946"><ele>2296</ele></trkpt><trkpt lat="44.067557" lon="7.442046"><ele>2295</ele></trkpt><trkpt lat="44.067493" lon="7.442075"><ele>2293</ele></trkpt><trkpt lat="44.067442" lon="7.442075"><ele>2292</ele></trkpt><trkpt lat="44.067373" lon="7.442020"><ele>2290</ele></trkpt><trkpt lat="44.067295" lon="7.442014"><ele>2287</ele></trkpt><trkpt lat="44.067112" lon="7.442203"><ele>2283</ele></trkpt><trkpt lat="44.067047" lon="7.442232"><ele>2281</ele></trkpt><trkpt lat="44.066996" lon="7.442195"><ele>2277</ele></trkpt><trkpt lat="44.066736" lon="7.442248"><ele>2275</ele></trkpt><trkpt lat="44.066661" lon="7.442432"><ele>2274</ele></trkpt><trkpt lat="44.066531" lon="7.442435"><ele>2270</ele></trkpt><trkpt lat="44.066439" lon="7.442446"><ele>2266</ele></trkpt><trkpt lat="44.066438" lon="7.442390"><ele>2265</ele></trkpt><trkpt lat="44.066409" lon="7.442421"><ele>2264</ele></trkpt><trkpt lat="44.066338" lon="7.442400"><ele>2261</ele></trkpt><trkpt lat="44.066279" lon="7.442445"><ele>2259</ele></trkpt><trkpt lat="44.066253" lon="7.442440"><ele>2258</ele></trkpt><trkpt lat="44.066231" lon="7.442488"><ele>2258</ele></trkpt><trkpt lat="44.066193" lon="7.442500"><ele>2257</ele></trkpt><trkpt lat="44.066163" lon="7.442462"><ele>2255</ele></trkpt><trkpt lat="44.066135" lon="7.442494"><ele>2254</ele></trkpt><trkpt lat="44.066093" lon="7.442529"><ele>2254</ele></trkpt><trkpt lat="44.066030" lon="7.442616"><ele>2253</ele></trkpt><trkpt lat="44.065963" lon="7.442691"><ele>2252</ele></trkpt><trkpt lat="44.065959" lon="7.442550"><ele>2247</ele></trkpt><trkpt lat="44.065921" lon="7.442460"><ele>2244</ele></trkpt><trkpt lat="44.065904" lon="7.442399"><ele>2244</ele></trkpt><trkpt lat="44.065890" lon="7.442301"><ele>2245</ele></trkpt><trkpt lat="44.065856" lon="7.442234"><ele>2247</ele></trkpt><trkpt lat="44.065763" lon="7.442176"><ele>2248</ele></trkpt><trkpt lat="44.065745" lon="7.442055"><ele>2251</ele></trkpt><trkpt lat="44.065593" lon="7.441936"><ele>2251</ele></trkpt><trkpt lat="44.065460" lon="7.441917"><ele>2249</ele></trkpt><trkpt lat="44.065248" lon="7.442095"><ele>2241</ele></trkpt><trkpt lat="44.065070" lon="7.442233"><ele>2234</ele></trkpt><trkpt lat="44.064987" lon="7.442281"><ele>2232</ele></trkpt><trkpt lat="44.064893" lon="7.442303"><ele>2231</ele></trkpt><trkpt lat="44.064842" lon="7.442351"><ele>2230</ele></trkpt><trkpt lat="44.064828" lon="7.442400"><ele>2230</ele></trkpt><trkpt lat="44.064828" lon="7.442533"><ele>2228</ele></trkpt><trkpt lat="44.064811" lon="7.442614"><ele>2227</ele></trkpt><trkpt lat="44.064766" lon="7.442708"><ele>2226</ele></trkpt><trkpt lat="44.064726" lon="7.442851"><ele>2225</ele></trkpt><trkpt lat="44.064716" lon="7.442920"><ele>2225</ele></trkpt><trkpt lat="44.064700" lon="7.443012"><ele>2224</ele></trkpt><trkpt lat="44.064660" lon="7.443047"><ele>2224</ele></trkpt><trkpt lat="44.064598" lon="7.443036"><ele>2224</ele></trkpt><trkpt lat="44.064518" lon="7.443031"><ele>2223</ele></trkpt><trkpt lat="44.064429" lon="7.443004"><ele>2224</ele></trkpt><trkpt lat="44.064285" lon="7.443136"><ele>2223</ele></trkpt><trkpt lat="44.064228" lon="7.443089"><ele>2223</ele></trkpt><trkpt lat="44.064096" lon="7.443113"><ele>2223</ele></trkpt><trkpt lat="44.063909" lon="7.443187"><ele>2220</ele></trkpt><trkpt lat="44.063788" lon="7.443213"><ele>2218</ele></trkpt><trkpt lat="44.063709" lon="7.443253"><ele>2217</ele></trkpt><trkpt lat="44.063647" lon="7.443228"><ele>2217</ele></trkpt><trkpt lat="44.063619" lon="7.443245"><ele>2217</ele></trkpt><trkpt lat="44.063505" lon="7.443295"><ele>2215</ele></trkpt><trkpt lat="44.063410" lon="7.443314"><ele>2214</ele></trkpt><trkpt lat="44.063369" lon="7.443314"><ele>2214</ele></trkpt><trkpt lat="44.063298" lon="7.443330"><ele>2214</ele></trkpt><trkpt lat="44.063257" lon="7.443300"><ele>2215</ele></trkpt><trkpt lat="44.063250" lon="7.443264"><ele>2216</ele></trkpt><trkpt lat="44.063266" lon="7.443206"><ele>2218</ele></trkpt><trkpt lat="44.063258" lon="7.443158"><ele>2219</ele></trkpt><trkpt lat="44.063190" lon="7.443062"><ele>2222</ele></trkpt><trkpt lat="44.063110" lon="7.443048"><ele>2222</ele></trkpt><trkpt lat="44.062971" lon="7.443020"><ele>2222</ele></trkpt><trkpt lat="44.062877" lon="7.443014"><ele>2221</ele></trkpt><trkpt lat="44.062808" lon="7.442950"><ele>2222</ele></trkpt><trkpt lat="44.062663" lon="7.442912"><ele>2222</ele></trkpt><trkpt lat="44.062590" lon="7.442830"><ele>2224</ele></trkpt><trkpt lat="44.062565" lon="7.442735"><ele>2226</ele></trkpt><trkpt lat="44.062472" lon="7.442699"><ele>2227</ele></trkpt><trkpt lat="44.062461" lon="7.442623"><ele>2229</ele></trkpt><trkpt lat="44.062425" lon="7.442589"><ele>2230</ele></trkpt><trkpt lat="44.062361" lon="7.442588"><ele>2229</ele></trkpt><trkpt lat="44.062322" lon="7.442620"><ele>2228</ele></trkpt><trkpt lat="44.062303" lon="7.442681"><ele>2226</ele></trkpt><trkpt lat="44.062243" lon="7.442730"><ele>2225</ele></trkpt><trkpt lat="44.062231" lon="7.442784"><ele>2223</ele></trkpt><trkpt lat="44.062198" lon="7.442855"><ele>2221</ele></trkpt><trkpt lat="44.062135" lon="7.442875"><ele>2221</ele></trkpt><trkpt lat="44.062110" lon="7.442952"><ele>2218</ele></trkpt><trkpt lat="44.062084" lon="7.442965"><ele>2218</ele></trkpt><trkpt lat="44.062053" lon="7.443023"><ele>2216</ele></trkpt><trkpt lat="44.062034" lon="7.443023"><ele>2216</ele></trkpt><trkpt lat="44.061979" lon="7.443173"><ele>2212</ele></trkpt><trkpt lat="44.061892" lon="7.443236"><ele>2210</ele></trkpt><trkpt lat="44.061820" lon="7.443241"><ele>2209</ele></trkpt><trkpt lat="44.061766" lon="7.443212"><ele>2210</ele></trkpt><trkpt lat="44.061667" lon="7.443202"><ele>2209</ele></trkpt><trkpt lat="44.061642" lon="7.443161"><ele>2210</ele></trkpt><trkpt lat="44.061585" lon="7.443025"><ele>2213</ele></trkpt><trkpt lat="44.061565" lon="7.442993"><ele>2214</ele></trkpt><trkpt lat="44.061553" lon="7.443024"><ele>2213</ele></trkpt><trkpt lat="44.061544" lon="7.443098"><ele>2211</ele></trkpt><trkpt lat="44.061532" lon="7.443123"><ele>2210</ele></trkpt><trkpt lat="44.061524" lon="7.443197"><ele>2207</ele></trkpt><trkpt lat="44.061539" lon="7.443277"><ele>2205</ele></trkpt><trkpt lat="44.061512" lon="7.443287"><ele>2205</ele></trkpt><trkpt lat="44.061486" lon="7.443263"><ele>2205</ele></trkpt><trkpt lat="44.061446" lon="7.443206"><ele>2206</ele></trkpt><trkpt lat="44.061370" lon="7.443170"><ele>2206</ele></trkpt><trkpt lat="44.061293" lon="7.443162"><ele>2205</ele></trkpt><trkpt lat="44.061043" lon="7.443241"><ele>2197</ele></trkpt><trkpt lat="44.060882" lon="7.443251"><ele>2193</ele></trkpt><trkpt lat="44.060785" lon="7.443263"><ele>2191</ele></trkpt><trkpt lat="44.060719" lon="7.443283"><ele>2189</ele></trkpt><trkpt lat="44.060663" lon="7.443245"><ele>2189</ele></trkpt><trkpt lat="44.060629" lon="7.443247"><ele>2188</ele></trkpt><trkpt lat="44.060601" lon="7.443241"><ele>2188</ele></trkpt><trkpt lat="44.060530" lon="7.443223"><ele>2188</ele></trkpt><trkpt lat="44.060441" lon="7.443253"><ele>2185</ele></trkpt><trkpt lat="44.060387" lon="7.443287"><ele>2183</ele></trkpt><trkpt lat="44.060324" lon="7.443277"><ele>2183</ele></trkpt><trkpt lat="44.060234" lon="7.443162"><ele>2185</ele></trkpt><trkpt lat="44.060188" lon="7.443041"><ele>2189</ele></trkpt><trkpt lat="44.060155" lon="7.442907"><ele>2193</ele></trkpt><trkpt lat="44.060117" lon="7.442834"><ele>2195</ele></trkpt><trkpt lat="44.060038" lon="7.442771"><ele>2196</ele></trkpt><trkpt lat="44.059974" lon="7.442780"><ele>2194</ele></trkpt><trkpt lat="44.059711" lon="7.442810"><ele>2188</ele></trkpt><trkpt lat="44.059641" lon="7.442838"><ele>2186</ele></trkpt><trkpt lat="44.059538" lon="7.442851"><ele>2183</ele></trkpt><trkpt lat="44.059494" lon="7.442843"><ele>2183</ele></trkpt><trkpt lat="44.059417" lon="7.442858"><ele>2181</ele></trkpt><trkpt lat="44.059350" lon="7.442820"><ele>2180</ele></trkpt><trkpt lat="44.059327" lon="7.442769"><ele>2182</ele></trkpt><trkpt lat="44.059300" lon="7.442747"><ele>2182</ele></trkpt><trkpt lat="44.059269" lon="7.442679"><ele>2183</ele></trkpt><trkpt lat="44.059129" lon="7.442544"><ele>2185</ele></trkpt><trkpt lat="44.059059" lon="7.442519"><ele>2184</ele></trkpt><trkpt lat="44.059020" lon="7.442522"><ele>2184</ele></trkpt><trkpt lat="44.058979" lon="7.442489"><ele>2184</ele></trkpt><trkpt lat="44.058964" lon="7.442471"><ele>2184</ele></trkpt><trkpt lat="44.058914" lon="7.442468"><ele>2184</ele></trkpt><trkpt lat="44.058885" lon="7.442449"><ele>2184</ele></trkpt><trkpt lat="44.058869" lon="7.442466"><ele>2183</ele></trkpt><trkpt lat="44.058829" lon="7.442458"><ele>2183</ele></trkpt><trkpt lat="44.058778" lon="7.442484"><ele>2182</ele></trkpt><trkpt lat="44.058729" lon="7.442526"><ele>2181</ele></trkpt><trkpt lat="44.058682" lon="7.442553"><ele>2180</ele></trkpt><trkpt lat="44.058665" lon="7.442591"><ele>2179</ele></trkpt><trkpt lat="44.058638" lon="7.442645"><ele>2178</ele></trkpt><trkpt lat="44.058617" lon="7.442666"><ele>2177</ele></trkpt><trkpt lat="44.058617" lon="7.442705"><ele>2177</ele></trkpt><trkpt lat="44.058580" lon="7.442738"><ele>2176</ele></trkpt><trkpt lat="44.058561" lon="7.442756"><ele>2175</ele></trkpt><trkpt lat="44.058530" lon="7.442768"><ele>2175</ele></trkpt><trkpt lat="44.058496" lon="7.442795"><ele>2174</ele></trkpt><trkpt lat="44.058493" lon="7.442822"><ele>2174</ele></trkpt><trkpt lat="44.058475" lon="7.442835"><ele>2173</ele></trkpt><trkpt lat="44.058425" lon="7.442866"><ele>2172</ele></trkpt><trkpt lat="44.058383" lon="7.442913"><ele>2171</ele></trkpt><trkpt lat="44.058344" lon="7.442989"><ele>2169</ele></trkpt><trkpt lat="44.058282" lon="7.443054"><ele>2168</ele></trkpt><trkpt lat="44.058282" lon="7.443054"><ele>2168</ele></trkpt><trkpt lat="44.058184" lon="7.443143"><ele>2166</ele></trkpt><trkpt lat="44.058131" lon="7.443208"><ele>2165</ele></trkpt><trkpt lat="44.058063" lon="7.443306"><ele>2165</ele></trkpt><trkpt lat="44.058061" lon="7.443372"><ele>2164</ele></trkpt><trkpt lat="44.058024" lon="7.443567"><ele>2164</ele></trkpt><trkpt lat="44.057996" lon="7.443626"><ele>2163</ele></trkpt><trkpt lat="44.057981" lon="7.443714"><ele>2163</ele></trkpt><trkpt lat="44.057924" lon="7.443896"><ele>2161</ele></trkpt><trkpt lat="44.057854" lon="7.444013"><ele>2161</ele></trkpt><trkpt lat="44.057822" lon="7.444054"><ele>2161</ele></trkpt><trkpt lat="44.057781" lon="7.444137"><ele>2161</ele></trkpt><trkpt lat="44.057781" lon="7.444177"><ele>2160</ele></trkpt><trkpt lat="44.057777" lon="7.444279"><ele>2159</ele></trkpt><trkpt lat="44.057757" lon="7.444395"><ele>2159</ele></trkpt><trkpt lat="44.057716" lon="7.444509"><ele>2159</ele></trkpt><trkpt lat="44.057654" lon="7.444721"><ele>2158</ele></trkpt><trkpt lat="44.057629" lon="7.444924"><ele>2157</ele></trkpt><trkpt lat="44.057605" lon="7.445038"><ele>2157</ele></trkpt><trkpt lat="44.057569" lon="7.445108"><ele>2157</ele></trkpt><trkpt lat="44.057541" lon="7.445257"><ele>2157</ele></trkpt><trkpt lat="44.057482" lon="7.445447"><ele>2157</ele></trkpt><trkpt lat="44.057472" lon="7.445498"><ele>2157</ele></trkpt><trkpt lat="44.057444" lon="7.445568"><ele>2158</ele></trkpt><trkpt lat="44.057424" lon="7.445635"><ele>2158</ele></trkpt><trkpt lat="44.057402" lon="7.445698"><ele>2158</ele></trkpt><trkpt lat="44.057337" lon="7.445798"><ele>2160</ele></trkpt><trkpt lat="44.057334" lon="7.445802"><ele>2160</ele></trkpt><trkpt lat="44.057269" lon="7.446009"><ele>2160</ele></trkpt><trkpt lat="44.057186" lon="7.446296"><ele>2161</ele></trkpt><trkpt lat="44.057128" lon="7.446542"><ele>2161</ele></trkpt><trkpt lat="44.057095" lon="7.446781"><ele>2160</ele></trkpt><trkpt lat="44.057063" lon="7.447084"><ele>2158</ele></trkpt><trkpt lat="44.057065" lon="7.447317"><ele>2156</ele></trkpt><trkpt lat="44.057056" lon="7.447569"><ele>2153</ele></trkpt><trkpt lat="44.057054" lon="7.448050"><ele>2146</ele></trkpt><trkpt lat="44.057047" lon="7.448256"><ele>2142</ele></trkpt><trkpt lat="44.057062" lon="7.448350"><ele>2140</ele></trkpt><trkpt lat="44.057055" lon="7.448458"><ele>2139</ele></trkpt><trkpt lat="44.057012" lon="7.448827"><ele>2135</ele></trkpt><trkpt lat="44.057012" lon="7.448928"><ele>2134</ele></trkpt><trkpt lat="44.057020" lon="7.448967"><ele>2133</ele></trkpt><trkpt lat="44.057007" lon="7.449058"><ele>2133</ele></trkpt><trkpt lat="44.057009" lon="7.449191"><ele>2131</ele></trkpt><trkpt lat="44.057020" lon="7.449460"><ele>2127</ele></trkpt><trkpt lat="44.057015" lon="7.449536"><ele>2126</ele></trkpt><trkpt lat="44.057002" lon="7.449585"><ele>2126</ele></trkpt><trkpt lat="44.056979" lon="7.449655"><ele>2126</ele></trkpt><trkpt lat="44.056983" lon="7.449689"><ele>2126</ele></trkpt><trkpt lat="44.056997" lon="7.449687"><ele>2125</ele></trkpt><trkpt lat="44.057025" lon="7.449639"><ele>2124</ele></trkpt><trkpt lat="44.057042" lon="7.449636"><ele>2123</ele></trkpt><trkpt lat="44.057043" lon="7.449655"><ele>2123</ele></trkpt><trkpt lat="44.057026" lon="7.449699"><ele>2123</ele></trkpt><trkpt lat="44.057023" lon="7.449814"><ele>2122</ele></trkpt><trkpt lat="44.057018" lon="7.449901"><ele>2121</ele></trkpt><trkpt lat="44.057016" lon="7.450006"><ele>2120</ele></trkpt><trkpt lat="44.056989" lon="7.450200"><ele>2120</ele></trkpt><trkpt lat="44.056962" lon="7.450309"><ele>2120</ele></trkpt><trkpt lat="44.056911" lon="7.450413"><ele>2122</ele></trkpt><trkpt lat="44.056890" lon="7.450501"><ele>2123</ele></trkpt><trkpt lat="44.056881" lon="7.450656"><ele>2122</ele></trkpt><trkpt lat="44.056836" lon="7.450845"><ele>2124</ele></trkpt><trkpt lat="44.056834" lon="7.450951"><ele>2124</ele></trkpt><trkpt lat="44.056849" lon="7.451018"><ele>2123</ele></trkpt><trkpt lat="44.056869" lon="7.451146"><ele>2123</ele></trkpt><trkpt lat="44.056869" lon="7.451146"><ele>2123</ele></trkpt><trkpt lat="44.056825" lon="7.451136"><ele>2124</ele></trkpt><trkpt lat="44.056736" lon="7.451159"><ele>2127</ele></trkpt><trkpt lat="44.056671" lon="7.451174"><ele>2129</ele></trkpt><trkpt lat="44.056628" lon="7.451154"><ele>2131</ele></trkpt><trkpt lat="44.056594" lon="7.451161"><ele>2132</ele></trkpt><trkpt lat="44.056582" lon="7.451230"><ele>2132</ele></trkpt><trkpt lat="44.056584" lon="7.451331"><ele>2132</ele></trkpt><trkpt lat="44.056562" lon="7.451386"><ele>2132</ele></trkpt><trkpt lat="44.056540" lon="7.451426"><ele>2133</ele></trkpt><trkpt lat="44.056506" lon="7.451626"><ele>2133</ele></trkpt><trkpt lat="44.056457" lon="7.451779"><ele>2134</ele></trkpt><trkpt lat="44.056415" lon="7.451850"><ele>2135</ele></trkpt><trkpt lat="44.056379" lon="7.451912"><ele>2135</ele></trkpt><trkpt lat="44.056317" lon="7.451982"><ele>2136</ele></trkpt><trkpt lat="44.056255" lon="7.452107"><ele>2136</ele></trkpt><trkpt lat="44.056217" lon="7.452126"><ele>2136</ele></trkpt><trkpt lat="44.056168" lon="7.452114"><ele>2137</ele></trkpt><trkpt lat="44.056123" lon="7.452065"><ele>2138</ele></trkpt><trkpt lat="44.056084" lon="7.452023"><ele>2138</ele></trkpt><trkpt lat="44.056020" lon="7.451958"><ele>2140</ele></trkpt><trkpt lat="44.055956" lon="7.451903"><ele>2141</ele></trkpt><trkpt lat="44.055923" lon="7.451832"><ele>2142</ele></trkpt><trkpt lat="44.055856" lon="7.451729"><ele>2143</ele></trkpt><trkpt lat="44.055832" lon="7.451550"><ele>2145</ele></trkpt><trkpt lat="44.055805" lon="7.451530"><ele>2146</ele></trkpt><trkpt lat="44.055565" lon="7.452012"><ele>2146</ele></trkpt><trkpt lat="44.055526" lon="7.451865"><ele>2148</ele></trkpt><trkpt lat="44.055530" lon="7.451746"><ele>2149</ele></trkpt><trkpt lat="44.055493" lon="7.451632"><ele>2151</ele></trkpt><trkpt lat="44.055499" lon="7.451534"><ele>2151</ele></trkpt><trkpt lat="44.055470" lon="7.451337"><ele>2152</ele></trkpt><trkpt lat="44.055320" lon="7.451416"><ele>2155</ele></trkpt><trkpt lat="44.055211" lon="7.451435"><ele>2156</ele></trkpt><trkpt lat="44.055165" lon="7.451483"><ele>2157</ele></trkpt><trkpt lat="44.055023" lon="7.451538"><ele>2159</ele></trkpt><trkpt lat="44.054904" lon="7.451425"><ele>2161</ele></trkpt><trkpt lat="44.054817" lon="7.451347"><ele>2161</ele></trkpt><trkpt lat="44.054778" lon="7.451241"><ele>2160</ele></trkpt><trkpt lat="44.054698" lon="7.451166"><ele>2160</ele></trkpt><trkpt lat="44.054625" lon="7.451111"><ele>2160</ele></trkpt><trkpt lat="44.054546" lon="7.451119"><ele>2161</ele></trkpt><trkpt lat="44.054419" lon="7.451186"><ele>2164</ele></trkpt><trkpt lat="44.054295" lon="7.451297"><ele>2166</ele></trkpt><trkpt lat="44.054218" lon="7.451317"><ele>2167</ele></trkpt><trkpt lat="44.054131" lon="7.451284"><ele>2167</ele></trkpt><trkpt lat="44.054115" lon="7.451200"><ele>2167</ele></trkpt><trkpt lat="44.054051" lon="7.451094"><ele>2167</ele></trkpt><trkpt lat="44.053982" lon="7.450938"><ele>2167</ele></trkpt><trkpt lat="44.053849" lon="7.450768"><ele>2167</ele></trkpt><trkpt lat="44.053763" lon="7.450704"><ele>2168</ele></trkpt><trkpt lat="44.053759" lon="7.450598"><ele>2168</ele></trkpt><trkpt lat="44.053767" lon="7.450501"><ele>2167</ele></trkpt><trkpt lat="44.053718" lon="7.450353"><ele>2168</ele></trkpt><trkpt lat="44.053688" lon="7.450314"><ele>2168</ele></trkpt><trkpt lat="44.053677" lon="7.450245"><ele>2168</ele></trkpt><trkpt lat="44.053608" lon="7.450193"><ele>2170</ele></trkpt><trkpt lat="44.053584" lon="7.450130"><ele>2170</ele></trkpt><trkpt lat="44.053584" lon="7.450007"><ele>2171</ele></trkpt><trkpt lat="44.053568" lon="7.449939"><ele>2172</ele></trkpt><trkpt lat="44.053578" lon="7.449625"><ele>2174</ele></trkpt><trkpt lat="44.053571" lon="7.449530"><ele>2175</ele></trkpt><trkpt lat="44.053561" lon="7.449458"><ele>2176</ele></trkpt><trkpt lat="44.053593" lon="7.449285"><ele>2177</ele></trkpt><trkpt lat="44.053634" lon="7.448995"><ele>2179</ele></trkpt><trkpt lat="44.053712" lon="7.448809"><ele>2179</ele></trkpt><trkpt lat="44.053730" lon="7.448642"><ele>2180</ele></trkpt><trkpt lat="44.053838" lon="7.448385"><ele>2180</ele></trkpt><trkpt lat="44.053881" lon="7.448232"><ele>2181</ele></trkpt><trkpt lat="44.053882" lon="7.448117"><ele>2182</ele></trkpt><trkpt lat="44.053856" lon="7.448121"><ele>2183</ele></trkpt><trkpt lat="44.053772" lon="7.448186"><ele>2185</ele></trkpt><trkpt lat="44.053760" lon="7.448097"><ele>2186</ele></trkpt><trkpt lat="44.053706" lon="7.448158"><ele>2187</ele></trkpt><trkpt lat="44.053528" lon="7.448049"><ele>2194</ele></trkpt><trkpt lat="44.053447" lon="7.447978"><ele>2198</ele></trkpt><trkpt lat="44.053391" lon="7.447959"><ele>2200</ele></trkpt><trkpt lat="44.053254" lon="7.447797"><ele>2207</ele></trkpt><trkpt lat="44.053220" lon="7.447734"><ele>2209</ele></trkpt><trkpt lat="44.052916" lon="7.447722"><ele>2220</ele></trkpt><trkpt lat="44.052865" lon="7.447771"><ele>2221</ele></trkpt><trkpt lat="44.052830" lon="7.447716"><ele>2223</ele></trkpt><trkpt lat="44.052842" lon="7.447523"><ele>2225</ele></trkpt><trkpt lat="44.052819" lon="7.447478"><ele>2227</ele></trkpt><trkpt lat="44.052740" lon="7.447502"><ele>2229</ele></trkpt><trkpt lat="44.052735" lon="7.447427"><ele>2230</ele></trkpt><trkpt lat="44.052706" lon="7.447398"><ele>2231</ele></trkpt><trkpt lat="44.052748" lon="7.447316"><ele>2231</ele></trkpt><trkpt lat="44.052699" lon="7.447310"><ele>2233</ele></trkpt><trkpt lat="44.052682" lon="7.447266"><ele>2234</ele></trkpt><trkpt lat="44.052605" lon="7.447290"><ele>2235</ele></trkpt><trkpt lat="44.052580" lon="7.447257"><ele>2236</ele></trkpt><trkpt lat="44.052583" lon="7.447215"><ele>2237</ele></trkpt><trkpt lat="44.052608" lon="7.447179"><ele>2237</ele></trkpt><trkpt lat="44.052669" lon="7.447160"><ele>2236</ele></trkpt><trkpt lat="44.052764" lon="7.447184"><ele>2233</ele></trkpt><trkpt lat="44.052772" lon="7.447142"><ele>2234</ele></trkpt><trkpt lat="44.052760" lon="7.447054"><ele>2236</ele></trkpt><trkpt lat="44.052795" lon="7.446976"><ele>2237</ele></trkpt><trkpt lat="44.052761" lon="7.446927"><ele>2238</ele></trkpt><trkpt lat="44.052771" lon="7.446709"><ele>2243</ele></trkpt><trkpt lat="44.052745" lon="7.446650"><ele>2244</ele></trkpt><trkpt lat="44.052701" lon="7.446627"><ele>2245</ele></trkpt><trkpt lat="44.052680" lon="7.446378"><ele>2249</ele></trkpt><trkpt lat="44.052641" lon="7.446302"><ele>2251</ele></trkpt><trkpt lat="44.052688" lon="7.446229"><ele>2251</ele></trkpt><trkpt lat="44.052693" lon="7.446178"><ele>2252</ele></trkpt><trkpt lat="44.052658" lon="7.446094"><ele>2253</ele></trkpt><trkpt lat="44.052667" lon="7.446018"><ele>2254</ele></trkpt><trkpt lat="44.052653" lon="7.445951"><ele>2255</ele></trkpt><trkpt lat="44.052616" lon="7.445883"><ele>2256</ele></trkpt><trkpt lat="44.052612" lon="7.445801"><ele>2257</ele></trkpt><trkpt lat="44.052651" lon="7.445719"><ele>2257</ele></trkpt><trkpt lat="44.052624" lon="7.445615"><ele>2258</ele></trkpt><trkpt lat="44.052549" lon="7.445589"><ele>2259</ele></trkpt><trkpt lat="44.052411" lon="7.445509"><ele>2260</ele></trkpt><trkpt lat="44.052291" lon="7.445392"><ele>2261</ele></trkpt><trkpt lat="44.052208" lon="7.445265"><ele>2261</ele></trkpt><trkpt lat="44.052178" lon="7.445123"><ele>2261</ele></trkpt><trkpt lat="44.052113" lon="7.445030"><ele>2261</ele></trkpt><trkpt lat="44.052092" lon="7.444913"><ele>2260</ele></trkpt><trkpt lat="44.052046" lon="7.444788"><ele>2260</ele></trkpt><trkpt lat="44.051991" lon="7.444805"><ele>2261</ele></trkpt><trkpt lat="44.051903" lon="7.444769"><ele>2262</ele></trkpt><trkpt lat="44.051829" lon="7.444684"><ele>2262</ele></trkpt><trkpt lat="44.051757" lon="7.444638"><ele>2263</ele></trkpt><trkpt lat="44.051744" lon="7.444573"><ele>2263</ele></trkpt><trkpt lat="44.051769" lon="7.444309"><ele>2263</ele></trkpt><trkpt lat="44.051810" lon="7.444286"><ele>2262</ele></trkpt><trkpt lat="44.051859" lon="7.444320"><ele>2261</ele></trkpt><trkpt lat="44.051901" lon="7.444306"><ele>2261</ele></trkpt><trkpt lat="44.051907" lon="7.444163"><ele>2260</ele></trkpt><trkpt lat="44.051886" lon="7.444012"><ele>2261</ele></trkpt><trkpt lat="44.051897" lon="7.443963"><ele>2260</ele></trkpt><trkpt lat="44.051968" lon="7.443958"><ele>2260</ele></trkpt><trkpt lat="44.052030" lon="7.443991"><ele>2259</ele></trkpt><trkpt lat="44.052066" lon="7.444035"><ele>2259</ele></trkpt><trkpt lat="44.052086" lon="7.444015"><ele>2259</ele></trkpt><trkpt lat="44.052091" lon="7.443979"><ele>2259</ele></trkpt><trkpt lat="44.052055" lon="7.443898"><ele>2259</ele></trkpt><trkpt lat="44.052045" lon="7.443757"><ele>2260</ele></trkpt><trkpt lat="44.052067" lon="7.443696"><ele>2260</ele></trkpt><trkpt lat="44.052101" lon="7.443659"><ele>2260</ele></trkpt><trkpt lat="44.052094" lon="7.443552"><ele>2260</ele></trkpt><trkpt lat="44.052101" lon="7.443414"><ele>2261</ele></trkpt><trkpt lat="44.052057" lon="7.443338"><ele>2262</ele></trkpt><trkpt lat="44.052011" lon="7.443317"><ele>2262</ele></trkpt><trkpt lat="44.051981" lon="7.443239"><ele>2263</ele></trkpt><trkpt lat="44.052011" lon="7.443069"><ele>2265</ele></trkpt><trkpt lat="44.051982" lon="7.442969"><ele>2266</ele></trkpt><trkpt lat="44.051978" lon="7.442863"><ele>2267</ele></trkpt><trkpt lat="44.051698" lon="7.442572"><ele>2270</ele></trkpt><trkpt lat="44.051713" lon="7.442373"><ele>2272</ele></trkpt><trkpt lat="44.051707" lon="7.442161"><ele>2274</ele></trkpt><trkpt lat="44.051792" lon="7.441749"><ele>2279</ele></trkpt><trkpt lat="44.051729" lon="7.441505"><ele>2281</ele></trkpt><trkpt lat="44.051687" lon="7.441321"><ele>2281</ele></trkpt><trkpt lat="44.051685" lon="7.440833"><ele>2285</ele></trkpt><trkpt lat="44.051670" lon="7.440765"><ele>2285</ele></trkpt><trkpt lat="44.051681" lon="7.440664"><ele>2286</ele></trkpt><trkpt lat="44.051663" lon="7.440582"><ele>2286</ele></trkpt><trkpt lat="44.051613" lon="7.440489"><ele>2286</ele></trkpt><trkpt lat="44.051569" lon="7.440494"><ele>2285</ele></trkpt><trkpt lat="44.051539" lon="7.440519"><ele>2284</ele></trkpt><trkpt lat="44.051503" lon="7.440472"><ele>2284</ele></trkpt><trkpt lat="44.051465" lon="7.440223"><ele>2284</ele></trkpt><trkpt lat="44.051440" lon="7.440237"><ele>2283</ele></trkpt><trkpt lat="44.051408" lon="7.440316"><ele>2283</ele></trkpt><trkpt lat="44.051387" lon="7.440276"><ele>2282</ele></trkpt><trkpt lat="44.051333" lon="7.439839"><ele>2282</ele></trkpt><trkpt lat="44.051269" lon="7.439820"><ele>2281</ele></trkpt><trkpt lat="44.051220" lon="7.439781"><ele>2280</ele></trkpt><trkpt lat="44.051197" lon="7.439656"><ele>2280</ele></trkpt><trkpt lat="44.051163" lon="7.439606"><ele>2279</ele></trkpt><trkpt lat="44.051204" lon="7.439553"><ele>2280</ele></trkpt><trkpt lat="44.051280" lon="7.439431"><ele>2282</ele></trkpt><trkpt lat="44.051277" lon="7.439182"><ele>2284</ele></trkpt><trkpt lat="44.051373" lon="7.439034"><ele>2287</ele></trkpt><trkpt lat="44.051379" lon="7.438897"><ele>2289</ele></trkpt><trkpt lat="44.051396" lon="7.438808"><ele>2291</ele></trkpt><trkpt lat="44.051324" lon="7.438534"><ele>2292</ele></trkpt><trkpt lat="44.051326" lon="7.438288"><ele>2294</ele></trkpt><trkpt lat="44.051378" lon="7.437886"><ele>2300</ele></trkpt><trkpt lat="44.051352" lon="7.437664"><ele>2302</ele></trkpt><trkpt lat="44.051331" lon="7.437616"><ele>2302</ele></trkpt><trkpt lat="44.051334" lon="7.437558"><ele>2303</ele></trkpt><trkpt lat="44.051297" lon="7.437522"><ele>2302</ele></trkpt><trkpt lat="44.051226" lon="7.437516"><ele>2301</ele></trkpt><trkpt lat="44.051248" lon="7.437483"><ele>2302</ele></trkpt><trkpt lat="44.051207" lon="7.437429"><ele>2302</ele></trkpt><trkpt lat="44.051243" lon="7.437397"><ele>2303</ele></trkpt><trkpt lat="44.051264" lon="7.437303"><ele>2305</ele></trkpt><trkpt lat="44.051234" lon="7.437205"><ele>2307</ele></trkpt><trkpt lat="44.051201" lon="7.437181"><ele>2307</ele></trkpt><trkpt lat="44.051174" lon="7.437157"><ele>2306</ele></trkpt><trkpt lat="44.051184" lon="7.437088"><ele>2308</ele></trkpt><trkpt lat="44.051140" lon="7.437070"><ele>2308</ele></trkpt><trkpt lat="44.051141" lon="7.436993"><ele>2309</ele></trkpt><trkpt lat="44.051099" lon="7.436960"><ele>2309</ele></trkpt><trkpt lat="44.051090" lon="7.436851"><ele>2311</ele></trkpt><trkpt lat="44.051069" lon="7.436769"><ele>2312</ele></trkpt><trkpt lat="44.051071" lon="7.436733"><ele>2313</ele></trkpt><trkpt lat="44.051066" lon="7.436713"><ele>2313</ele></trkpt><trkpt lat="44.051024" lon="7.436699"><ele>2312</ele></trkpt><trkpt lat="44.050980" lon="7.436571"><ele>2315</ele></trkpt><trkpt lat="44.050959" lon="7.436428"><ele>2317</ele></trkpt><trkpt lat="44.050974" lon="7.436383"><ele>2319</ele></trkpt><trkpt lat="44.050945" lon="7.436274"><ele>2321</ele></trkpt><trkpt lat="44.050912" lon="7.436263"><ele>2320</ele></trkpt><trkpt lat="44.050855" lon="7.436259"><ele>2320</ele></trkpt><trkpt lat="44.050837" lon="7.436211"><ele>2321</ele></trkpt><trkpt lat="44.050799" lon="7.436112"><ele>2322</ele></trkpt><trkpt lat="44.050763" lon="7.436112"><ele>2322</ele></trkpt><trkpt lat="44.050661" lon="7.435969"><ele>2325</ele></trkpt><trkpt lat="44.050612" lon="7.435943"><ele>2326</ele></trkpt><trkpt lat="44.050511" lon="7.435787"><ele>2330</ele></trkpt><trkpt lat="44.050450" lon="7.435853"><ele>2329</ele></trkpt><trkpt lat="44.050399" lon="7.435765"><ele>2331</ele></trkpt><trkpt lat="44.050426" lon="7.435452"><ele>2340</ele></trkpt><trkpt lat="44.050394" lon="7.435396"><ele>2341</ele></trkpt><trkpt lat="44.050328" lon="7.435176"><ele>2346</ele></trkpt><trkpt lat="44.050275" lon="7.435101"><ele>2348</ele></trkpt><trkpt lat="44.050319" lon="7.434919"><ele>2351</ele></trkpt><trkpt lat="44.050295" lon="7.434845"><ele>2352</ele></trkpt><trkpt lat="44.050296" lon="7.434743"><ele>2354</ele></trkpt><trkpt lat="44.050267" lon="7.434638"><ele>2355</ele></trkpt><trkpt lat="44.050249" lon="7.434433"><ele>2358</ele></trkpt><trkpt lat="44.050243" lon="7.434345"><ele>2360</ele></trkpt><trkpt lat="44.050251" lon="7.434328"><ele>2360</ele></trkpt><trkpt lat="44.050221" lon="7.434102"><ele>2366</ele></trkpt><trkpt lat="44.050139" lon="7.433819"><ele>2373</ele></trkpt><trkpt lat="44.050155" lon="7.433685"><ele>2377</ele></trkpt><trkpt lat="44.050137" lon="7.433639"><ele>2377</ele></trkpt><trkpt lat="44.050145" lon="7.433611"><ele>2378</ele></trkpt><trkpt lat="44.050159" lon="7.433597"><ele>2379</ele></trkpt><trkpt lat="44.050152" lon="7.433447"><ele>2383</ele></trkpt><trkpt lat="44.050088" lon="7.433435"><ele>2381</ele></trkpt><trkpt lat="44.050034" lon="7.433443"><ele>2380</ele></trkpt><trkpt lat="44.050000" lon="7.433414"><ele>2379</ele></trkpt><trkpt lat="44.049929" lon="7.433426"><ele>2378</ele></trkpt><trkpt lat="44.049860" lon="7.433380"><ele>2377</ele></trkpt><trkpt lat="44.049821" lon="7.433379"><ele>2376</ele></trkpt><trkpt lat="44.049775" lon="7.433438"><ele>2375</ele></trkpt><trkpt lat="44.049730" lon="7.433427"><ele>2375</ele></trkpt><trkpt lat="44.049725" lon="7.433280"><ele>2377</ele></trkpt><trkpt lat="44.049680" lon="7.433084"><ele>2380</ele></trkpt><trkpt lat="44.049679" lon="7.432971"><ele>2382</ele></trkpt><trkpt lat="44.049489" lon="7.432666"><ele>2386</ele></trkpt><trkpt lat="44.049479" lon="7.432460"><ele>2390</ele></trkpt><trkpt lat="44.049422" lon="7.432257"><ele>2393</ele></trkpt><trkpt lat="44.049428" lon="7.432102"><ele>2396</ele></trkpt><trkpt lat="44.049382" lon="7.431922"><ele>2399</ele></trkpt><trkpt lat="44.049292" lon="7.431836"><ele>2398</ele></trkpt><trkpt lat="44.049273" lon="7.431760"><ele>2399</ele></trkpt><trkpt lat="44.049280" lon="7.431686"><ele>2401</ele></trkpt><trkpt lat="44.049271" lon="7.431625"><ele>2401</ele></trkpt><trkpt lat="44.049314" lon="7.431483"><ele>2405</ele></trkpt><trkpt lat="44.049322" lon="7.431334"><ele>2407</ele></trkpt><trkpt lat="44.049282" lon="7.431238"><ele>2408</ele></trkpt><trkpt lat="44.049284" lon="7.431068"><ele>2410</ele></trkpt><trkpt lat="44.049245" lon="7.430958"><ele>2410</ele></trkpt><trkpt lat="44.049232" lon="7.430860"><ele>2411</ele></trkpt><trkpt lat="44.049203" lon="7.430752"><ele>2411</ele></trkpt><trkpt lat="44.049208" lon="7.430639"><ele>2412</ele></trkpt><trkpt lat="44.049208" lon="7.430639"><ele>2412</ele></trkpt><trkpt lat="44.048533" lon="7.430659"><ele>2414</ele></trkpt><trkpt lat="44.048417" lon="7.430674"><ele>2415</ele></trkpt><trkpt lat="44.048303" lon="7.430519"><ele>2419</ele></trkpt><trkpt lat="44.048130" lon="7.430435"><ele>2421</ele></trkpt><trkpt lat="44.048008" lon="7.430369"><ele>2422</ele></trkpt><trkpt lat="44.047791" lon="7.430394"><ele>2422</ele></trkpt><trkpt lat="44.047544" lon="7.430745"><ele>2421</ele></trkpt><trkpt lat="44.047504" lon="7.430802"><ele>2421</ele></trkpt><trkpt lat="44.047457" lon="7.430757"><ele>2420</ele></trkpt><trkpt lat="44.047415" lon="7.430822"><ele>2420</ele></trkpt><trkpt lat="44.047375" lon="7.430797"><ele>2419</ele></trkpt><trkpt lat="44.047340" lon="7.430819"><ele>2419</ele></trkpt><trkpt lat="44.047271" lon="7.430846"><ele>2418</ele></trkpt><trkpt lat="44.047286" lon="7.430796"><ele>2418</ele></trkpt><trkpt lat="44.047272" lon="7.430769"><ele>2417</ele></trkpt><trkpt lat="44.047178" lon="7.430779"><ele>2414</ele></trkpt><trkpt lat="44.047230" lon="7.430636"><ele>2414</ele></trkpt><trkpt lat="44.047229" lon="7.430578"><ele>2413</ele></trkpt><trkpt lat="44.047192" lon="7.430579"><ele>2411</ele></trkpt><trkpt lat="44.047197" lon="7.430501"><ele>2410</ele></trkpt><trkpt lat="44.047179" lon="7.430483"><ele>2409</ele></trkpt><trkpt lat="44.047052" lon="7.430643"><ele>2406</ele></trkpt><trkpt lat="44.047013" lon="7.430561"><ele>2402</ele></trkpt><trkpt lat="44.046794" lon="7.430753"><ele>2395</ele></trkpt><trkpt lat="44.046724" lon="7.430785"><ele>2392</ele></trkpt><trkpt lat="44.046696" lon="7.430766"><ele>2390</ele></trkpt><trkpt lat="44.046538" lon="7.430877"><ele>2387</ele></trkpt><trkpt lat="44.046482" lon="7.430878"><ele>2384</ele></trkpt><trkpt lat="44.046317" lon="7.430758"><ele>2373</ele></trkpt><trkpt lat="44.046216" lon="7.430725"><ele>2368</ele></trkpt><trkpt lat="44.046118" lon="7.430739"><ele>2365</ele></trkpt><trkpt lat="44.045983" lon="7.430759"><ele>2360</ele></trkpt><trkpt lat="44.045943" lon="7.430726"><ele>2357</ele></trkpt><trkpt lat="44.045844" lon="7.430744"><ele>2354</ele></trkpt><trkpt lat="44.045683" lon="7.430764"><ele>2349</ele></trkpt><trkpt lat="44.045534" lon="7.430858"><ele>2349</ele></trkpt><trkpt lat="44.045358" lon="7.430965"><ele>2350</ele></trkpt><trkpt lat="44.044969" lon="7.430913"><ele>2341</ele></trkpt><trkpt lat="44.044947" lon="7.430871"><ele>2339</ele></trkpt><trkpt lat="44.044755" lon="7.430866"><ele>2336</ele></trkpt><trkpt lat="44.044711" lon="7.430897"><ele>2336</ele></trkpt><trkpt lat="44.044507" lon="7.430878"><ele>2332</ele></trkpt><trkpt lat="44.044443" lon="7.430868"><ele>2331</ele></trkpt><trkpt lat="44.044254" lon="7.430854"><ele>2327</ele></trkpt><trkpt lat="44.044208" lon="7.430828"><ele>2325</ele></trkpt><trkpt lat="44.044174" lon="7.430815"><ele>2324</ele></trkpt><trkpt lat="44.044132" lon="7.430795"><ele>2322</ele></trkpt><trkpt lat="44.044088" lon="7.430803"><ele>2322</ele></trkpt><trkpt lat="44.044049" lon="7.430770"><ele>2321</ele></trkpt><trkpt lat="44.043996" lon="7.430715"><ele>2318</ele></trkpt><trkpt lat="44.043885" lon="7.430701"><ele>2317</ele></trkpt><trkpt lat="44.043758" lon="7.430627"><ele>2314</ele></trkpt><trkpt lat="44.043490" lon="7.430632"><ele>2312</ele></trkpt><trkpt lat="44.043300" lon="7.430592"><ele>2309</ele></trkpt><trkpt lat="44.043143" lon="7.430535"><ele>2306</ele></trkpt><trkpt lat="44.042945" lon="7.430509"><ele>2303</ele></trkpt><trkpt lat="44.042639" lon="7.430463"><ele>2298</ele></trkpt><trkpt lat="44.042514" lon="7.430434"><ele>2296</ele></trkpt><trkpt lat="44.042448" lon="7.430159"><ele>2285</ele></trkpt><trkpt lat="44.042454" lon="7.430117"><ele>2284</ele></trkpt><trkpt lat="44.042470" lon="7.430081"><ele>2283</ele></trkpt><trkpt lat="44.042443" lon="7.430078"><ele>2283</ele></trkpt><trkpt lat="44.042420" lon="7.430047"><ele>2282</ele></trkpt><trkpt lat="44.042403" lon="7.429975"><ele>2280</ele></trkpt><trkpt lat="44.042412" lon="7.429897"><ele>2278</ele></trkpt><trkpt lat="44.042384" lon="7.429913"><ele>2278</ele></trkpt><trkpt lat="44.042364" lon="7.429861"><ele>2276</ele></trkpt><trkpt lat="44.042324" lon="7.429848"><ele>2275</ele></trkpt><trkpt lat="44.042313" lon="7.429795"><ele>2274</ele></trkpt><trkpt lat="44.042243" lon="7.429782"><ele>2273</ele></trkpt><trkpt lat="44.042219" lon="7.429722"><ele>2271</ele></trkpt><trkpt lat="44.042140" lon="7.429688"><ele>2269</ele></trkpt><trkpt lat="44.042137" lon="7.429537"><ele>2267</ele></trkpt><trkpt lat="44.042046" lon="7.429480"><ele>2265</ele></trkpt><trkpt lat="44.041942" lon="7.429512"><ele>2264</ele></trkpt><trkpt lat="44.041888" lon="7.429442"><ele>2262</ele></trkpt><trkpt lat="44.041867" lon="7.429378"><ele>2261</ele></trkpt><trkpt lat="44.041872" lon="7.429317"><ele>2261</ele></trkpt><trkpt lat="44.041820" lon="7.429293"><ele>2260</ele></trkpt><trkpt lat="44.041793" lon="7.429254"><ele>2259</ele></trkpt><trkpt lat="44.041753" lon="7.429216"><ele>2257</ele></trkpt><trkpt lat="44.041739" lon="7.429176"><ele>2256</ele></trkpt><trkpt lat="44.041705" lon="7.429200"><ele>2255</ele></trkpt><trkpt lat="44.041690" lon="7.429166"><ele>2255</ele></trkpt><trkpt lat="44.041640" lon="7.429216"><ele>2253</ele></trkpt><trkpt lat="44.041602" lon="7.429178"><ele>2252</ele></trkpt><trkpt lat="44.041567" lon="7.429175"><ele>2249</ele></trkpt><trkpt lat="44.041477" lon="7.429100"><ele>2241</ele></trkpt><trkpt lat="44.041395" lon="7.429054"><ele>2233</ele></trkpt><trkpt lat="44.041349" lon="7.428995"><ele>2227</ele></trkpt><trkpt lat="44.041273" lon="7.429049"><ele>2219</ele></trkpt><trkpt lat="44.041260" lon="7.428983"><ele>2216</ele></trkpt><trkpt lat="44.041038" lon="7.429006"><ele>2200</ele></trkpt><trkpt lat="44.040935" lon="7.429069"><ele>2202</ele></trkpt><trkpt lat="44.040954" lon="7.428953"><ele>2201</ele></trkpt><trkpt lat="44.040994" lon="7.428896"><ele>2203</ele></trkpt><trkpt lat="44.041052" lon="7.428793"><ele>2208</ele></trkpt><trkpt lat="44.041030" lon="7.428795"><ele>2207</ele></trkpt><trkpt lat="44.041006" lon="7.428786"><ele>2207</ele></trkpt><trkpt lat="44.040923" lon="7.428882"><ele>2203</ele></trkpt><trkpt lat="44.040885" lon="7.428889"><ele>2201</ele></trkpt><trkpt lat="44.040857" lon="7.428912"><ele>2200</ele></trkpt><trkpt lat="44.040789" lon="7.429033"><ele>2195</ele></trkpt><trkpt lat="44.040746" lon="7.429069"><ele>2194</ele></trkpt><trkpt lat="44.040678" lon="7.429121"><ele>2194</ele></trkpt><trkpt lat="44.040661" lon="7.429146"><ele>2195</ele></trkpt><trkpt lat="44.040608" lon="7.429121"><ele>2193</ele></trkpt><trkpt lat="44.040575" lon="7.429149"><ele>2194</ele></trkpt><trkpt lat="44.040492" lon="7.429158"><ele>2193</ele></trkpt><trkpt lat="44.040380" lon="7.429086"><ele>2185</ele></trkpt><trkpt lat="44.040364" lon="7.429059"><ele>2183</ele></trkpt><trkpt lat="44.040347" lon="7.429094"><ele>2183</ele></trkpt><trkpt lat="44.040295" lon="7.429119"><ele>2180</ele></trkpt><trkpt lat="44.040267" lon="7.429085"><ele>2177</ele></trkpt><trkpt lat="44.040277" lon="7.429010"><ele>2177</ele></trkpt><trkpt lat="44.040262" lon="7.428977"><ele>2178</ele></trkpt><trkpt lat="44.040286" lon="7.428901"><ele>2182</ele></trkpt><trkpt lat="44.040256" lon="7.428870"><ele>2181</ele></trkpt><trkpt lat="44.040274" lon="7.428792"><ele>2185</ele></trkpt><trkpt lat="44.040201" lon="7.428726"><ele>2185</ele></trkpt><trkpt lat="44.040203" lon="7.428657"><ele>2186</ele></trkpt><trkpt lat="44.040189" lon="7.428643"><ele>2186</ele></trkpt><trkpt lat="44.040155" lon="7.428662"><ele>2185</ele></trkpt><trkpt lat="44.040137" lon="7.428648"><ele>2185</ele></trkpt><trkpt lat="44.040118" lon="7.428689"><ele>2184</ele></trkpt><trkpt lat="44.040076" lon="7.428717"><ele>2182</ele></trkpt><trkpt lat="44.040052" lon="7.428787"><ele>2180</ele></trkpt><trkpt lat="44.040034" lon="7.428753"><ele>2181</ele></trkpt><trkpt lat="44.039990" lon="7.428824"><ele>2178</ele></trkpt><trkpt lat="44.039911" lon="7.428961"><ele>2174</ele></trkpt><trkpt lat="44.039752" lon="7.429006"><ele>2170</ele></trkpt><trkpt lat="44.039463" lon="7.429263"><ele>2153</ele></trkpt><trkpt lat="44.039313" lon="7.429380"><ele>2148</ele></trkpt><trkpt lat="44.039165" lon="7.429415"><ele>2141</ele></trkpt><trkpt lat="44.038898" lon="7.429596"><ele>2136</ele></trkpt><trkpt lat="44.039031" lon="7.429274"><ele>2141</ele></trkpt><trkpt lat="44.039013" lon="7.429021"><ele>2150</ele></trkpt><trkpt lat="44.038886" lon="7.428883"><ele>2153</ele></trkpt><trkpt lat="44.038644" lon="7.428842"><ele>2141</ele></trkpt><trkpt lat="44.038370" lon="7.428651"><ele>2136</ele></trkpt><trkpt lat="44.037475" lon="7.427717"><ele>2118</ele></trkpt><trkpt lat="44.037040" lon="7.427288"><ele>2105</ele></trkpt><trkpt lat="44.036886" lon="7.426998"><ele>2109</ele></trkpt><trkpt lat="44.036785" lon="7.427019"><ele>2103</ele></trkpt><trkpt lat="44.036681" lon="7.426918"><ele>2104</ele></trkpt><trkpt lat="44.036415" lon="7.426861"><ele>2097</ele></trkpt><trkpt lat="44.036063" lon="7.426893"><ele>2085</ele></trkpt><trkpt lat="44.035475" lon="7.426718"><ele>2077</ele></trkpt><trkpt lat="44.035397" lon="7.426687"><ele>2077</ele></trkpt><trkpt lat="44.035250" lon="7.426562"><ele>2079</ele></trkpt><trkpt lat="44.035022" lon="7.426271"><ele>2084</ele></trkpt><trkpt lat="44.034841" lon="7.426137"><ele>2085</ele></trkpt><trkpt lat="44.034500" lon="7.426014"><ele>2082</ele></trkpt><trkpt lat="44.034379" lon="7.425883"><ele>2085</ele></trkpt><trkpt lat="44.034264" lon="7.425922"><ele>2082</ele></trkpt><trkpt lat="44.034095" lon="7.425844"><ele>2084</ele></trkpt><trkpt lat="44.033909" lon="7.425876"><ele>2082</ele></trkpt><trkpt lat="44.033839" lon="7.425823"><ele>2084</ele></trkpt><trkpt lat="44.033636" lon="7.425877"><ele>2082</ele></trkpt><trkpt lat="44.033048" lon="7.426114"><ele>2071</ele></trkpt><trkpt lat="44.032629" lon="7.425923"><ele>2073</ele></trkpt><trkpt lat="44.032240" lon="7.425689"><ele>2068</ele></trkpt><trkpt lat="44.032137" lon="7.425273"><ele>2076</ele></trkpt><trkpt lat="44.032055" lon="7.425145"><ele>2076</ele></trkpt><trkpt lat="44.032032" lon="7.424699"><ele>2087</ele></trkpt><trkpt lat="44.032045" lon="7.424482"><ele>2092</ele></trkpt><trkpt lat="44.031981" lon="7.424254"><ele>2094</ele></trkpt><trkpt lat="44.031938" lon="7.424130"><ele>2094</ele></trkpt><trkpt lat="44.031926" lon="7.423897"><ele>2098</ele></trkpt><trkpt lat="44.031876" lon="7.423758"><ele>2098</ele></trkpt><trkpt lat="44.031871" lon="7.423424"><ele>2101</ele></trkpt><trkpt lat="44.031749" lon="7.423319"><ele>2097</ele></trkpt><trkpt lat="44.031677" lon="7.422976"><ele>2096</ele></trkpt><trkpt lat="44.031677" lon="7.422976"><ele>2096</ele></trkpt><trkpt lat="44.031537" lon="7.422657"><ele>2093</ele></trkpt><trkpt lat="44.031367" lon="7.422268"><ele>2088</ele></trkpt><trkpt lat="44.030988" lon="7.421691"><ele>2086</ele></trkpt><trkpt lat="44.030770" lon="7.421260"><ele>2086</ele></trkpt><trkpt lat="44.030635" lon="7.420806"><ele>2085</ele></trkpt><trkpt lat="44.030532" lon="7.420169"><ele>2077</ele></trkpt><trkpt lat="44.030380" lon="7.419645"><ele>2070</ele></trkpt><trkpt lat="44.030250" lon="7.419445"><ele>2070</ele></trkpt><trkpt lat="44.030062" lon="7.419173"><ele>2069</ele></trkpt><trkpt lat="44.029950" lon="7.419136"><ele>2072</ele></trkpt><trkpt lat="44.029909" lon="7.418941"><ele>2066</ele></trkpt><trkpt lat="44.029639" lon="7.418741"><ele>2065</ele></trkpt><trkpt lat="44.029521" lon="7.418521"><ele>2060</ele></trkpt><trkpt lat="44.029409" lon="7.418131"><ele>2045</ele></trkpt><trkpt lat="44.029175" lon="7.417806"><ele>2037</ele></trkpt><trkpt lat="44.029025" lon="7.417803"><ele>2044</ele></trkpt><trkpt lat="44.028919" lon="7.417686"><ele>2043</ele></trkpt><trkpt lat="44.028746" lon="7.417468"><ele>2041</ele></trkpt><trkpt lat="44.028621" lon="7.417387"><ele>2043</ele></trkpt><trkpt lat="44.028428" lon="7.417057"><ele>2035</ele></trkpt><trkpt lat="44.028305" lon="7.416855"><ele>2031</ele></trkpt><trkpt lat="44.028167" lon="7.416753"><ele>2032</ele></trkpt><trkpt lat="44.027777" lon="7.415993"><ele>2020</ele></trkpt><trkpt lat="44.027107" lon="7.415054"><ele>2002</ele></trkpt><trkpt lat="44.026886" lon="7.414839"><ele>1996</ele></trkpt><trkpt lat="44.026476" lon="7.414668"><ele>1998</ele></trkpt><trkpt lat="44.025815" lon="7.414394"><ele>1999</ele></trkpt><trkpt lat="44.025605" lon="7.414308"><ele>1996</ele></trkpt><trkpt lat="44.025408" lon="7.414170"><ele>1994</ele></trkpt><trkpt lat="44.025132" lon="7.414118"><ele>1997</ele></trkpt><trkpt lat="44.025104" lon="7.414185"><ele>1998</ele></trkpt><trkpt lat="44.025088" lon="7.414306"><ele>1999</ele></trkpt><trkpt lat="44.025075" lon="7.414511"><ele>2000</ele></trkpt><trkpt lat="44.025070" lon="7.414692"><ele>2000</ele></trkpt><trkpt lat="44.025045" lon="7.414705"><ele>2000</ele></trkpt><trkpt lat="44.025004" lon="7.414559"><ele>1999</ele></trkpt><trkpt lat="44.024892" lon="7.414467"><ele>1999</ele></trkpt><trkpt lat="44.024797" lon="7.414424"><ele>1999</ele></trkpt><trkpt lat="44.024648" lon="7.414426"><ele>1998</ele></trkpt><trkpt lat="44.024455" lon="7.414480"><ele>1996</ele></trkpt><trkpt lat="44.024290" lon="7.414554"><ele>1992</ele></trkpt><trkpt lat="44.024003" lon="7.414664"><ele>1985</ele></trkpt><trkpt lat="44.023551" lon="7.414894"><ele>1974</ele></trkpt><trkpt lat="44.021673" lon="7.416016"><ele>1945</ele></trkpt><trkpt lat="44.020834" lon="7.416649"><ele>1938</ele></trkpt><trkpt lat="44.019568" lon="7.417875"><ele>1912</ele></trkpt><trkpt lat="44.019269" lon="7.418231"><ele>1906</ele></trkpt><trkpt lat="44.019140" lon="7.418537"><ele>1897</ele></trkpt><trkpt lat="44.019033" lon="7.418794"><ele>1889</ele></trkpt><trkpt lat="44.018864" lon="7.419199"><ele>1877</ele></trkpt><trkpt lat="44.018374" lon="7.419569"><ele>1872</ele></trkpt><trkpt lat="44.018163" lon="7.419845"><ele>1863</ele></trkpt><trkpt lat="44.018109" lon="7.420014"><ele>1857</ele></trkpt><trkpt lat="44.017579" lon="7.420627"><ele>1836</ele></trkpt><trkpt lat="44.017352" lon="7.420770"><ele>1831</ele></trkpt><trkpt lat="44.017151" lon="7.421070"><ele>1824</ele></trkpt><trkpt lat="44.016767" lon="7.421921"><ele>1820</ele></trkpt><trkpt lat="44.016284" lon="7.422240"><ele>1831</ele></trkpt><trkpt lat="44.015901" lon="7.422331"><ele>1837</ele></trkpt><trkpt lat="44.015604" lon="7.422380"><ele>1842</ele></trkpt><trkpt lat="44.015171" lon="7.422381"><ele>1848</ele></trkpt><trkpt lat="44.015155" lon="7.422403"><ele>1849</ele></trkpt><trkpt lat="44.015538" lon="7.422603"><ele>1852</ele></trkpt><trkpt lat="44.015865" lon="7.422822"><ele>1852</ele></trkpt><trkpt lat="44.016016" lon="7.422992"><ele>1851</ele></trkpt><trkpt lat="44.016019" lon="7.423097"><ele>1852</ele></trkpt><trkpt lat="44.015902" lon="7.423184"><ele>1856</ele></trkpt><trkpt lat="44.015731" lon="7.423271"><ele>1863</ele></trkpt><trkpt lat="44.015480" lon="7.423124"><ele>1868</ele></trkpt><trkpt lat="44.015333" lon="7.423121"><ele>1872</ele></trkpt><trkpt lat="44.015057" lon="7.423213"><ele>1882</ele></trkpt><trkpt lat="44.014866" lon="7.423118"><ele>1883</ele></trkpt><trkpt lat="44.014556" lon="7.423115"><ele>1888</ele></trkpt><trkpt lat="44.014324" lon="7.423165"><ele>1893</ele></trkpt><trkpt lat="44.014061" lon="7.423216"><ele>1900</ele></trkpt><trkpt lat="44.013672" lon="7.423198"><ele>1906</ele></trkpt><trkpt lat="44.013399" lon="7.423166"><ele>1910</ele></trkpt><trkpt lat="44.012967" lon="7.423176"><ele>1917</ele></trkpt><trkpt lat="44.012886" lon="7.423085"><ele>1915</ele></trkpt><trkpt lat="44.012672" lon="7.422979"><ele>1915</ele></trkpt><trkpt lat="44.012591" lon="7.422833"><ele>1912</ele></trkpt><trkpt lat="44.012519" lon="7.422924"><ele>1915</ele></trkpt><trkpt lat="44.012486" lon="7.422966"><ele>1916</ele></trkpt><trkpt lat="44.012412" lon="7.423163"><ele>1921</ele></trkpt><trkpt lat="44.012303" lon="7.423360"><ele>1926</ele></trkpt><trkpt lat="44.012096" lon="7.423611"><ele>1931</ele></trkpt><trkpt lat="44.011802" lon="7.423863"><ele>1934</ele></trkpt><trkpt lat="44.011514" lon="7.424011"><ele>1932</ele></trkpt><trkpt lat="44.011340" lon="7.424022"><ele>1928</ele></trkpt><trkpt lat="44.010777" lon="7.424409"><ele>1927</ele></trkpt><trkpt lat="44.010520" lon="7.424439"><ele>1918</ele></trkpt><trkpt lat="44.010427" lon="7.424624"><ele>1924</ele></trkpt><trkpt lat="44.010367" lon="7.424913"><ele>1936</ele></trkpt><trkpt lat="44.010243" lon="7.425118"><ele>1941</ele></trkpt><trkpt lat="44.010056" lon="7.425363"><ele>1944</ele></trkpt><trkpt lat="44.009776" lon="7.425481"><ele>1938</ele></trkpt><trkpt lat="44.009653" lon="7.425864"><ele>1950</ele></trkpt><trkpt lat="44.009462" lon="7.426110"><ele>1952</ele></trkpt><trkpt lat="44.009281" lon="7.426191"><ele>1947</ele></trkpt><trkpt lat="44.009233" lon="7.426266"><ele>1947</ele></trkpt><trkpt lat="44.009101" lon="7.426386"><ele>1946</ele></trkpt><trkpt lat="44.008972" lon="7.426510"><ele>1944</ele></trkpt><trkpt lat="44.008784" lon="7.426604"><ele>1938</ele></trkpt><trkpt lat="44.008655" lon="7.426995"><ele>1947</ele></trkpt><trkpt lat="44.008662" lon="7.427146"><ele>1954</ele></trkpt><trkpt lat="44.008550" lon="7.427362"><ele>1956</ele></trkpt><trkpt lat="44.008477" lon="7.427474"><ele>1956</ele></trkpt><trkpt lat="44.008377" lon="7.427570"><ele>1954</ele></trkpt><trkpt lat="44.008246" lon="7.427767"><ele>1954</ele></trkpt><trkpt lat="44.008046" lon="7.428226"><ele>1958</ele></trkpt><trkpt lat="44.007628" lon="7.428827"><ele>1958</ele></trkpt><trkpt lat="44.007433" lon="7.428993"><ele>1959</ele></trkpt><trkpt lat="44.007030" lon="7.429213"><ele>1959</ele></trkpt><trkpt lat="44.006368" lon="7.429584"><ele>1957</ele></trkpt><trkpt lat="44.006133" lon="7.429868"><ele>1960</ele></trkpt><trkpt lat="44.006106" lon="7.430053"><ele>1966</ele></trkpt><trkpt lat="44.005878" lon="7.430289"><ele>1966</ele></trkpt><trkpt lat="44.005815" lon="7.430434"><ele>1967</ele></trkpt><trkpt lat="44.005022" lon="7.430866"><ele>1954</ele></trkpt><trkpt lat="44.004739" lon="7.430950"><ele>1952</ele></trkpt><trkpt lat="44.004243" lon="7.431223"><ele>1960</ele></trkpt><trkpt lat="44.003760" lon="7.431265"><ele>1964</ele></trkpt><trkpt lat="44.003521" lon="7.431389"><ele>1973</ele></trkpt><trkpt lat="44.003315" lon="7.431429"><ele>1977</ele></trkpt><trkpt lat="44.003205" lon="7.431483"><ele>1980</ele></trkpt><trkpt lat="44.003016" lon="7.431523"><ele>1982</ele></trkpt><trkpt lat="44.002755" lon="7.431587"><ele>1985</ele></trkpt><trkpt lat="44.002527" lon="7.431673"><ele>1989</ele></trkpt><trkpt lat="44.001532" lon="7.431974"><ele>2016</ele></trkpt><trkpt lat="44.001157" lon="7.431984"><ele>2026</ele></trkpt><trkpt lat="44.000866" lon="7.432170"><ele>2036</ele></trkpt><trkpt lat="44.000648" lon="7.432305"><ele>2041</ele></trkpt><trkpt lat="44.000544" lon="7.432284"><ele>2041</ele></trkpt><trkpt lat="44.000471" lon="7.432156"><ele>2040</ele></trkpt><trkpt lat="44.000433" lon="7.431879"><ele>2038</ele></trkpt><trkpt lat="44.000323" lon="7.431651"><ele>2039</ele></trkpt><trkpt lat="44.000323" lon="7.431651"><ele>2039</ele></trkpt><trkpt lat="44.000323" lon="7.431472"><ele>2039</ele></trkpt><trkpt lat="44.000286" lon="7.431118"><ele>2040</ele></trkpt><trkpt lat="44.000260" lon="7.430776"><ele>2042</ele></trkpt><trkpt lat="44.000169" lon="7.430447"><ele>2045</ele></trkpt><trkpt lat="43.999987" lon="7.429980"><ele>2049</ele></trkpt><trkpt lat="43.999753" lon="7.429238"><ele>2049</ele></trkpt><trkpt lat="43.999717" lon="7.429004"><ele>2048</ele></trkpt><trkpt lat="43.999687" lon="7.428687"><ele>2047</ele></trkpt><trkpt lat="43.999655" lon="7.428068"><ele>2045</ele></trkpt><trkpt lat="43.999665" lon="7.427579"><ele>2044</ele></trkpt><trkpt lat="43.999611" lon="7.427222"><ele>2046</ele></trkpt><trkpt lat="43.999428" lon="7.427076"><ele>2048</ele></trkpt><trkpt lat="43.999357" lon="7.426952"><ele>2048</ele></trkpt><trkpt lat="43.999194" lon="7.426809"><ele>2049</ele></trkpt><trkpt lat="43.999175" lon="7.426751"><ele>2049</ele></trkpt><trkpt lat="43.999100" lon="7.426679"><ele>2050</ele></trkpt><trkpt lat="43.998703" lon="7.426393"><ele>2049</ele></trkpt><trkpt lat="43.998497" lon="7.426001"><ele>2044</ele></trkpt><trkpt lat="43.998289" lon="7.425610"><ele>2040</ele></trkpt><trkpt lat="43.998094" lon="7.425507"><ele>2042</ele></trkpt><trkpt lat="43.997867" lon="7.425483"><ele>2044</ele></trkpt><trkpt lat="43.997867" lon="7.425483"><ele>2044</ele></trkpt><trkpt lat="43.997797" lon="7.425360"><ele>2046</ele></trkpt><trkpt lat="43.997758" lon="7.425349"><ele>2047</ele></trkpt><trkpt lat="43.997689" lon="7.425354"><ele>2048</ele></trkpt><trkpt lat="43.997607" lon="7.425285"><ele>2048</ele></trkpt><trkpt lat="43.997330" lon="7.424898"><ele>2044</ele></trkpt><trkpt lat="43.997228" lon="7.424650"><ele>2039</ele></trkpt><trkpt lat="43.997211" lon="7.424549"><ele>2037</ele></trkpt><trkpt lat="43.997120" lon="7.424406"><ele>2035</ele></trkpt><trkpt lat="43.996986" lon="7.424298"><ele>2034</ele></trkpt><trkpt lat="43.996876" lon="7.424100"><ele>2032</ele></trkpt><trkpt lat="43.996880" lon="7.424061"><ele>2031</ele></trkpt><trkpt lat="43.996810" lon="7.423897"><ele>2030</ele></trkpt><trkpt lat="43.996701" lon="7.423718"><ele>2028</ele></trkpt><trkpt lat="43.996668" lon="7.423629"><ele>2027</ele></trkpt><trkpt lat="43.996405" lon="7.423091"><ele>2020</ele></trkpt><trkpt lat="43.996402" lon="7.423036"><ele>2019</ele></trkpt><trkpt lat="43.996378" lon="7.422975"><ele>2018</ele></trkpt><trkpt lat="43.996347" lon="7.422947"><ele>2018</ele></trkpt><trkpt lat="43.996253" lon="7.422783"><ele>2015</ele></trkpt><trkpt lat="43.996201" lon="7.422720"><ele>2013</ele></trkpt><trkpt lat="43.996189" lon="7.422611"><ele>2012</ele></trkpt><trkpt lat="43.996153" lon="7.422410"><ele>2010</ele></trkpt><trkpt lat="43.996145" lon="7.421970"><ele>2005</ele></trkpt><trkpt lat="43.996138" lon="7.421804"><ele>2002</ele></trkpt><trkpt lat="43.996190" lon="7.421329"><ele>1996</ele></trkpt><trkpt lat="43.996221" lon="7.421125"><ele>1993</ele></trkpt><trkpt lat="43.996324" lon="7.420907"><ele>1991</ele></trkpt><trkpt lat="43.996334" lon="7.420687"><ele>1987</ele></trkpt><trkpt lat="43.996392" lon="7.420535"><ele>1986</ele></trkpt><trkpt lat="43.996406" lon="7.420429"><ele>1984</ele></trkpt><trkpt lat="43.996482" lon="7.420247"><ele>1983</ele></trkpt><trkpt lat="43.996510" lon="7.419889"><ele>1976</ele></trkpt><trkpt lat="43.996609" lon="7.419484"><ele>1969</ele></trkpt><trkpt lat="43.996696" lon="7.419101"><ele>1963</ele></trkpt><trkpt lat="43.996769" lon="7.418466"><ele>1954</ele></trkpt><trkpt lat="43.996772" lon="7.418163"><ele>1950</ele></trkpt><trkpt lat="43.996787" lon="7.418128"><ele>1950</ele></trkpt><trkpt lat="43.996798" lon="7.418014"><ele>1949</ele></trkpt><trkpt lat="43.996813" lon="7.417736"><ele>1946</ele></trkpt><trkpt lat="43.996821" lon="7.417607"><ele>1944</ele></trkpt><trkpt lat="43.996831" lon="7.417559"><ele>1944</ele></trkpt><trkpt lat="43.996817" lon="7.417496"><ele>1943</ele></trkpt><trkpt lat="43.996819" lon="7.417394"><ele>1942</ele></trkpt><trkpt lat="43.996794" lon="7.417237"><ele>1940</ele></trkpt><trkpt lat="43.996785" lon="7.417110"><ele>1939</ele></trkpt><trkpt lat="43.996798" lon="7.417041"><ele>1938</ele></trkpt><trkpt lat="43.996786" lon="7.416957"><ele>1938</ele></trkpt><trkpt lat="43.996786" lon="7.416957"><ele>1938</ele></trkpt><trkpt lat="43.996647" lon="7.416590"><ele>1935</ele></trkpt><trkpt lat="43.996499" lon="7.415871"><ele>1927</ele></trkpt><trkpt lat="43.996456" lon="7.415504"><ele>1920</ele></trkpt><trkpt lat="43.996367" lon="7.415130"><ele>1912</ele></trkpt><trkpt lat="43.996243" lon="7.414833"><ele>1904</ele></trkpt><trkpt lat="43.996068" lon="7.414409"><ele>1894</ele></trkpt><trkpt lat="43.996068" lon="7.414409"><ele>1894</ele></trkpt><trkpt lat="43.995946" lon="7.414027"><ele>1886</ele></trkpt><trkpt lat="43.995899" lon="7.413892"><ele>1884</ele></trkpt><trkpt lat="43.995802" lon="7.413681"><ele>1881</ele></trkpt><trkpt lat="43.995742" lon="7.413482"><ele>1878</ele></trkpt><trkpt lat="43.995692" lon="7.413320"><ele>1876</ele></trkpt><trkpt lat="43.995629" lon="7.413123"><ele>1874</ele></trkpt><trkpt lat="43.995629" lon="7.413123"><ele>1874</ele></trkpt><trkpt lat="43.995566" lon="7.413122"><ele>1874</ele></trkpt><trkpt lat="43.995500" lon="7.413144"><ele>1873</ele></trkpt><trkpt lat="43.995500" lon="7.413144"><ele>1873</ele></trkpt><trkpt lat="43.995423" lon="7.412985"><ele>1872</ele></trkpt><trkpt lat="43.995360" lon="7.412856"><ele>1870</ele></trkpt><trkpt lat="43.995360" lon="7.412856"><ele>1870</ele></trkpt><trkpt lat="43.995286" lon="7.412662"><ele>1869</ele></trkpt><trkpt lat="43.995271" lon="7.412607"><ele>1869</ele></trkpt><trkpt lat="43.995152" lon="7.412173"><ele>1870</ele></trkpt><trkpt lat="43.995126" lon="7.412111"><ele>1870</ele></trkpt><trkpt lat="43.995099" lon="7.412049"><ele>1871</ele></trkpt><trkpt lat="43.994863" lon="7.411596"><ele>1876</ele></trkpt><trkpt lat="43.994679" lon="7.411327"><ele>1879</ele></trkpt><trkpt lat="43.994562" lon="7.411204"><ele>1879</ele></trkpt><trkpt lat="43.994179" lon="7.410933"><ele>1878</ele></trkpt><trkpt lat="43.993808" lon="7.410774"><ele>1878</ele></trkpt><trkpt lat="43.993312" lon="7.410710"><ele>1872</ele></trkpt><trkpt lat="43.992966" lon="7.410659"><ele>1865</ele></trkpt><trkpt lat="43.992845" lon="7.410631"><ele>1863</ele></trkpt><trkpt lat="43.992718" lon="7.410549"><ele>1861</ele></trkpt><trkpt lat="43.992660" lon="7.410467"><ele>1862</ele></trkpt><trkpt lat="43.992538" lon="7.410268"><ele>1863</ele></trkpt><trkpt lat="43.992214" lon="7.409739"><ele>1861</ele></trkpt><trkpt lat="43.992075" lon="7.409519"><ele>1860</ele></trkpt><trkpt lat="43.991894" lon="7.409302"><ele>1857</ele></trkpt><trkpt lat="43.991437" lon="7.408851"><ele>1852</ele></trkpt><trkpt lat="43.990806" lon="7.408289"><ele>1843</ele></trkpt><trkpt lat="43.990806" lon="7.408289"><ele>1843</ele></trkpt><trkpt lat="43.990629" lon="7.407972"><ele>1842</ele></trkpt><trkpt lat="43.990522" lon="7.407894"><ele>1840</ele></trkpt><trkpt lat="43.990450" lon="7.407773"><ele>1838</ele></trkpt><trkpt lat="43.990332" lon="7.407371"><ele>1834</ele></trkpt><trkpt lat="43.990273" lon="7.407245"><ele>1832</ele></trkpt><trkpt lat="43.990215" lon="7.406981"><ele>1829</ele></trkpt><trkpt lat="43.989887" lon="7.406424"><ele>1820</ele></trkpt><trkpt lat="43.989841" lon="7.406156"><ele>1817</ele></trkpt><trkpt lat="43.989809" lon="7.405816"><ele>1811</ele></trkpt><trkpt lat="43.989809" lon="7.405816"><ele>1811</ele></trkpt><trkpt lat="43.989637" lon="7.405682"><ele>1809</ele></trkpt><trkpt lat="43.989537" lon="7.405589"><ele>1808</ele></trkpt><trkpt lat="43.989486" lon="7.405477"><ele>1806</ele></trkpt><trkpt lat="43.989322" lon="7.405046"><ele>1800</ele></trkpt><trkpt lat="43.989188" lon="7.404655"><ele>1792</ele></trkpt><trkpt lat="43.989140" lon="7.404546"><ele>1790</ele></trkpt><trkpt lat="43.989154" lon="7.404362"><ele>1786</ele></trkpt><trkpt lat="43.989146" lon="7.404242"><ele>1784</ele></trkpt><trkpt lat="43.989081" lon="7.404072"><ele>1781</ele></trkpt><trkpt lat="43.988997" lon="7.403949"><ele>1779</ele></trkpt><trkpt lat="43.988895" lon="7.403801"><ele>1776</ele></trkpt><trkpt lat="43.988903" lon="7.403696"><ele>1774</ele></trkpt><trkpt lat="43.989015" lon="7.403584"><ele>1772</ele></trkpt><trkpt lat="43.989037" lon="7.403418"><ele>1769</ele></trkpt><trkpt lat="43.989004" lon="7.403359"><ele>1768</ele></trkpt><trkpt lat="43.988900" lon="7.403245"><ele>1766</ele></trkpt><trkpt lat="43.988906" lon="7.403175"><ele>1765</ele></trkpt><trkpt lat="43.989010" lon="7.403031"><ele>1762</ele></trkpt><trkpt lat="43.989051" lon="7.402976"><ele>1762</ele></trkpt><trkpt lat="43.989069" lon="7.402949"><ele>1761</ele></trkpt><trkpt lat="43.989093" lon="7.402879"><ele>1760</ele></trkpt><trkpt lat="43.989048" lon="7.402752"><ele>1758</ele></trkpt><trkpt lat="43.989028" lon="7.402645"><ele>1757</ele></trkpt><trkpt lat="43.989042" lon="7.402579"><ele>1756</ele></trkpt><trkpt lat="43.989061" lon="7.402497"><ele>1755</ele></trkpt><trkpt lat="43.989049" lon="7.402412"><ele>1754</ele></trkpt><trkpt lat="43.988930" lon="7.402334"><ele>1753</ele></trkpt><trkpt lat="43.988930" lon="7.402334"><ele>1753</ele></trkpt><trkpt lat="43.988920" lon="7.402125"><ele>1751</ele></trkpt><trkpt lat="43.988902" lon="7.401924"><ele>1749</ele></trkpt><trkpt lat="43.988869" lon="7.401711"><ele>1747</ele></trkpt><trkpt lat="43.988829" lon="7.401485"><ele>1746</ele></trkpt><trkpt lat="43.988742" lon="7.401230"><ele>1744</ele></trkpt><trkpt lat="43.988618" lon="7.400967"><ele>1742</ele></trkpt><trkpt lat="43.988416" lon="7.400668"><ele>1739</ele></trkpt><trkpt lat="43.988084" lon="7.400319"><ele>1736</ele></trkpt><trkpt lat="43.988021" lon="7.400215"><ele>1736</ele></trkpt><trkpt lat="43.987923" lon="7.400051"><ele>1735</ele></trkpt><trkpt lat="43.987923" lon="7.400051"><ele>1735</ele></trkpt><trkpt lat="43.988003" lon="7.400301"><ele>1736</ele></trkpt><trkpt lat="43.988091" lon="7.400517"><ele>1736</ele></trkpt><trkpt lat="43.988157" lon="7.400775"><ele>1737</ele></trkpt><trkpt lat="43.988245" lon="7.401073"><ele>1738</ele></trkpt><trkpt lat="43.988260" lon="7.401245"><ele>1738</ele></trkpt><trkpt lat="43.988244" lon="7.401515"><ele>1737</ele></trkpt><trkpt lat="43.988249" lon="7.401760"><ele>1738</ele></trkpt><trkpt lat="43.988260" lon="7.402017"><ele>1740</ele></trkpt><trkpt lat="43.988153" lon="7.402232"><ele>1740</ele></trkpt><trkpt lat="43.988015" lon="7.402321"><ele>1736</ele></trkpt><trkpt lat="43.987883" lon="7.402513"><ele>1734</ele></trkpt><trkpt lat="43.987756" lon="7.402623"><ele>1731</ele></trkpt><trkpt lat="43.987600" lon="7.402769"><ele>1728</ele></trkpt><trkpt lat="43.987378" lon="7.402900"><ele>1721</ele></trkpt><trkpt lat="43.987216" lon="7.403041"><ele>1717</ele></trkpt><trkpt lat="43.987122" lon="7.403299"><ele>1717</ele></trkpt><trkpt lat="43.987080" lon="7.403626"><ele>1720</ele></trkpt><trkpt lat="43.987084" lon="7.403874"><ele>1724</ele></trkpt><trkpt lat="43.987048" lon="7.404141"><ele>1725</ele></trkpt><trkpt lat="43.986936" lon="7.404414"><ele>1720</ele></trkpt><trkpt lat="43.986940" lon="7.404656"><ele>1723</ele></trkpt><trkpt lat="43.986955" lon="7.404904"><ele>1726</ele></trkpt><trkpt lat="43.986940" lon="7.405171"><ele>1728</ele></trkpt><trkpt lat="43.986865" lon="7.405407"><ele>1727</ele></trkpt><trkpt lat="43.986701" lon="7.405585"><ele>1721</ele></trkpt><trkpt lat="43.986573" lon="7.405823"><ele>1719</ele></trkpt><trkpt lat="43.986465" lon="7.406052"><ele>1717</ele></trkpt><trkpt lat="43.986257" lon="7.406408"><ele>1712</ele></trkpt><trkpt lat="43.986431" lon="7.406590"><ele>1720</ele></trkpt><trkpt lat="43.986587" lon="7.406738"><ele>1725</ele></trkpt><trkpt lat="43.986695" lon="7.406880"><ele>1727</ele></trkpt><trkpt lat="43.986900" lon="7.407052"><ele>1729</ele></trkpt><trkpt lat="43.987068" lon="7.407223"><ele>1729</ele></trkpt><trkpt lat="43.987147" lon="7.407315"><ele>1728</ele></trkpt><trkpt lat="43.987286" lon="7.407467"><ele>1727</ele></trkpt><trkpt lat="43.987639" lon="7.407636"><ele>1735</ele></trkpt><trkpt lat="43.987809" lon="7.407685"><ele>1740</ele></trkpt><trkpt lat="43.987856" lon="7.407828"><ele>1737</ele></trkpt><trkpt lat="43.987946" lon="7.408055"><ele>1733</ele></trkpt><trkpt lat="43.988009" lon="7.408280"><ele>1727</ele></trkpt><trkpt lat="43.988092" lon="7.408488"><ele>1722</ele></trkpt><trkpt lat="43.988219" lon="7.408748"><ele>1719</ele></trkpt><trkpt lat="43.988416" lon="7.408880"><ele>1725</ele></trkpt><trkpt lat="43.988593" lon="7.408969"><ele>1733</ele></trkpt><trkpt lat="43.988653" lon="7.409133"><ele>1731</ele></trkpt><trkpt lat="43.988618" lon="7.409301"><ele>1724</ele></trkpt><trkpt lat="43.988619" lon="7.409514"><ele>1719</ele></trkpt><trkpt lat="43.988644" lon="7.409707"><ele>1716</ele></trkpt><trkpt lat="43.988732" lon="7.409978"><ele>1715</ele></trkpt><trkpt lat="43.988768" lon="7.410235"><ele>1712</ele></trkpt><trkpt lat="43.988727" lon="7.410450"><ele>1705</ele></trkpt><trkpt lat="43.988934" lon="7.410748"><ele>1709</ele></trkpt><trkpt lat="43.989050" lon="7.410913"><ele>1710</ele></trkpt><trkpt lat="43.989202" lon="7.411078"><ele>1710</ele></trkpt><trkpt lat="43.989343" lon="7.411297"><ele>1706</ele></trkpt><trkpt lat="43.989511" lon="7.411526"><ele>1704</ele></trkpt><trkpt lat="43.989626" lon="7.411763"><ele>1700</ele></trkpt><trkpt lat="43.989715" lon="7.411831"><ele>1701</ele></trkpt><trkpt lat="43.989871" lon="7.411806"><ele>1707</ele></trkpt><trkpt lat="43.989964" lon="7.411744"><ele>1711</ele></trkpt><trkpt lat="43.990168" lon="7.411910"><ele>1712</ele></trkpt><trkpt lat="43.990456" lon="7.411875"><ele>1720</ele></trkpt><trkpt lat="43.990536" lon="7.412013"><ele>1719</ele></trkpt><trkpt lat="43.990625" lon="7.412180"><ele>1718</ele></trkpt><trkpt lat="43.990620" lon="7.412510"><ele>1712</ele></trkpt><trkpt lat="43.990641" lon="7.412813"><ele>1707</ele></trkpt><trkpt lat="43.990696" lon="7.413003"><ele>1706</ele></trkpt><trkpt lat="43.990792" lon="7.413218"><ele>1707</ele></trkpt><trkpt lat="43.990932" lon="7.413390"><ele>1709</ele></trkpt><trkpt lat="43.991033" lon="7.413752"><ele>1703</ele></trkpt><trkpt lat="43.991184" lon="7.413878"><ele>1704</ele></trkpt><trkpt lat="43.991379" lon="7.414020"><ele>1704</ele></trkpt><trkpt lat="43.991580" lon="7.413993"><ele>1709</ele></trkpt><trkpt lat="43.991768" lon="7.413969"><ele>1714</ele></trkpt><trkpt lat="43.991971" lon="7.413953"><ele>1717</ele></trkpt><trkpt lat="43.992162" lon="7.413905"><ele>1721</ele></trkpt><trkpt lat="43.992315" lon="7.413990"><ele>1721</ele></trkpt><trkpt lat="43.992500" lon="7.414036"><ele>1724</ele></trkpt><trkpt lat="43.992631" lon="7.414027"><ele>1729</ele></trkpt><trkpt lat="43.992613" lon="7.414269"><ele>1722</ele></trkpt><trkpt lat="43.992584" lon="7.414548"><ele>1718</ele></trkpt><trkpt lat="43.992552" lon="7.414806"><ele>1715</ele></trkpt><trkpt lat="43.992525" lon="7.415082"><ele>1712</ele></trkpt><trkpt lat="43.992514" lon="7.415254"><ele>1711</ele></trkpt><trkpt lat="43.992587" lon="7.415511"><ele>1714</ele></trkpt><trkpt lat="43.992689" lon="7.415783"><ele>1717</ele></trkpt><trkpt lat="43.992795" lon="7.415955"><ele>1722</ele></trkpt><trkpt lat="43.992923" lon="7.416187"><ele>1725</ele></trkpt><trkpt lat="43.993041" lon="7.416407"><ele>1727</ele></trkpt><trkpt lat="43.993181" lon="7.416591"><ele>1732</ele></trkpt><trkpt lat="43.993280" lon="7.416698"><ele>1737</ele></trkpt><trkpt lat="43.993335" lon="7.416782"><ele>1739</ele></trkpt><trkpt lat="43.993333" lon="7.417049"><ele>1739</ele></trkpt><trkpt lat="43.993281" lon="7.417145"><ele>1737</ele></trkpt><trkpt lat="43.993231" lon="7.417248"><ele>1735</ele></trkpt><trkpt lat="43.993226" lon="7.417379"><ele>1737</ele></trkpt><trkpt lat="43.993301" lon="7.417683"><ele>1745</ele></trkpt><trkpt lat="43.993260" lon="7.417800"><ele>1746</ele></trkpt><trkpt lat="43.993064" lon="7.417913"><ele>1744</ele></trkpt><trkpt lat="43.992888" lon="7.418025"><ele>1744</ele></trkpt><trkpt lat="43.992714" lon="7.418164"><ele>1746</ele></trkpt><trkpt lat="43.992573" lon="7.418346"><ele>1750</ele></trkpt><trkpt lat="43.992448" lon="7.418395"><ele>1749</ele></trkpt><trkpt lat="43.992378" lon="7.418563"><ele>1754</ele></trkpt><trkpt lat="43.992337" lon="7.418754"><ele>1760</ele></trkpt><trkpt lat="43.992219" lon="7.418969"><ele>1764</ele></trkpt><trkpt lat="43.992162" lon="7.419170"><ele>1769</ele></trkpt><trkpt lat="43.992122" lon="7.419183"><ele>1769</ele></trkpt><trkpt lat="43.992049" lon="7.419270"><ele>1770</ele></trkpt><trkpt lat="43.991740" lon="7.419328"><ele>1763</ele></trkpt><trkpt lat="43.991618" lon="7.419441"><ele>1763</ele></trkpt><trkpt lat="43.991441" lon="7.419651"><ele>1764</ele></trkpt><trkpt lat="43.991298" lon="7.419890"><ele>1765</ele></trkpt><trkpt lat="43.991272" lon="7.420083"><ele>1768</ele></trkpt><trkpt lat="43.991329" lon="7.420342"><ele>1773</ele></trkpt><trkpt lat="43.991376" lon="7.420546"><ele>1775</ele></trkpt><trkpt lat="43.991435" lon="7.420805"><ele>1777</ele></trkpt><trkpt lat="43.991543" lon="7.421072"><ele>1780</ele></trkpt><trkpt lat="43.991601" lon="7.421322"><ele>1779</ele></trkpt><trkpt lat="43.991639" lon="7.421577"><ele>1778</ele></trkpt><trkpt lat="43.991682" lon="7.421961"><ele>1773</ele></trkpt><trkpt lat="43.991747" lon="7.422066"><ele>1775</ele></trkpt><trkpt lat="43.991744" lon="7.422205"><ele>1772</ele></trkpt><trkpt lat="43.991784" lon="7.422317"><ele>1772</ele></trkpt><trkpt lat="43.991911" lon="7.422563"><ele>1774</ele></trkpt><trkpt lat="43.991988" lon="7.422689"><ele>1776</ele></trkpt><trkpt lat="43.992158" lon="7.422906"><ele>1780</ele></trkpt><trkpt lat="43.992336" lon="7.423221"><ele>1781</ele></trkpt><trkpt lat="43.992473" lon="7.423496"><ele>1781</ele></trkpt><trkpt lat="43.992580" lon="7.423752"><ele>1782</ele></trkpt><trkpt lat="43.992619" lon="7.423926"><ele>1780</ele></trkpt><trkpt lat="43.992796" lon="7.424162"><ele>1781</ele></trkpt><trkpt lat="43.992846" lon="7.424318"><ele>1779</ele></trkpt><trkpt lat="43.992616" lon="7.424483"><ele>1775</ele></trkpt><trkpt lat="43.992498" lon="7.424676"><ele>1774</ele></trkpt><trkpt lat="43.992452" lon="7.424951"><ele>1780</ele></trkpt><trkpt lat="43.992287" lon="7.424897"><ele>1773</ele></trkpt><trkpt lat="43.992069" lon="7.425020"><ele>1773</ele></trkpt><trkpt lat="43.991886" lon="7.425063"><ele>1772</ele></trkpt><trkpt lat="43.991693" lon="7.425084"><ele>1770</ele></trkpt><trkpt lat="43.991511" lon="7.425148"><ele>1770</ele></trkpt><trkpt lat="43.991339" lon="7.425234"><ele>1772</ele></trkpt><trkpt lat="43.991232" lon="7.425449"><ele>1780</ele></trkpt><trkpt lat="43.991082" lon="7.425621"><ele>1787</ele></trkpt><trkpt lat="43.990899" lon="7.425556"><ele>1782</ele></trkpt><trkpt lat="43.990706" lon="7.425578"><ele>1781</ele></trkpt><trkpt lat="43.990513" lon="7.425556"><ele>1777</ele></trkpt><trkpt lat="43.990320" lon="7.425492"><ele>1772</ele></trkpt><trkpt lat="43.990138" lon="7.425470"><ele>1768</ele></trkpt><trkpt lat="43.989966" lon="7.425556"><ele>1767</ele></trkpt><trkpt lat="43.989869" lon="7.425771"><ele>1771</ele></trkpt><trkpt lat="43.989773" lon="7.426007"><ele>1774</ele></trkpt><trkpt lat="43.989741" lon="7.426264"><ele>1779</ele></trkpt><trkpt lat="43.989676" lon="7.426500"><ele>1782</ele></trkpt><trkpt lat="43.989558" lon="7.426693"><ele>1781</ele></trkpt><trkpt lat="43.989419" lon="7.426865"><ele>1777</ele></trkpt><trkpt lat="43.989279" lon="7.427037"><ele>1774</ele></trkpt><trkpt lat="43.989151" lon="7.427230"><ele>1772</ele></trkpt><trkpt lat="43.989075" lon="7.427466"><ele>1772</ele></trkpt><trkpt lat="43.988980" lon="7.427610"><ele>1769</ele></trkpt><trkpt lat="43.989049" lon="7.428177"><ele>1773</ele></trkpt><trkpt lat="43.989040" lon="7.428460"><ele>1773</ele></trkpt><trkpt lat="43.989267" lon="7.428630"><ele>1782</ele></trkpt><trkpt lat="43.989230" lon="7.428884"><ele>1783</ele></trkpt><trkpt lat="43.988986" lon="7.429015"><ele>1775</ele></trkpt><trkpt lat="43.988815" lon="7.429203"><ele>1772</ele></trkpt><trkpt lat="43.988766" lon="7.429346"><ele>1775</ele></trkpt><trkpt lat="43.988603" lon="7.429419"><ele>1772</ele></trkpt><trkpt lat="43.988485" lon="7.429612"><ele>1776</ele></trkpt><trkpt lat="43.988303" lon="7.429655"><ele>1773</ele></trkpt><trkpt lat="43.988121" lon="7.429590"><ele>1768</ele></trkpt><trkpt lat="43.987949" lon="7.429504"><ele>1764</ele></trkpt><trkpt lat="43.987766" lon="7.429504"><ele>1763</ele></trkpt><trkpt lat="43.987616" lon="7.429354"><ele>1757</ele></trkpt><trkpt lat="43.987434" lon="7.429290"><ele>1753</ele></trkpt><trkpt lat="43.987262" lon="7.429182"><ele>1749</ele></trkpt><trkpt lat="43.987080" lon="7.429140"><ele>1746</ele></trkpt><trkpt lat="43.986894" lon="7.429054"><ele>1742</ele></trkpt><trkpt lat="43.986824" lon="7.429057"><ele>1742</ele></trkpt><trkpt lat="43.986821" lon="7.429177"><ele>1743</ele></trkpt><trkpt lat="43.986786" lon="7.429352"><ele>1745</ele></trkpt><trkpt lat="43.986800" lon="7.429445"><ele>1746</ele></trkpt><trkpt lat="43.986855" lon="7.429592"><ele>1749</ele></trkpt><trkpt lat="43.986858" lon="7.429710"><ele>1751</ele></trkpt><trkpt lat="43.986885" lon="7.429983"><ele>1756</ele></trkpt><trkpt lat="43.986855" lon="7.430234"><ele>1758</ele></trkpt><trkpt lat="43.986799" lon="7.430467"><ele>1759</ele></trkpt><trkpt lat="43.986706" lon="7.430704"><ele>1757</ele></trkpt><trkpt lat="43.986623" lon="7.430996"><ele>1755</ele></trkpt><trkpt lat="43.986623" lon="7.431247"><ele>1756</ele></trkpt><trkpt lat="43.986660" lon="7.431407"><ele>1758</ele></trkpt><trkpt lat="43.986660" lon="7.431407"><ele>1758</ele></trkpt><trkpt lat="43.986794" lon="7.431564"><ele>1767</ele></trkpt><trkpt lat="43.986794" lon="7.431769"><ele>1767</ele></trkpt><trkpt lat="43.986918" lon="7.432164"><ele>1774</ele></trkpt><trkpt lat="43.987024" lon="7.432282"><ele>1781</ele></trkpt><trkpt lat="43.987086" lon="7.432453"><ele>1786</ele></trkpt><trkpt lat="43.987139" lon="7.432671"><ele>1792</ele></trkpt><trkpt lat="43.987074" lon="7.432811"><ele>1790</ele></trkpt><trkpt lat="43.986995" lon="7.432937"><ele>1787</ele></trkpt><trkpt lat="43.986893" lon="7.433103"><ele>1783</ele></trkpt><trkpt lat="43.986825" lon="7.433323"><ele>1784</ele></trkpt><trkpt lat="43.986285" lon="7.433838"><ele>1770</ele></trkpt><trkpt lat="43.986075" lon="7.434108"><ele>1769</ele></trkpt><trkpt lat="43.985750" lon="7.434406"><ele>1764</ele></trkpt><trkpt lat="43.985673" lon="7.434626"><ele>1769</ele></trkpt><trkpt lat="43.985473" lon="7.434780"><ele>1766</ele></trkpt><trkpt lat="43.985313" lon="7.435023"><ele>1770</ele></trkpt><trkpt lat="43.984930" lon="7.435532"><ele>1775</ele></trkpt><trkpt lat="43.984597" lon="7.435755"><ele>1771</ele></trkpt><trkpt lat="43.984457" lon="7.436245"><ele>1781</ele></trkpt><trkpt lat="43.984072" lon="7.436606"><ele>1774</ele></trkpt><trkpt lat="43.983910" lon="7.436852"><ele>1775</ele></trkpt><trkpt lat="43.983835" lon="7.437050"><ele>1777</ele></trkpt><trkpt lat="43.983762" lon="7.437239"><ele>1778</ele></trkpt><trkpt lat="43.983642" lon="7.437460"><ele>1779</ele></trkpt><trkpt lat="43.983570" lon="7.437627"><ele>1778</ele></trkpt><trkpt lat="43.983566" lon="7.437801"><ele>1779</ele></trkpt><trkpt lat="43.983566" lon="7.437801"><ele>1779</ele></trkpt><trkpt lat="43.983244" lon="7.437830"><ele>1773</ele></trkpt><trkpt lat="43.983150" lon="7.437873"><ele>1771</ele></trkpt><trkpt lat="43.983004" lon="7.437948"><ele>1773</ele></trkpt><trkpt lat="43.982757" lon="7.438087"><ele>1776</ele></trkpt><trkpt lat="43.982656" lon="7.438194"><ele>1777</ele></trkpt><trkpt lat="43.982579" lon="7.438291"><ele>1778</ele></trkpt><trkpt lat="43.982471" lon="7.438431"><ele>1778</ele></trkpt><trkpt lat="43.982324" lon="7.438570"><ele>1779</ele></trkpt><trkpt lat="43.982079" lon="7.438697"><ele>1783</ele></trkpt><trkpt lat="43.981847" lon="7.438886"><ele>1785</ele></trkpt><trkpt lat="43.981334" lon="7.439414"><ele>1779</ele></trkpt><trkpt lat="43.981327" lon="7.439486"><ele>1778</ele></trkpt><trkpt lat="43.981327" lon="7.439486"><ele>1778</ele></trkpt><trkpt lat="43.981224" lon="7.439564"><ele>1776</ele></trkpt><trkpt lat="43.981104" lon="7.439564"><ele>1775</ele></trkpt><trkpt lat="43.981003" lon="7.439521"><ele>1776</ele></trkpt><trkpt lat="43.980885" lon="7.439429"><ele>1777</ele></trkpt><trkpt lat="43.980771" lon="7.439286"><ele>1778</ele></trkpt><trkpt lat="43.980802" lon="7.439564"><ele>1773</ele></trkpt><trkpt lat="43.980845" lon="7.439739"><ele>1769</ele></trkpt><trkpt lat="43.980892" lon="7.439905"><ele>1766</ele></trkpt><trkpt lat="43.980734" lon="7.439769"><ele>1767</ele></trkpt><trkpt lat="43.980648" lon="7.439717"><ele>1767</ele></trkpt><trkpt lat="43.980410" lon="7.439441"><ele>1766</ele></trkpt><trkpt lat="43.980508" lon="7.439952"><ele>1758</ele></trkpt><trkpt lat="43.980570" lon="7.440034"><ele>1757</ele></trkpt><trkpt lat="43.980613" lon="7.440192"><ele>1755</ele></trkpt><trkpt lat="43.980700" lon="7.440459"><ele>1750</ele></trkpt><trkpt lat="43.980771" lon="7.440563"><ele>1748</ele></trkpt><trkpt lat="43.980865" lon="7.440591"><ele>1748</ele></trkpt><trkpt lat="43.981338" lon="7.440675"><ele>1745</ele></trkpt><trkpt lat="43.981468" lon="7.440728"><ele>1743</ele></trkpt><trkpt lat="43.981641" lon="7.440591"><ele>1744</ele></trkpt><trkpt lat="43.981912" lon="7.440396"><ele>1742</ele></trkpt><trkpt lat="43.982016" lon="7.440226"><ele>1743</ele></trkpt><trkpt lat="43.982140" lon="7.440138"><ele>1742</ele></trkpt><trkpt lat="43.982140" lon="7.440138"><ele>1742</ele></trkpt><trkpt lat="43.982222" lon="7.440168"><ele>1740</ele></trkpt><trkpt lat="43.982222" lon="7.440168"><ele>1740</ele></trkpt><trkpt lat="43.982336" lon="7.440221"><ele>1738</ele></trkpt><trkpt lat="43.982504" lon="7.440211"><ele>1739</ele></trkpt><trkpt lat="43.982713" lon="7.440290"><ele>1740</ele></trkpt><trkpt lat="43.982567" lon="7.440460"><ele>1740</ele></trkpt><trkpt lat="43.982357" lon="7.440921"><ele>1742</ele></trkpt><trkpt lat="43.982306" lon="7.441196"><ele>1746</ele></trkpt><trkpt lat="43.982254" lon="7.441256"><ele>1747</ele></trkpt><trkpt lat="43.982174" lon="7.441509"><ele>1751</ele></trkpt><trkpt lat="43.982153" lon="7.441739"><ele>1756</ele></trkpt><trkpt lat="43.982024" lon="7.441861"><ele>1755</ele></trkpt><trkpt lat="43.981961" lon="7.442116"><ele>1761</ele></trkpt><trkpt lat="43.982229" lon="7.441969"><ele>1763</ele></trkpt><trkpt lat="43.982811" lon="7.441534"><ele>1763</ele></trkpt><trkpt lat="43.982985" lon="7.441548"><ele>1766</ele></trkpt><trkpt lat="43.982843" lon="7.441771"><ele>1770</ele></trkpt><trkpt lat="43.982187" lon="7.443204"><ele>1792</ele></trkpt><trkpt lat="43.981983" lon="7.443810"><ele>1796</ele></trkpt></trkseg>
<trkseg><trkpt lat="44.112205" lon="7.353098"><ele>2423</ele></trkpt><trkpt lat="44.112301" lon="7.353162"><ele>2424</ele></trkpt><trkpt lat="44.112434" lon="7.353168"><ele>2425</ele></trkpt><trkpt lat="44.112533" lon="7.353163"><ele>2426</ele></trkpt></trkseg>
<extensions><osmand:color>#C8322B</osmand:color></extensions></trk>
<trk><name>ROUTE 4 of 4 · Days 5-7 · Camp d'Argent → Sospel → Menton · ALWAYS ON</name>
<trkseg><trkpt lat="43.981983" lon="7.443810"><ele>1796</ele></trkpt><trkpt lat="43.981908" lon="7.443870"><ele>1797</ele></trkpt><trkpt lat="43.981807" lon="7.443922"><ele>1797</ele></trkpt><trkpt lat="43.981807" lon="7.443922"><ele>1797</ele></trkpt><trkpt lat="43.981695" lon="7.443975"><ele>1798</ele></trkpt><trkpt lat="43.981310" lon="7.444069"><ele>1802</ele></trkpt><trkpt lat="43.980988" lon="7.444276"><ele>1806</ele></trkpt><trkpt lat="43.980689" lon="7.444790"><ele>1813</ele></trkpt><trkpt lat="43.979987" lon="7.445462"><ele>1823</ele></trkpt><trkpt lat="43.979038" lon="7.445654"><ele>1840</ele></trkpt><trkpt lat="43.978510" lon="7.445654"><ele>1848</ele></trkpt><trkpt lat="43.977799" lon="7.445822"><ele>1863</ele></trkpt><trkpt lat="43.977625" lon="7.446027"><ele>1865</ele></trkpt><trkpt lat="43.976788" lon="7.446301"><ele>1880</ele></trkpt><trkpt lat="43.975554" lon="7.447240"><ele>1876</ele></trkpt><trkpt lat="43.975150" lon="7.447251"><ele>1875</ele></trkpt><trkpt lat="43.975150" lon="7.447251"><ele>1875</ele></trkpt><trkpt lat="43.975040" lon="7.447358"><ele>1875</ele></trkpt><trkpt lat="43.974820" lon="7.447414"><ele>1874</ele></trkpt><trkpt lat="43.974412" lon="7.447650"><ele>1874</ele></trkpt><trkpt lat="43.974172" lon="7.447704"><ele>1873</ele></trkpt><trkpt lat="43.973974" lon="7.447854"><ele>1874</ele></trkpt><trkpt lat="43.973769" lon="7.448056"><ele>1876</ele></trkpt><trkpt lat="43.973621" lon="7.448241"><ele>1877</ele></trkpt><trkpt lat="43.973245" lon="7.448922"><ele>1882</ele></trkpt><trkpt lat="43.973160" lon="7.448954"><ele>1883</ele></trkpt><trkpt lat="43.973160" lon="7.448954"><ele>1883</ele></trkpt><trkpt lat="43.973141" lon="7.448998"><ele>1884</ele></trkpt><trkpt lat="43.973049" lon="7.448991"><ele>1885</ele></trkpt><trkpt lat="43.972964" lon="7.448948"><ele>1886</ele></trkpt><trkpt lat="43.972834" lon="7.448811"><ele>1886</ele></trkpt><trkpt lat="43.972464" lon="7.448611"><ele>1886</ele></trkpt><trkpt lat="43.971861" lon="7.448473"><ele>1899</ele></trkpt><trkpt lat="43.969401" lon="7.447215"><ele>1912</ele></trkpt><trkpt lat="43.967863" lon="7.447636"><ele>1912</ele></trkpt><trkpt lat="43.967554" lon="7.447764"><ele>1910</ele></trkpt><trkpt lat="43.967245" lon="7.447786"><ele>1905</ele></trkpt><trkpt lat="43.966906" lon="7.447722"><ele>1898</ele></trkpt><trkpt lat="43.966349" lon="7.447850"><ele>1892</ele></trkpt><trkpt lat="43.965726" lon="7.448024"><ele>1884</ele></trkpt><trkpt lat="43.965330" lon="7.448194"><ele>1879</ele></trkpt><trkpt lat="43.965021" lon="7.448322"><ele>1874</ele></trkpt><trkpt lat="43.964724" lon="7.448561"><ele>1871</ele></trkpt><trkpt lat="43.964397" lon="7.448817"><ele>1869</ele></trkpt><trkpt lat="43.963817" lon="7.449018"><ele>1863</ele></trkpt><trkpt lat="43.963817" lon="7.449018"><ele>1863</ele></trkpt><trkpt lat="43.963644" lon="7.449186"><ele>1862</ele></trkpt><trkpt lat="43.963430" lon="7.449350"><ele>1861</ele></trkpt><trkpt lat="43.963187" lon="7.449511"><ele>1859</ele></trkpt><trkpt lat="43.963120" lon="7.449528"><ele>1859</ele></trkpt><trkpt lat="43.963046" lon="7.449535"><ele>1859</ele></trkpt><trkpt lat="43.963046" lon="7.449535"><ele>1859</ele></trkpt><trkpt lat="43.962773" lon="7.449824"><ele>1857</ele></trkpt><trkpt lat="43.961927" lon="7.450107"><ele>1846</ele></trkpt><trkpt lat="43.961062" lon="7.449798"><ele>1856</ele></trkpt><trkpt lat="43.960085" lon="7.449738"><ele>1853</ele></trkpt><trkpt lat="43.959332" lon="7.449952"><ele>1842</ele></trkpt><trkpt lat="43.957916" lon="7.450587"><ele>1826</ele></trkpt><trkpt lat="43.955610" lon="7.453137"><ele>1779</ele></trkpt><trkpt lat="43.955270" lon="7.453397"><ele>1776</ele></trkpt><trkpt lat="43.955050" lon="7.453509"><ele>1775</ele></trkpt><trkpt lat="43.954741" lon="7.453725"><ele>1769</ele></trkpt><trkpt lat="43.954636" lon="7.453768"><ele>1768</ele></trkpt><trkpt lat="43.954387" lon="7.453820"><ele>1767</ele></trkpt><trkpt lat="43.953985" lon="7.453941"><ele>1758</ele></trkpt><trkpt lat="43.953338" lon="7.454071"><ele>1743</ele></trkpt><trkpt lat="43.953001" lon="7.454205"><ele>1732</ele></trkpt><trkpt lat="43.952838" lon="7.454333"><ele>1727</ele></trkpt><trkpt lat="43.952698" lon="7.454411"><ele>1723</ele></trkpt><trkpt lat="43.952636" lon="7.454432"><ele>1722</ele></trkpt><trkpt lat="43.952636" lon="7.454432"><ele>1722</ele></trkpt><trkpt lat="43.952575" lon="7.454447"><ele>1720</ele></trkpt><trkpt lat="43.952537" lon="7.454474"><ele>1719</ele></trkpt><trkpt lat="43.952429" lon="7.454620"><ele>1719</ele></trkpt><trkpt lat="43.952362" lon="7.454665"><ele>1719</ele></trkpt><trkpt lat="43.952263" lon="7.454647"><ele>1718</ele></trkpt><trkpt lat="43.952172" lon="7.454686"><ele>1718</ele></trkpt><trkpt lat="43.951965" lon="7.454951"><ele>1722</ele></trkpt><trkpt lat="43.951685" lon="7.455284"><ele>1726</ele></trkpt><trkpt lat="43.951651" lon="7.455342"><ele>1727</ele></trkpt><trkpt lat="43.951601" lon="7.455375"><ele>1727</ele></trkpt><trkpt lat="43.951449" lon="7.455478"><ele>1727</ele></trkpt><trkpt lat="43.951360" lon="7.455528"><ele>1726</ele></trkpt><trkpt lat="43.951279" lon="7.455562"><ele>1725</ele></trkpt><trkpt lat="43.951066" lon="7.455668"><ele>1724</ele></trkpt><trkpt lat="43.950908" lon="7.455703"><ele>1724</ele></trkpt><trkpt lat="43.950842" lon="7.455695"><ele>1723</ele></trkpt><trkpt lat="43.950807" lon="7.455701"><ele>1723</ele></trkpt><trkpt lat="43.950752" lon="7.455682"><ele>1723</ele></trkpt><trkpt lat="43.950594" lon="7.455698"><ele>1723</ele></trkpt><trkpt lat="43.950282" lon="7.455635"><ele>1716</ele></trkpt><trkpt lat="43.950026" lon="7.455448"><ele>1700</ele></trkpt><trkpt lat="43.949765" lon="7.455533"><ele>1698</ele></trkpt><trkpt lat="43.949593" lon="7.455679"><ele>1700</ele></trkpt><trkpt lat="43.949526" lon="7.455742"><ele>1701</ele></trkpt><trkpt lat="43.949434" lon="7.455899"><ele>1708</ele></trkpt><trkpt lat="43.949228" lon="7.456081"><ele>1712</ele></trkpt><trkpt lat="43.949159" lon="7.456192"><ele>1718</ele></trkpt><trkpt lat="43.949068" lon="7.456187"><ele>1715</ele></trkpt><trkpt lat="43.948847" lon="7.456259"><ele>1713</ele></trkpt><trkpt lat="43.948435" lon="7.456227"><ele>1700</ele></trkpt><trkpt lat="43.948206" lon="7.456569"><ele>1718</ele></trkpt><trkpt lat="43.948079" lon="7.456575"><ele>1715</ele></trkpt><trkpt lat="43.947440" lon="7.456186"><ele>1680</ele></trkpt><trkpt lat="43.947314" lon="7.456184"><ele>1678</ele></trkpt><trkpt lat="43.947116" lon="7.456278"><ele>1680</ele></trkpt><trkpt lat="43.946746" lon="7.456672"><ele>1694</ele></trkpt><trkpt lat="43.946440" lon="7.456839"><ele>1696</ele></trkpt><trkpt lat="43.946154" lon="7.456804"><ele>1690</ele></trkpt><trkpt lat="43.945773" lon="7.456884"><ele>1688</ele></trkpt><trkpt lat="43.945773" lon="7.456884"><ele>1688</ele></trkpt><trkpt lat="43.945231" lon="7.457029"><ele>1687</ele></trkpt><trkpt lat="43.944983" lon="7.456976"><ele>1687</ele></trkpt><trkpt lat="43.944832" lon="7.456957"><ele>1687</ele></trkpt><trkpt lat="43.944832" lon="7.456957"><ele>1687</ele></trkpt><trkpt lat="43.944655" lon="7.456856"><ele>1686</ele></trkpt><trkpt lat="43.944418" lon="7.456823"><ele>1685</ele></trkpt><trkpt lat="43.944206" lon="7.456809"><ele>1684</ele></trkpt><trkpt lat="43.943846" lon="7.456726"><ele>1687</ele></trkpt><trkpt lat="43.943568" lon="7.456630"><ele>1691</ele></trkpt><trkpt lat="43.943074" lon="7.456576"><ele>1699</ele></trkpt><trkpt lat="43.942953" lon="7.456591"><ele>1701</ele></trkpt><trkpt lat="43.942833" lon="7.456523"><ele>1702</ele></trkpt><trkpt lat="43.942521" lon="7.456385"><ele>1707</ele></trkpt><trkpt lat="43.942310" lon="7.456229"><ele>1710</ele></trkpt><trkpt lat="43.942137" lon="7.456012"><ele>1712</ele></trkpt><trkpt lat="43.942072" lon="7.455928"><ele>1712</ele></trkpt><trkpt lat="43.941975" lon="7.455859"><ele>1714</ele></trkpt><trkpt lat="43.941788" lon="7.455863"><ele>1718</ele></trkpt><trkpt lat="43.941243" lon="7.455991"><ele>1732</ele></trkpt><trkpt lat="43.940925" lon="7.455912"><ele>1737</ele></trkpt><trkpt lat="43.940777" lon="7.455901"><ele>1740</ele></trkpt><trkpt lat="43.940560" lon="7.455864"><ele>1744</ele></trkpt><trkpt lat="43.940266" lon="7.455617"><ele>1742</ele></trkpt><trkpt lat="43.939933" lon="7.455366"><ele>1743</ele></trkpt><trkpt lat="43.939669" lon="7.454980"><ele>1739</ele></trkpt><trkpt lat="43.939557" lon="7.454902"><ele>1740</ele></trkpt><trkpt lat="43.939384" lon="7.454845"><ele>1745</ele></trkpt><trkpt lat="43.939239" lon="7.454824"><ele>1749</ele></trkpt><trkpt lat="43.939031" lon="7.454717"><ele>1753</ele></trkpt><trkpt lat="43.938939" lon="7.454669"><ele>1754</ele></trkpt><trkpt lat="43.938719" lon="7.454456"><ele>1756</ele></trkpt><trkpt lat="43.938144" lon="7.453940"><ele>1766</ele></trkpt><trkpt lat="43.937805" lon="7.453641"><ele>1772</ele></trkpt><trkpt lat="43.937377" lon="7.453151"><ele>1783</ele></trkpt><trkpt lat="43.936991" lon="7.452477"><ele>1792</ele></trkpt><trkpt lat="43.936880" lon="7.452041"><ele>1791</ele></trkpt><trkpt lat="43.936610" lon="7.451936"><ele>1794</ele></trkpt><trkpt lat="43.936417" lon="7.451737"><ele>1791</ele></trkpt><trkpt lat="43.936219" lon="7.451544"><ele>1786</ele></trkpt><trkpt lat="43.935138" lon="7.450884"><ele>1762</ele></trkpt><trkpt lat="43.935867" lon="7.450873"><ele>1766</ele></trkpt><trkpt lat="43.936499" lon="7.450617"><ele>1756</ele></trkpt><trkpt lat="43.936940" lon="7.450571"><ele>1753</ele></trkpt><trkpt lat="43.937340" lon="7.450350"><ele>1742</ele></trkpt><trkpt lat="43.937595" lon="7.450051"><ele>1729</ele></trkpt><trkpt lat="43.937685" lon="7.449300"><ele>1722</ele></trkpt><trkpt lat="43.937644" lon="7.449062"><ele>1721</ele></trkpt><trkpt lat="43.937394" lon="7.449178"><ele>1721</ele></trkpt><trkpt lat="43.937274" lon="7.449205"><ele>1719</ele></trkpt><trkpt lat="43.937166" lon="7.449308"><ele>1718</ele></trkpt><trkpt lat="43.936956" lon="7.449428"><ele>1711</ele></trkpt><trkpt lat="43.936876" lon="7.449380"><ele>1707</ele></trkpt><trkpt lat="43.936799" lon="7.449377"><ele>1703</ele></trkpt><trkpt lat="43.936669" lon="7.449288"><ele>1695</ele></trkpt><trkpt lat="43.936737" lon="7.449214"><ele>1691</ele></trkpt><trkpt lat="43.936596" lon="7.449137"><ele>1690</ele></trkpt><trkpt lat="43.936441" lon="7.449051"><ele>1684</ele></trkpt><trkpt lat="43.936550" lon="7.448969"><ele>1684</ele></trkpt><trkpt lat="43.936318" lon="7.448851"><ele>1675</ele></trkpt><trkpt lat="43.936056" lon="7.448783"><ele>1668</ele></trkpt><trkpt lat="43.935969" lon="7.448611"><ele>1658</ele></trkpt><trkpt lat="43.935907" lon="7.448533"><ele>1654</ele></trkpt><trkpt lat="43.935875" lon="7.448423"><ele>1649</ele></trkpt><trkpt lat="43.935824" lon="7.448425"><ele>1648</ele></trkpt><trkpt lat="43.935461" lon="7.447992"><ele>1627</ele></trkpt><trkpt lat="43.935315" lon="7.447821"><ele>1620</ele></trkpt><trkpt lat="43.935199" lon="7.447776"><ele>1618</ele></trkpt><trkpt lat="43.934937" lon="7.447823"><ele>1621</ele></trkpt><trkpt lat="43.934862" lon="7.447821"><ele>1621</ele></trkpt><trkpt lat="43.934794" lon="7.447737"><ele>1618</ele></trkpt><trkpt lat="43.934698" lon="7.447643"><ele>1615</ele></trkpt><trkpt lat="43.934789" lon="7.447629"><ele>1613</ele></trkpt><trkpt lat="43.934745" lon="7.447590"><ele>1612</ele></trkpt><trkpt lat="43.934723" lon="7.447550"><ele>1610</ele></trkpt><trkpt lat="43.934674" lon="7.447523"><ele>1610</ele></trkpt><trkpt lat="43.934581" lon="7.447350"><ele>1604</ele></trkpt><trkpt lat="43.934452" lon="7.447156"><ele>1597</ele></trkpt><trkpt lat="43.934282" lon="7.446834"><ele>1585</ele></trkpt><trkpt lat="43.934255" lon="7.446738"><ele>1581</ele></trkpt><trkpt lat="43.934135" lon="7.446575"><ele>1576</ele></trkpt><trkpt lat="43.934135" lon="7.446575"><ele>1576</ele></trkpt><trkpt lat="43.933938" lon="7.446451"><ele>1576</ele></trkpt><trkpt lat="43.933596" lon="7.445822"><ele>1560</ele></trkpt><trkpt lat="43.932555" lon="7.445120"><ele>1560</ele></trkpt><trkpt lat="43.932320" lon="7.444914"><ele>1558</ele></trkpt><trkpt lat="43.932152" lon="7.444453"><ele>1542</ele></trkpt><trkpt lat="43.931801" lon="7.444112"><ele>1545</ele></trkpt><trkpt lat="43.931388" lon="7.443169"><ele>1529</ele></trkpt><trkpt lat="43.931091" lon="7.442936"><ele>1535</ele></trkpt><trkpt lat="43.930703" lon="7.442096"><ele>1527</ele></trkpt><trkpt lat="43.930510" lon="7.441585"><ele>1525</ele></trkpt><trkpt lat="43.930608" lon="7.440710"><ele>1501</ele></trkpt><trkpt lat="43.930485" lon="7.440302"><ele>1499</ele></trkpt><trkpt lat="43.930268" lon="7.440050"><ele>1506</ele></trkpt><trkpt lat="43.930098" lon="7.438954"><ele>1489</ele></trkpt><trkpt lat="43.930284" lon="7.437723"><ele>1475</ele></trkpt><trkpt lat="43.929813" lon="7.437819"><ele>1475</ele></trkpt><trkpt lat="43.929780" lon="7.437443"><ele>1470</ele></trkpt><trkpt lat="43.929249" lon="7.437752"><ele>1460</ele></trkpt><trkpt lat="43.928766" lon="7.437773"><ele>1453</ele></trkpt><trkpt lat="43.928308" lon="7.437636"><ele>1441</ele></trkpt><trkpt lat="43.927263" lon="7.437503"><ele>1412</ele></trkpt><trkpt lat="43.925903" lon="7.437749"><ele>1400</ele></trkpt><trkpt lat="43.925582" lon="7.437755"><ele>1394</ele></trkpt><trkpt lat="43.925024" lon="7.437618"><ele>1371</ele></trkpt><trkpt lat="43.924823" lon="7.437715"><ele>1371</ele></trkpt><trkpt lat="43.924718" lon="7.437698"><ele>1368</ele></trkpt><trkpt lat="43.924612" lon="7.437758"><ele>1368</ele></trkpt><trkpt lat="43.924178" lon="7.437894"><ele>1364</ele></trkpt><trkpt lat="43.923746" lon="7.437743"><ele>1357</ele></trkpt><trkpt lat="43.923635" lon="7.437704"><ele>1357</ele></trkpt><trkpt lat="43.922986" lon="7.437447"><ele>1356</ele></trkpt><trkpt lat="43.922102" lon="7.436846"><ele>1345</ele></trkpt><trkpt lat="43.921687" lon="7.436777"><ele>1338</ele></trkpt><trkpt lat="43.921459" lon="7.436589"><ele>1337</ele></trkpt><trkpt lat="43.921046" lon="7.436586"><ele>1338</ele></trkpt><trkpt lat="43.920760" lon="7.436486"><ele>1341</ele></trkpt><trkpt lat="43.920111" lon="7.436657"><ele>1339</ele></trkpt><trkpt lat="43.919369" lon="7.436949"><ele>1319</ele></trkpt><trkpt lat="43.917057" lon="7.437121"><ele>1263</ele></trkpt><trkpt lat="43.916191" lon="7.436692"><ele>1254</ele></trkpt><trkpt lat="43.915245" lon="7.436503"><ele>1232</ele></trkpt><trkpt lat="43.913863" lon="7.436269"><ele>1194</ele></trkpt><trkpt lat="43.913735" lon="7.436379"><ele>1185</ele></trkpt><trkpt lat="43.913644" lon="7.436393"><ele>1181</ele></trkpt><trkpt lat="43.913470" lon="7.436427"><ele>1174</ele></trkpt><trkpt lat="43.913271" lon="7.436430"><ele>1166</ele></trkpt><trkpt lat="43.913032" lon="7.436451"><ele>1156</ele></trkpt><trkpt lat="43.912568" lon="7.436709"><ele>1134</ele></trkpt><trkpt lat="43.912430" lon="7.436792"><ele>1128</ele></trkpt><trkpt lat="43.912354" lon="7.436804"><ele>1126</ele></trkpt><trkpt lat="43.912275" lon="7.436787"><ele>1125</ele></trkpt><trkpt lat="43.912232" lon="7.436791"><ele>1124</ele></trkpt><trkpt lat="43.912200" lon="7.436825"><ele>1123</ele></trkpt><trkpt lat="43.912161" lon="7.436827"><ele>1122</ele></trkpt><trkpt lat="43.912108" lon="7.436796"><ele>1122</ele></trkpt><trkpt lat="43.912046" lon="7.436745"><ele>1122</ele></trkpt><trkpt lat="43.911971" lon="7.436750"><ele>1121</ele></trkpt><trkpt lat="43.911903" lon="7.436748"><ele>1120</ele></trkpt><trkpt lat="43.911841" lon="7.436720"><ele>1120</ele></trkpt><trkpt lat="43.911776" lon="7.436693"><ele>1119</ele></trkpt><trkpt lat="43.911722" lon="7.436703"><ele>1117</ele></trkpt><trkpt lat="43.911679" lon="7.436699"><ele>1116</ele></trkpt><trkpt lat="43.911605" lon="7.436678"><ele>1115</ele></trkpt><trkpt lat="43.911524" lon="7.436664"><ele>1111</ele></trkpt><trkpt lat="43.911502" lon="7.436611"><ele>1111</ele></trkpt><trkpt lat="43.911486" lon="7.436562"><ele>1110</ele></trkpt><trkpt lat="43.911458" lon="7.436562"><ele>1109</ele></trkpt><trkpt lat="43.911411" lon="7.436623"><ele>1107</ele></trkpt><trkpt lat="43.911361" lon="7.436821"><ele>1103</ele></trkpt><trkpt lat="43.911200" lon="7.436780"><ele>1096</ele></trkpt><trkpt lat="43.911144" lon="7.436909"><ele>1094</ele></trkpt><trkpt lat="43.911376" lon="7.437103"><ele>1101</ele></trkpt><trkpt lat="43.911359" lon="7.437271"><ele>1098</ele></trkpt><trkpt lat="43.911482" lon="7.437418"><ele>1099</ele></trkpt><trkpt lat="43.911296" lon="7.437478"><ele>1093</ele></trkpt><trkpt lat="43.911115" lon="7.437464"><ele>1087</ele></trkpt><trkpt lat="43.910744" lon="7.437481"><ele>1073</ele></trkpt><trkpt lat="43.910257" lon="7.437446"><ele>1054</ele></trkpt><trkpt lat="43.910006" lon="7.437412"><ele>1043</ele></trkpt><trkpt lat="43.909905" lon="7.437459"><ele>1038</ele></trkpt><trkpt lat="43.909783" lon="7.437545"><ele>1032</ele></trkpt><trkpt lat="43.909451" lon="7.437756"><ele>1015</ele></trkpt><trkpt lat="43.908987" lon="7.438259"><ele>993</ele></trkpt><trkpt lat="43.909000" lon="7.438339"><ele>993</ele></trkpt><trkpt lat="43.909066" lon="7.438465"><ele>993</ele></trkpt><trkpt lat="43.908709" lon="7.438683"><ele>982</ele></trkpt><trkpt lat="43.908484" lon="7.438701"><ele>978</ele></trkpt><trkpt lat="43.908203" lon="7.438861"><ele>972</ele></trkpt><trkpt lat="43.908203" lon="7.438861"><ele>972</ele></trkpt><trkpt lat="43.907937" lon="7.438822"><ele>967</ele></trkpt><trkpt lat="43.907791" lon="7.438780"><ele>965</ele></trkpt><trkpt lat="43.907684" lon="7.438716"><ele>963</ele></trkpt><trkpt lat="43.907580" lon="7.438618"><ele>960</ele></trkpt><trkpt lat="43.907424" lon="7.438693"><ele>958</ele></trkpt><trkpt lat="43.907269" lon="7.438649"><ele>954</ele></trkpt><trkpt lat="43.906959" lon="7.438666"><ele>947</ele></trkpt><trkpt lat="43.906124" lon="7.439009"><ele>931</ele></trkpt><trkpt lat="43.905956" lon="7.439315"><ele>928</ele></trkpt><trkpt lat="43.905908" lon="7.439781"><ele>921</ele></trkpt><trkpt lat="43.905630" lon="7.439970"><ele>917</ele></trkpt><trkpt lat="43.905403" lon="7.440319"><ele>907</ele></trkpt><trkpt lat="43.905209" lon="7.440794"><ele>893</ele></trkpt><trkpt lat="43.905026" lon="7.441173"><ele>882</ele></trkpt><trkpt lat="43.904905" lon="7.441149"><ele>881</ele></trkpt><trkpt lat="43.904942" lon="7.441403"><ele>878</ele></trkpt><trkpt lat="43.904904" lon="7.441579"><ele>875</ele></trkpt><trkpt lat="43.904814" lon="7.441713"><ele>873</ele></trkpt><trkpt lat="43.904591" lon="7.441859"><ele>871</ele></trkpt><trkpt lat="43.904083" lon="7.441902"><ele>867</ele></trkpt><trkpt lat="43.903901" lon="7.441893"><ele>866</ele></trkpt><trkpt lat="43.903661" lon="7.441811"><ele>865</ele></trkpt><trkpt lat="43.903428" lon="7.441773"><ele>865</ele></trkpt><trkpt lat="43.903131" lon="7.441584"><ele>862</ele></trkpt><trkpt lat="43.902733" lon="7.441443"><ele>860</ele></trkpt><trkpt lat="43.901820" lon="7.441773"><ele>854</ele></trkpt><trkpt lat="43.901468" lon="7.441798"><ele>847</ele></trkpt><trkpt lat="43.901147" lon="7.441864"><ele>840</ele></trkpt><trkpt lat="43.900635" lon="7.442363"><ele>829</ele></trkpt><trkpt lat="43.900540" lon="7.442356"><ele>828</ele></trkpt><trkpt lat="43.900353" lon="7.442524"><ele>823</ele></trkpt><trkpt lat="43.900359" lon="7.442743"><ele>820</ele></trkpt><trkpt lat="43.900101" lon="7.442757"><ele>817</ele></trkpt><trkpt lat="43.899833" lon="7.442942"><ele>808</ele></trkpt><trkpt lat="43.899701" lon="7.442977"><ele>805</ele></trkpt><trkpt lat="43.899600" lon="7.442925"><ele>803</ele></trkpt><trkpt lat="43.899501" lon="7.442899"><ele>801</ele></trkpt><trkpt lat="43.899584" lon="7.442806"><ele>804</ele></trkpt><trkpt lat="43.899570" lon="7.442691"><ele>803</ele></trkpt><trkpt lat="43.899137" lon="7.442883"><ele>789</ele></trkpt><trkpt lat="43.898733" lon="7.442806"><ele>775</ele></trkpt><trkpt lat="43.898924" lon="7.443237"><ele>781</ele></trkpt><trkpt lat="43.898407" lon="7.443251"><ele>765</ele></trkpt><trkpt lat="43.898035" lon="7.443314"><ele>753</ele></trkpt><trkpt lat="43.897920" lon="7.443103"><ele>748</ele></trkpt><trkpt lat="43.897876" lon="7.443378"><ele>748</ele></trkpt><trkpt lat="43.897855" lon="7.443554"><ele>748</ele></trkpt><trkpt lat="43.897829" lon="7.443958"><ele>746</ele></trkpt><trkpt lat="43.897720" lon="7.444244"><ele>741</ele></trkpt><trkpt lat="43.897676" lon="7.444351"><ele>740</ele></trkpt><trkpt lat="43.897593" lon="7.444346"><ele>738</ele></trkpt><trkpt lat="43.897326" lon="7.444439"><ele>733</ele></trkpt><trkpt lat="43.896712" lon="7.444851"><ele>719</ele></trkpt><trkpt lat="43.896255" lon="7.445449"><ele>716</ele></trkpt><trkpt lat="43.895957" lon="7.446000"><ele>718</ele></trkpt><trkpt lat="43.895905" lon="7.446031"><ele>717</ele></trkpt><trkpt lat="43.895905" lon="7.445983"><ele>716</ele></trkpt><trkpt lat="43.895972" lon="7.445886"><ele>716</ele></trkpt><trkpt lat="43.896046" lon="7.445684"><ele>714</ele></trkpt><trkpt lat="43.896120" lon="7.445429"><ele>711</ele></trkpt><trkpt lat="43.896166" lon="7.445093"><ele>704</ele></trkpt><trkpt lat="43.895744" lon="7.445842"><ele>708</ele></trkpt><trkpt lat="43.895618" lon="7.445938"><ele>706</ele></trkpt><trkpt lat="43.895500" lon="7.445961"><ele>703</ele></trkpt><trkpt lat="43.895297" lon="7.445930"><ele>696</ele></trkpt><trkpt lat="43.895046" lon="7.446051"><ele>690</ele></trkpt><trkpt lat="43.894777" lon="7.446089"><ele>681</ele></trkpt><trkpt lat="43.894621" lon="7.446454"><ele>686</ele></trkpt><trkpt lat="43.894478" lon="7.446786"><ele>691</ele></trkpt><trkpt lat="43.894439" lon="7.446848"><ele>692</ele></trkpt><trkpt lat="43.894386" lon="7.446867"><ele>690</ele></trkpt><trkpt lat="43.894337" lon="7.446892"><ele>689</ele></trkpt><trkpt lat="43.894202" lon="7.447025"><ele>689</ele></trkpt><trkpt lat="43.894202" lon="7.447025"><ele>689</ele></trkpt><trkpt lat="43.894368" lon="7.446693"><ele>684</ele></trkpt><trkpt lat="43.894365" lon="7.446589"><ele>680</ele></trkpt><trkpt lat="43.894365" lon="7.446589"><ele>680</ele></trkpt><trkpt lat="43.894313" lon="7.446689"><ele>682</ele></trkpt><trkpt lat="43.894122" lon="7.446904"><ele>682</ele></trkpt><trkpt lat="43.894066" lon="7.446926"><ele>681</ele></trkpt><trkpt lat="43.893996" lon="7.446885"><ele>678</ele></trkpt><trkpt lat="43.893937" lon="7.446834"><ele>674</ele></trkpt><trkpt lat="43.893871" lon="7.446809"><ele>672</ele></trkpt><trkpt lat="43.893782" lon="7.446828"><ele>670</ele></trkpt><trkpt lat="43.893678" lon="7.446863"><ele>670</ele></trkpt><trkpt lat="43.893617" lon="7.446839"><ele>668</ele></trkpt><trkpt lat="43.893555" lon="7.446696"><ele>662</ele></trkpt><trkpt lat="43.893498" lon="7.446516"><ele>656</ele></trkpt><trkpt lat="43.893408" lon="7.446267"><ele>648</ele></trkpt><trkpt lat="43.893304" lon="7.446123"><ele>644</ele></trkpt><trkpt lat="43.893211" lon="7.446067"><ele>643</ele></trkpt><trkpt lat="43.893126" lon="7.446075"><ele>644</ele></trkpt><trkpt lat="43.893126" lon="7.446075"><ele>644</ele></trkpt><trkpt lat="43.893111" lon="7.446028"><ele>643</ele></trkpt><trkpt lat="43.893113" lon="7.445987"><ele>642</ele></trkpt><trkpt lat="43.893113" lon="7.445987"><ele>642</ele></trkpt><trkpt lat="43.892879" lon="7.445996"><ele>645</ele></trkpt><trkpt lat="43.892707" lon="7.445870"><ele>644</ele></trkpt><trkpt lat="43.892342" lon="7.445336"><ele>632</ele></trkpt><trkpt lat="43.892271" lon="7.445256"><ele>630</ele></trkpt><trkpt lat="43.892172" lon="7.445211"><ele>629</ele></trkpt><trkpt lat="43.892060" lon="7.445192"><ele>628</ele></trkpt><trkpt lat="43.891975" lon="7.445272"><ele>631</ele></trkpt><trkpt lat="43.891751" lon="7.445951"><ele>636</ele></trkpt><trkpt lat="43.891740" lon="7.445386"><ele>629</ele></trkpt><trkpt lat="43.891718" lon="7.445420"><ele>629</ele></trkpt><trkpt lat="43.891697" lon="7.445633"><ele>631</ele></trkpt><trkpt lat="43.891666" lon="7.445822"><ele>632</ele></trkpt><trkpt lat="43.891526" lon="7.446024"><ele>628</ele></trkpt><trkpt lat="43.891219" lon="7.446277"><ele>614</ele></trkpt><trkpt lat="43.891393" lon="7.446928"><ele>625</ele></trkpt><trkpt lat="43.891077" lon="7.446536"><ele>608</ele></trkpt><trkpt lat="43.890647" lon="7.446214"><ele>586</ele></trkpt><trkpt lat="43.890651" lon="7.446097"><ele>586</ele></trkpt><trkpt lat="43.890845" lon="7.445950"><ele>596</ele></trkpt><trkpt lat="43.890825" lon="7.445907"><ele>595</ele></trkpt><trkpt lat="43.890636" lon="7.445918"><ele>585</ele></trkpt><trkpt lat="43.890532" lon="7.445983"><ele>580</ele></trkpt><trkpt lat="43.890481" lon="7.446132"><ele>579</ele></trkpt><trkpt lat="43.890485" lon="7.446413"><ele>580</ele></trkpt><trkpt lat="43.890459" lon="7.446397"><ele>579</ele></trkpt><trkpt lat="43.890426" lon="7.446279"><ele>577</ele></trkpt><trkpt lat="43.890403" lon="7.446098"><ele>575</ele></trkpt><trkpt lat="43.890350" lon="7.445941"><ele>573</ele></trkpt><trkpt lat="43.890354" lon="7.445847"><ele>573</ele></trkpt><trkpt lat="43.890332" lon="7.445804"><ele>572</ele></trkpt><trkpt lat="43.890301" lon="7.445829"><ele>571</ele></trkpt><trkpt lat="43.890280" lon="7.445905"><ele>570</ele></trkpt><trkpt lat="43.890309" lon="7.446098"><ele>571</ele></trkpt><trkpt lat="43.890300" lon="7.446183"><ele>571</ele></trkpt><trkpt lat="43.890238" lon="7.446296"><ele>569</ele></trkpt><trkpt lat="43.890187" lon="7.446309"><ele>567</ele></trkpt><trkpt lat="43.890191" lon="7.446240"><ele>567</ele></trkpt><trkpt lat="43.890241" lon="7.446127"><ele>569</ele></trkpt><trkpt lat="43.890215" lon="7.446058"><ele>568</ele></trkpt><trkpt lat="43.890117" lon="7.445874"><ele>563</ele></trkpt><trkpt lat="43.890106" lon="7.445826"><ele>563</ele></trkpt><trkpt lat="43.890140" lon="7.445704"><ele>564</ele></trkpt><trkpt lat="43.890114" lon="7.445693"><ele>563</ele></trkpt><trkpt lat="43.890035" lon="7.445740"><ele>560</ele></trkpt><trkpt lat="43.890059" lon="7.445967"><ele>561</ele></trkpt><trkpt lat="43.889939" lon="7.445776"><ele>556</ele></trkpt><trkpt lat="43.889927" lon="7.445611"><ele>556</ele></trkpt><trkpt lat="43.889894" lon="7.445607"><ele>555</ele></trkpt><trkpt lat="43.889862" lon="7.445677"><ele>553</ele></trkpt><trkpt lat="43.889855" lon="7.445763"><ele>553</ele></trkpt><trkpt lat="43.889889" lon="7.445859"><ele>554</ele></trkpt><trkpt lat="43.889925" lon="7.445913"><ele>556</ele></trkpt><trkpt lat="43.889919" lon="7.445975"><ele>555</ele></trkpt><trkpt lat="43.889758" lon="7.445744"><ele>549</ele></trkpt><trkpt lat="43.889724" lon="7.445603"><ele>548</ele></trkpt><trkpt lat="43.889758" lon="7.445357"><ele>551</ele></trkpt><trkpt lat="43.889715" lon="7.445360"><ele>550</ele></trkpt><trkpt lat="43.889651" lon="7.445541"><ele>546</ele></trkpt><trkpt lat="43.889630" lon="7.445665"><ele>545</ele></trkpt><trkpt lat="43.889636" lon="7.445768"><ele>545</ele></trkpt><trkpt lat="43.889610" lon="7.445771"><ele>544</ele></trkpt><trkpt lat="43.889583" lon="7.445670"><ele>543</ele></trkpt><trkpt lat="43.889567" lon="7.445414"><ele>544</ele></trkpt><trkpt lat="43.889571" lon="7.445285"><ele>546</ele></trkpt><trkpt lat="43.889582" lon="7.445203"><ele>548</ele></trkpt><trkpt lat="43.889560" lon="7.445189"><ele>547</ele></trkpt><trkpt lat="43.889492" lon="7.445431"><ele>542</ele></trkpt><trkpt lat="43.889455" lon="7.445714"><ele>539</ele></trkpt><trkpt lat="43.889438" lon="7.445746"><ele>538</ele></trkpt><trkpt lat="43.889308" lon="7.445025"><ele>541</ele></trkpt><trkpt lat="43.889327" lon="7.444945"><ele>543</ele></trkpt><trkpt lat="43.889353" lon="7.444894"><ele>545</ele></trkpt><trkpt lat="43.889335" lon="7.444860"><ele>545</ele></trkpt><trkpt lat="43.889283" lon="7.444912"><ele>542</ele></trkpt><trkpt lat="43.889265" lon="7.445055"><ele>540</ele></trkpt><trkpt lat="43.889221" lon="7.445156"><ele>537</ele></trkpt><trkpt lat="43.889154" lon="7.445186"><ele>535</ele></trkpt><trkpt lat="43.888974" lon="7.444981"><ele>533</ele></trkpt><trkpt lat="43.888689" lon="7.444819"><ele>527</ele></trkpt><trkpt lat="43.888435" lon="7.444809"><ele>521</ele></trkpt><trkpt lat="43.888058" lon="7.444621"><ele>515</ele></trkpt><trkpt lat="43.887946" lon="7.444614"><ele>513</ele></trkpt><trkpt lat="43.887891" lon="7.444612"><ele>512</ele></trkpt><trkpt lat="43.887683" lon="7.444608"><ele>508</ele></trkpt><trkpt lat="43.887344" lon="7.444303"><ele>498</ele></trkpt><trkpt lat="43.887221" lon="7.444234"><ele>494</ele></trkpt><trkpt lat="43.887057" lon="7.444183"><ele>490</ele></trkpt><trkpt lat="43.886960" lon="7.444205"><ele>488</ele></trkpt><trkpt lat="43.886949" lon="7.444169"><ele>487</ele></trkpt><trkpt lat="43.887009" lon="7.444131"><ele>488</ele></trkpt><trkpt lat="43.887239" lon="7.444066"><ele>493</ele></trkpt><trkpt lat="43.887264" lon="7.444045"><ele>493</ele></trkpt><trkpt lat="43.887246" lon="7.444013"><ele>493</ele></trkpt><trkpt lat="43.887074" lon="7.443972"><ele>486</ele></trkpt><trkpt lat="43.886991" lon="7.443978"><ele>484</ele></trkpt><trkpt lat="43.886814" lon="7.444074"><ele>481</ele></trkpt><trkpt lat="43.886679" lon="7.444106"><ele>479</ele></trkpt><trkpt lat="43.886638" lon="7.444112"><ele>479</ele></trkpt><trkpt lat="43.886316" lon="7.444061"><ele>471</ele></trkpt><trkpt lat="43.886103" lon="7.443943"><ele>463</ele></trkpt><trkpt lat="43.885990" lon="7.443971"><ele>462</ele></trkpt><trkpt lat="43.885630" lon="7.443862"><ele>456</ele></trkpt><trkpt lat="43.885466" lon="7.443796"><ele>452</ele></trkpt><trkpt lat="43.885049" lon="7.443785"><ele>446</ele></trkpt><trkpt lat="43.884818" lon="7.443848"><ele>445</ele></trkpt><trkpt lat="43.884632" lon="7.443858"><ele>442</ele></trkpt><trkpt lat="43.884082" lon="7.443902"><ele>432</ele></trkpt><trkpt lat="43.883980" lon="7.443962"><ele>431</ele></trkpt><trkpt lat="43.883882" lon="7.444076"><ele>431</ele></trkpt><trkpt lat="43.883868" lon="7.444157"><ele>433</ele></trkpt><trkpt lat="43.883917" lon="7.444332"><ele>438</ele></trkpt><trkpt lat="43.884004" lon="7.444668"><ele>447</ele></trkpt><trkpt lat="43.884028" lon="7.444900"><ele>451</ele></trkpt><trkpt lat="43.884007" lon="7.445197"><ele>454</ele></trkpt><trkpt lat="43.883970" lon="7.445470"><ele>456</ele></trkpt><trkpt lat="43.883920" lon="7.445532"><ele>456</ele></trkpt><trkpt lat="43.883868" lon="7.445523"><ele>454</ele></trkpt><trkpt lat="43.883499" lon="7.445375"><ele>438</ele></trkpt><trkpt lat="43.883338" lon="7.445369"><ele>433</ele></trkpt><trkpt lat="43.883138" lon="7.445274"><ele>425</ele></trkpt><trkpt lat="43.882889" lon="7.445146"><ele>415</ele></trkpt><trkpt lat="43.882806" lon="7.445141"><ele>413</ele></trkpt><trkpt lat="43.882806" lon="7.445141"><ele>413</ele></trkpt><trkpt lat="43.882734" lon="7.445112"><ele>411</ele></trkpt><trkpt lat="43.882419" lon="7.445022"><ele>407</ele></trkpt><trkpt lat="43.882419" lon="7.445022"><ele>407</ele></trkpt><trkpt lat="43.882399" lon="7.444988"><ele>406</ele></trkpt><trkpt lat="43.882350" lon="7.444975"><ele>405</ele></trkpt><trkpt lat="43.882063" lon="7.445160"><ele>404</ele></trkpt><trkpt lat="43.881841" lon="7.445235"><ele>402</ele></trkpt><trkpt lat="43.881542" lon="7.445264"><ele>396</ele></trkpt><trkpt lat="43.881454" lon="7.445313"><ele>395</ele></trkpt><trkpt lat="43.881382" lon="7.445368"><ele>394</ele></trkpt><trkpt lat="43.881336" lon="7.445431"><ele>393</ele></trkpt><trkpt lat="43.881217" lon="7.445595"><ele>393</ele></trkpt><trkpt lat="43.880946" lon="7.445901"><ele>390</ele></trkpt><trkpt lat="43.880844" lon="7.446105"><ele>390</ele></trkpt><trkpt lat="43.880770" lon="7.446265"><ele>390</ele></trkpt><trkpt lat="43.880711" lon="7.446355"><ele>389</ele></trkpt><trkpt lat="43.880609" lon="7.446460"><ele>387</ele></trkpt><trkpt lat="43.880473" lon="7.446625"><ele>384</ele></trkpt><trkpt lat="43.880415" lon="7.446667"><ele>383</ele></trkpt><trkpt lat="43.880257" lon="7.446780"><ele>379</ele></trkpt><trkpt lat="43.880045" lon="7.446991"><ele>376</ele></trkpt><trkpt lat="43.879851" lon="7.447170"><ele>373</ele></trkpt><trkpt lat="43.879748" lon="7.447266"><ele>371</ele></trkpt><trkpt lat="43.879547" lon="7.447427"><ele>368</ele></trkpt><trkpt lat="43.879302" lon="7.447719"><ele>363</ele></trkpt><trkpt lat="43.879302" lon="7.447719"><ele>363</ele></trkpt><trkpt lat="43.879352" lon="7.447861"><ele>365</ele></trkpt><trkpt lat="43.879352" lon="7.447861"><ele>365</ele></trkpt><trkpt lat="43.879305" lon="7.447861"><ele>364</ele></trkpt><trkpt lat="43.879246" lon="7.447788"><ele>362</ele></trkpt><trkpt lat="43.879182" lon="7.447801"><ele>361</ele></trkpt><trkpt lat="43.879098" lon="7.447729"><ele>359</ele></trkpt><trkpt lat="43.879098" lon="7.447729"><ele>359</ele></trkpt><trkpt lat="43.879084" lon="7.447761"><ele>359</ele></trkpt><trkpt lat="43.879087" lon="7.447870"><ele>359</ele></trkpt><trkpt lat="43.879099" lon="7.448123"><ele>360</ele></trkpt><trkpt lat="43.879142" lon="7.448226"><ele>361</ele></trkpt><trkpt lat="43.879145" lon="7.448291"><ele>361</ele></trkpt><trkpt lat="43.879074" lon="7.448371"><ele>360</ele></trkpt><trkpt lat="43.879074" lon="7.448371"><ele>360</ele></trkpt><trkpt lat="43.878902" lon="7.448409"><ele>356</ele></trkpt><trkpt lat="43.878902" lon="7.448409"><ele>356</ele></trkpt><trkpt lat="43.878786" lon="7.448398"><ele>354</ele></trkpt><trkpt lat="43.878650" lon="7.448384"><ele>353</ele></trkpt><trkpt lat="43.878579" lon="7.448385"><ele>352</ele></trkpt><trkpt lat="43.878495" lon="7.448407"><ele>351</ele></trkpt><trkpt lat="43.878495" lon="7.448407"><ele>351</ele></trkpt><trkpt lat="43.878412" lon="7.448536"><ele>350</ele></trkpt><trkpt lat="43.878372" lon="7.448626"><ele>350</ele></trkpt><trkpt lat="43.878335" lon="7.448659"><ele>350</ele></trkpt><trkpt lat="43.878335" lon="7.448659"><ele>350</ele></trkpt><trkpt lat="43.878324" lon="7.448841"><ele>350</ele></trkpt><trkpt lat="43.878319" lon="7.448920"><ele>350</ele></trkpt><trkpt lat="43.878305" lon="7.449001"><ele>350</ele></trkpt><trkpt lat="43.878305" lon="7.449001"><ele>350</ele></trkpt><trkpt lat="43.878283" lon="7.449085"><ele>350</ele></trkpt><trkpt lat="43.878257" lon="7.449209"><ele>350</ele></trkpt><trkpt lat="43.878237" lon="7.449294"><ele>350</ele></trkpt><trkpt lat="43.878237" lon="7.449294"><ele>350</ele></trkpt><trkpt lat="43.878139" lon="7.449248"><ele>350</ele></trkpt><trkpt lat="43.878139" lon="7.449248"><ele>350</ele></trkpt><trkpt lat="43.877994" lon="7.449172"><ele>349</ele></trkpt><trkpt lat="43.877994" lon="7.449172"><ele>349</ele></trkpt><trkpt lat="43.877944" lon="7.449148"><ele>349</ele></trkpt><trkpt lat="43.877944" lon="7.449148"><ele>349</ele></trkpt><trkpt lat="43.877806" lon="7.449078"><ele>349</ele></trkpt><trkpt lat="43.877806" lon="7.449078"><ele>349</ele></trkpt><trkpt lat="43.877763" lon="7.449049"><ele>349</ele></trkpt><trkpt lat="43.877763" lon="7.449049"><ele>349</ele></trkpt><trkpt lat="43.877761" lon="7.449069"><ele>349</ele></trkpt><trkpt lat="43.877747" lon="7.449129"><ele>349</ele></trkpt><trkpt lat="43.877645" lon="7.449465"><ele>349</ele></trkpt><trkpt lat="43.877619" lon="7.449599"><ele>349</ele></trkpt><trkpt lat="43.877590" lon="7.449931"><ele>349</ele></trkpt><trkpt lat="43.877590" lon="7.449931"><ele>349</ele></trkpt><trkpt lat="43.877536" lon="7.449944"><ele>349</ele></trkpt><trkpt lat="43.877513" lon="7.449949"><ele>349</ele></trkpt><trkpt lat="43.877467" lon="7.449960"><ele>349</ele></trkpt><trkpt lat="43.877467" lon="7.449960"><ele>349</ele></trkpt><trkpt lat="43.877342" lon="7.450011"><ele>350</ele></trkpt><trkpt lat="43.877342" lon="7.450011"><ele>350</ele></trkpt><trkpt lat="43.877309" lon="7.450020"><ele>350</ele></trkpt><trkpt lat="43.877271" lon="7.450034"><ele>350</ele></trkpt><trkpt lat="43.877271" lon="7.450034"><ele>350</ele></trkpt><trkpt lat="43.877081" lon="7.450166"><ele>351</ele></trkpt><trkpt lat="43.876728" lon="7.450432"><ele>352</ele></trkpt><trkpt lat="43.876728" lon="7.450432"><ele>352</ele></trkpt><trkpt lat="43.876693" lon="7.450498"><ele>352</ele></trkpt><trkpt lat="43.876648" lon="7.450608"><ele>353</ele></trkpt><trkpt lat="43.876648" lon="7.450608"><ele>353</ele></trkpt><trkpt lat="43.876652" lon="7.450641"><ele>353</ele></trkpt><trkpt lat="43.876649" lon="7.450674"><ele>353</ele></trkpt><trkpt lat="43.876649" lon="7.450674"><ele>353</ele></trkpt><trkpt lat="43.876637" lon="7.450705"><ele>353</ele></trkpt><trkpt lat="43.876619" lon="7.450730"><ele>353</ele></trkpt><trkpt lat="43.876596" lon="7.450745"><ele>354</ele></trkpt><trkpt lat="43.876596" lon="7.450745"><ele>354</ele></trkpt><trkpt lat="43.876575" lon="7.450862"><ele>354</ele></trkpt><trkpt lat="43.876568" lon="7.450954"><ele>354</ele></trkpt><trkpt lat="43.876568" lon="7.450954"><ele>354</ele></trkpt><trkpt lat="43.876708" lon="7.451655"><ele>352</ele></trkpt><trkpt lat="43.876720" lon="7.451889"><ele>352</ele></trkpt><trkpt lat="43.876691" lon="7.452008"><ele>352</ele></trkpt><trkpt lat="43.876647" lon="7.452079"><ele>353</ele></trkpt><trkpt lat="43.876574" lon="7.452147"><ele>354</ele></trkpt><trkpt lat="43.876182" lon="7.452318"><ele>360</ele></trkpt><trkpt lat="43.876156" lon="7.452330"><ele>360</ele></trkpt><trkpt lat="43.876060" lon="7.452370"><ele>362</ele></trkpt><trkpt lat="43.876006" lon="7.452424"><ele>363</ele></trkpt><trkpt lat="43.875970" lon="7.452484"><ele>363</ele></trkpt><trkpt lat="43.875935" lon="7.452605"><ele>364</ele></trkpt><trkpt lat="43.875878" lon="7.452817"><ele>365</ele></trkpt><trkpt lat="43.875832" lon="7.453018"><ele>366</ele></trkpt><trkpt lat="43.875701" lon="7.453743"><ele>369</ele></trkpt><trkpt lat="43.875644" lon="7.454029"><ele>371</ele></trkpt><trkpt lat="43.875554" lon="7.454420"><ele>372</ele></trkpt><trkpt lat="43.875554" lon="7.454420"><ele>372</ele></trkpt><trkpt lat="43.875235" lon="7.454269"><ele>382</ele></trkpt><trkpt lat="43.875235" lon="7.454269"><ele>382</ele></trkpt><trkpt lat="43.875186" lon="7.454299"><ele>383</ele></trkpt><trkpt lat="43.875164" lon="7.454407"><ele>384</ele></trkpt><trkpt lat="43.875129" lon="7.454905"><ele>382</ele></trkpt><trkpt lat="43.875078" lon="7.455107"><ele>382</ele></trkpt><trkpt lat="43.874879" lon="7.455645"><ele>383</ele></trkpt><trkpt lat="43.874654" lon="7.456397"><ele>389</ele></trkpt><trkpt lat="43.874592" lon="7.456498"><ele>391</ele></trkpt><trkpt lat="43.874415" lon="7.456658"><ele>398</ele></trkpt><trkpt lat="43.874338" lon="7.456776"><ele>402</ele></trkpt><trkpt lat="43.874277" lon="7.456955"><ele>404</ele></trkpt><trkpt lat="43.874280" lon="7.457057"><ele>404</ele></trkpt><trkpt lat="43.874350" lon="7.457238"><ele>402</ele></trkpt><trkpt lat="43.874465" lon="7.457456"><ele>399</ele></trkpt><trkpt lat="43.874501" lon="7.457571"><ele>397</ele></trkpt><trkpt lat="43.874519" lon="7.457790"><ele>397</ele></trkpt><trkpt lat="43.874516" lon="7.458653"><ele>404</ele></trkpt><trkpt lat="43.874438" lon="7.459224"><ele>413</ele></trkpt><trkpt lat="43.874382" lon="7.459624"><ele>418</ele></trkpt><trkpt lat="43.874349" lon="7.459741"><ele>420</ele></trkpt><trkpt lat="43.874288" lon="7.459852"><ele>422</ele></trkpt><trkpt lat="43.874195" lon="7.459955"><ele>425</ele></trkpt><trkpt lat="43.874003" lon="7.460094"><ele>431</ele></trkpt><trkpt lat="43.874003" lon="7.460094"><ele>431</ele></trkpt><trkpt lat="43.873917" lon="7.460237"><ele>435</ele></trkpt><trkpt lat="43.873721" lon="7.460474"><ele>442</ele></trkpt><trkpt lat="43.873539" lon="7.460633"><ele>449</ele></trkpt><trkpt lat="43.873288" lon="7.460803"><ele>459</ele></trkpt><trkpt lat="43.873255" lon="7.460862"><ele>460</ele></trkpt><trkpt lat="43.873236" lon="7.460923"><ele>462</ele></trkpt><trkpt lat="43.873240" lon="7.460986"><ele>462</ele></trkpt><trkpt lat="43.873263" lon="7.461053"><ele>462</ele></trkpt><trkpt lat="43.873409" lon="7.461170"><ele>458</ele></trkpt><trkpt lat="43.873623" lon="7.461378"><ele>454</ele></trkpt><trkpt lat="43.873872" lon="7.461464"><ele>446</ele></trkpt><trkpt lat="43.874015" lon="7.461548"><ele>443</ele></trkpt><trkpt lat="43.874128" lon="7.461676"><ele>441</ele></trkpt><trkpt lat="43.874159" lon="7.461806"><ele>442</ele></trkpt><trkpt lat="43.874141" lon="7.462016"><ele>447</ele></trkpt><trkpt lat="43.874124" lon="7.462324"><ele>453</ele></trkpt><trkpt lat="43.874137" lon="7.462583"><ele>456</ele></trkpt><trkpt lat="43.874206" lon="7.462987"><ele>460</ele></trkpt><trkpt lat="43.874204" lon="7.463353"><ele>465</ele></trkpt><trkpt lat="43.874208" lon="7.463757"><ele>468</ele></trkpt><trkpt lat="43.874158" lon="7.464092"><ele>472</ele></trkpt><trkpt lat="43.874178" lon="7.464243"><ele>472</ele></trkpt><trkpt lat="43.874365" lon="7.464683"><ele>469</ele></trkpt><trkpt lat="43.874430" lon="7.464863"><ele>468</ele></trkpt><trkpt lat="43.874430" lon="7.464863"><ele>468</ele></trkpt><trkpt lat="43.874432" lon="7.465194"><ele>471</ele></trkpt><trkpt lat="43.874226" lon="7.465983"><ele>492</ele></trkpt><trkpt lat="43.874023" lon="7.466710"><ele>511</ele></trkpt><trkpt lat="43.873961" lon="7.467211"><ele>518</ele></trkpt><trkpt lat="43.873588" lon="7.467469"><ele>535</ele></trkpt><trkpt lat="43.873467" lon="7.467594"><ele>539</ele></trkpt><trkpt lat="43.873380" lon="7.467785"><ele>542</ele></trkpt><trkpt lat="43.873354" lon="7.468014"><ele>541</ele></trkpt><trkpt lat="43.873354" lon="7.468014"><ele>541</ele></trkpt><trkpt lat="43.873127" lon="7.468316"><ele>544</ele></trkpt><trkpt lat="43.872881" lon="7.468690"><ele>544</ele></trkpt><trkpt lat="43.872682" lon="7.468895"><ele>545</ele></trkpt><trkpt lat="43.872569" lon="7.469017"><ele>546</ele></trkpt><trkpt lat="43.872436" lon="7.469096"><ele>548</ele></trkpt><trkpt lat="43.872283" lon="7.469134"><ele>551</ele></trkpt><trkpt lat="43.872070" lon="7.469155"><ele>557</ele></trkpt><trkpt lat="43.871888" lon="7.469233"><ele>560</ele></trkpt><trkpt lat="43.871529" lon="7.469375"><ele>569</ele></trkpt><trkpt lat="43.871363" lon="7.469487"><ele>572</ele></trkpt><trkpt lat="43.871301" lon="7.469559"><ele>574</ele></trkpt><trkpt lat="43.871277" lon="7.469709"><ele>572</ele></trkpt><trkpt lat="43.871340" lon="7.470059"><ele>566</ele></trkpt><trkpt lat="43.871337" lon="7.470275"><ele>566</ele></trkpt><trkpt lat="43.871290" lon="7.470458"><ele>568</ele></trkpt><trkpt lat="43.871285" lon="7.470701"><ele>568</ele></trkpt><trkpt lat="43.871309" lon="7.471134"><ele>568</ele></trkpt><trkpt lat="43.871367" lon="7.471441"><ele>567</ele></trkpt><trkpt lat="43.871401" lon="7.472118"><ele>569</ele></trkpt><trkpt lat="43.871394" lon="7.472485"><ele>570</ele></trkpt><trkpt lat="43.871340" lon="7.472893"><ele>575</ele></trkpt><trkpt lat="43.871265" lon="7.473163"><ele>579</ele></trkpt><trkpt lat="43.871206" lon="7.473310"><ele>582</ele></trkpt><trkpt lat="43.871136" lon="7.473407"><ele>585</ele></trkpt><trkpt lat="43.871093" lon="7.473422"><ele>586</ele></trkpt><trkpt lat="43.871093" lon="7.473422"><ele>586</ele></trkpt><trkpt lat="43.870945" lon="7.473539"><ele>591</ele></trkpt><trkpt lat="43.870784" lon="7.473635"><ele>597</ele></trkpt><trkpt lat="43.870784" lon="7.473635"><ele>597</ele></trkpt><trkpt lat="43.870714" lon="7.473653"><ele>599</ele></trkpt><trkpt lat="43.870598" lon="7.473759"><ele>603</ele></trkpt><trkpt lat="43.870465" lon="7.474013"><ele>607</ele></trkpt><trkpt lat="43.870382" lon="7.474261"><ele>610</ele></trkpt><trkpt lat="43.870302" lon="7.474376"><ele>612</ele></trkpt><trkpt lat="43.870267" lon="7.474453"><ele>614</ele></trkpt><trkpt lat="43.870237" lon="7.474481"><ele>615</ele></trkpt><trkpt lat="43.870169" lon="7.474522"><ele>617</ele></trkpt><trkpt lat="43.870123" lon="7.474643"><ele>619</ele></trkpt><trkpt lat="43.870069" lon="7.474822"><ele>620</ele></trkpt><trkpt lat="43.869942" lon="7.475020"><ele>623</ele></trkpt><trkpt lat="43.869786" lon="7.475100"><ele>627</ele></trkpt><trkpt lat="43.869705" lon="7.475105"><ele>629</ele></trkpt><trkpt lat="43.869591" lon="7.475096"><ele>632</ele></trkpt><trkpt lat="43.869508" lon="7.475056"><ele>634</ele></trkpt><trkpt lat="43.869453" lon="7.475040"><ele>636</ele></trkpt><trkpt lat="43.869234" lon="7.475009"><ele>641</ele></trkpt><trkpt lat="43.868791" lon="7.475000"><ele>649</ele></trkpt><trkpt lat="43.868662" lon="7.474967"><ele>652</ele></trkpt><trkpt lat="43.868428" lon="7.474987"><ele>656</ele></trkpt><trkpt lat="43.868277" lon="7.475016"><ele>659</ele></trkpt><trkpt lat="43.868184" lon="7.475047"><ele>660</ele></trkpt><trkpt lat="43.867952" lon="7.475150"><ele>664</ele></trkpt><trkpt lat="43.867852" lon="7.475241"><ele>665</ele></trkpt><trkpt lat="43.867634" lon="7.475600"><ele>664</ele></trkpt><trkpt lat="43.867235" lon="7.476058"><ele>671</ele></trkpt><trkpt lat="43.866966" lon="7.476283"><ele>678</ele></trkpt><trkpt lat="43.866792" lon="7.476374"><ele>685</ele></trkpt><trkpt lat="43.866726" lon="7.476435"><ele>686</ele></trkpt><trkpt lat="43.866583" lon="7.476462"><ele>692</ele></trkpt><trkpt lat="43.866455" lon="7.476467"><ele>698</ele></trkpt><trkpt lat="43.866141" lon="7.476477"><ele>712</ele></trkpt><trkpt lat="43.866053" lon="7.476484"><ele>715</ele></trkpt><trkpt lat="43.866004" lon="7.476530"><ele>715</ele></trkpt><trkpt lat="43.865890" lon="7.476512"><ele>720</ele></trkpt><trkpt lat="43.865793" lon="7.476508"><ele>723</ele></trkpt><trkpt lat="43.865700" lon="7.476555"><ele>725</ele></trkpt><trkpt lat="43.865704" lon="7.476513"><ele>726</ele></trkpt><trkpt lat="43.865689" lon="7.476496"><ele>727</ele></trkpt><trkpt lat="43.865642" lon="7.476554"><ele>727</ele></trkpt><trkpt lat="43.865563" lon="7.476551"><ele>729</ele></trkpt><trkpt lat="43.865595" lon="7.476479"><ele>730</ele></trkpt><trkpt lat="43.865556" lon="7.476451"><ele>731</ele></trkpt><trkpt lat="43.865447" lon="7.476463"><ele>733</ele></trkpt><trkpt lat="43.865391" lon="7.476497"><ele>734</ele></trkpt><trkpt lat="43.865337" lon="7.476515"><ele>734</ele></trkpt><trkpt lat="43.865309" lon="7.476537"><ele>734</ele></trkpt><trkpt lat="43.865272" lon="7.476634"><ele>734</ele></trkpt><trkpt lat="43.865225" lon="7.476718"><ele>734</ele></trkpt><trkpt lat="43.864663" lon="7.476819"><ele>742</ele></trkpt><trkpt lat="43.864354" lon="7.476814"><ele>747</ele></trkpt><trkpt lat="43.864383" lon="7.477076"><ele>746</ele></trkpt><trkpt lat="43.864140" lon="7.476989"><ele>752</ele></trkpt><trkpt lat="43.863852" lon="7.476836"><ele>764</ele></trkpt><trkpt lat="43.863835" lon="7.476892"><ele>764</ele></trkpt><trkpt lat="43.863631" lon="7.476767"><ele>773</ele></trkpt><trkpt lat="43.863375" lon="7.476703"><ele>785</ele></trkpt><trkpt lat="43.863227" lon="7.476616"><ele>793</ele></trkpt><trkpt lat="43.863204" lon="7.476697"><ele>793</ele></trkpt><trkpt lat="43.863058" lon="7.476588"><ele>801</ele></trkpt><trkpt lat="43.863042" lon="7.476670"><ele>800</ele></trkpt><trkpt lat="43.863093" lon="7.476770"><ele>796</ele></trkpt><trkpt lat="43.863079" lon="7.476801"><ele>797</ele></trkpt><trkpt lat="43.862799" lon="7.476619"><ele>810</ele></trkpt><trkpt lat="43.862753" lon="7.476629"><ele>811</ele></trkpt><trkpt lat="43.862704" lon="7.476570"><ele>814</ele></trkpt><trkpt lat="43.862686" lon="7.476556"><ele>815</ele></trkpt><trkpt lat="43.862644" lon="7.476551"><ele>816</ele></trkpt><trkpt lat="43.862667" lon="7.476689"><ele>811</ele></trkpt><trkpt lat="43.862667" lon="7.476805"><ele>809</ele></trkpt><trkpt lat="43.862651" lon="7.476849"><ele>808</ele></trkpt><trkpt lat="43.862598" lon="7.476881"><ele>808</ele></trkpt><trkpt lat="43.862561" lon="7.476891"><ele>809</ele></trkpt><trkpt lat="43.862561" lon="7.476891"><ele>809</ele></trkpt><trkpt lat="43.862463" lon="7.476943"><ele>809</ele></trkpt><trkpt lat="43.862405" lon="7.477003"><ele>808</ele></trkpt><trkpt lat="43.862257" lon="7.477010"><ele>809</ele></trkpt><trkpt lat="43.862167" lon="7.477076"><ele>808</ele></trkpt><trkpt lat="43.861993" lon="7.477057"><ele>808</ele></trkpt><trkpt lat="43.861667" lon="7.477094"><ele>805</ele></trkpt><trkpt lat="43.861084" lon="7.477018"><ele>795</ele></trkpt><trkpt lat="43.860725" lon="7.476764"><ele>790</ele></trkpt><trkpt lat="43.860442" lon="7.476256"><ele>795</ele></trkpt><trkpt lat="43.860208" lon="7.475962"><ele>799</ele></trkpt><trkpt lat="43.860051" lon="7.475903"><ele>799</ele></trkpt><trkpt lat="43.860051" lon="7.475903"><ele>799</ele></trkpt><trkpt lat="43.859958" lon="7.475836"><ele>801</ele></trkpt><trkpt lat="43.859515" lon="7.475518"><ele>812</ele></trkpt><trkpt lat="43.859246" lon="7.475953"><ele>801</ele></trkpt><trkpt lat="43.859133" lon="7.476012"><ele>801</ele></trkpt><trkpt lat="43.858436" lon="7.476588"><ele>802</ele></trkpt><trkpt lat="43.857335" lon="7.477640"><ele>816</ele></trkpt><trkpt lat="43.856915" lon="7.478095"><ele>822</ele></trkpt><trkpt lat="43.856339" lon="7.478351"><ele>832</ele></trkpt><trkpt lat="43.856085" lon="7.478309"><ele>837</ele></trkpt><trkpt lat="43.855986" lon="7.478438"><ele>836</ele></trkpt><trkpt lat="43.855951" lon="7.478566"><ele>836</ele></trkpt><trkpt lat="43.856036" lon="7.479039"><ele>830</ele></trkpt><trkpt lat="43.856321" lon="7.479331"><ele>823</ele></trkpt><trkpt lat="43.856469" lon="7.479727"><ele>824</ele></trkpt><trkpt lat="43.856583" lon="7.479878"><ele>824</ele></trkpt><trkpt lat="43.856537" lon="7.480008"><ele>826</ele></trkpt><trkpt lat="43.856280" lon="7.480360"><ele>833</ele></trkpt><trkpt lat="43.856036" lon="7.480455"><ele>837</ele></trkpt><trkpt lat="43.855153" lon="7.480937"><ele>851</ele></trkpt><trkpt lat="43.854863" lon="7.481207"><ele>851</ele></trkpt><trkpt lat="43.854657" lon="7.481341"><ele>853</ele></trkpt><trkpt lat="43.854657" lon="7.481341"><ele>853</ele></trkpt><trkpt lat="43.854434" lon="7.481311"><ele>861</ele></trkpt><trkpt lat="43.854137" lon="7.481408"><ele>867</ele></trkpt><trkpt lat="43.853963" lon="7.481377"><ele>874</ele></trkpt><trkpt lat="43.853607" lon="7.481561"><ele>880</ele></trkpt><trkpt lat="43.853430" lon="7.481827"><ele>878</ele></trkpt><trkpt lat="43.852617" lon="7.482208"><ele>892</ele></trkpt><trkpt lat="43.852502" lon="7.482375"><ele>892</ele></trkpt><trkpt lat="43.852386" lon="7.482552"><ele>898</ele></trkpt><trkpt lat="43.852113" lon="7.482599"><ele>912</ele></trkpt><trkpt lat="43.852132" lon="7.482462"><ele>908</ele></trkpt><trkpt lat="43.852004" lon="7.482429"><ele>915</ele></trkpt><trkpt lat="43.852026" lon="7.482310"><ele>907</ele></trkpt><trkpt lat="43.851968" lon="7.482213"><ele>909</ele></trkpt><trkpt lat="43.851554" lon="7.482484"><ele>945</ele></trkpt><trkpt lat="43.851516" lon="7.482579"><ele>947</ele></trkpt><trkpt lat="43.851496" lon="7.482628"><ele>948</ele></trkpt><trkpt lat="43.851591" lon="7.482835"><ele>944</ele></trkpt><trkpt lat="43.851907" lon="7.483483"><ele>940</ele></trkpt><trkpt lat="43.851921" lon="7.483731"><ele>944</ele></trkpt><trkpt lat="43.852206" lon="7.484357"><ele>940</ele></trkpt><trkpt lat="43.852157" lon="7.484515"><ele>944</ele></trkpt><trkpt lat="43.852064" lon="7.484648"><ele>949</ele></trkpt><trkpt lat="43.851779" lon="7.484837"><ele>964</ele></trkpt><trkpt lat="43.851633" lon="7.485266"><ele>969</ele></trkpt><trkpt lat="43.851328" lon="7.485548"><ele>983</ele></trkpt><trkpt lat="43.850685" lon="7.485988"><ele>1019</ele></trkpt><trkpt lat="43.850460" lon="7.486240"><ele>1028</ele></trkpt><trkpt lat="43.850263" lon="7.486485"><ele>1036</ele></trkpt><trkpt lat="43.850223" lon="7.486643"><ele>1036</ele></trkpt><trkpt lat="43.850126" lon="7.486620"><ele>1040</ele></trkpt><trkpt lat="43.849970" lon="7.486740"><ele>1043</ele></trkpt><trkpt lat="43.849970" lon="7.486740"><ele>1043</ele></trkpt><trkpt lat="43.849909" lon="7.486874"><ele>1043</ele></trkpt><trkpt lat="43.849885" lon="7.486949"><ele>1043</ele></trkpt><trkpt lat="43.849871" lon="7.487015"><ele>1043</ele></trkpt><trkpt lat="43.849778" lon="7.487261"><ele>1043</ele></trkpt><trkpt lat="43.849621" lon="7.487589"><ele>1044</ele></trkpt><trkpt lat="43.849474" lon="7.488077"><ele>1047</ele></trkpt><trkpt lat="43.849443" lon="7.488164"><ele>1047</ele></trkpt><trkpt lat="43.849420" lon="7.488232"><ele>1048</ele></trkpt><trkpt lat="43.849381" lon="7.488343"><ele>1049</ele></trkpt><trkpt lat="43.849095" lon="7.488552"><ele>1045</ele></trkpt><trkpt lat="43.848971" lon="7.488672"><ele>1043</ele></trkpt><trkpt lat="43.848530" lon="7.489302"><ele>1042</ele></trkpt><trkpt lat="43.848385" lon="7.489504"><ele>1042</ele></trkpt><trkpt lat="43.848100" lon="7.489899"><ele>1038</ele></trkpt><trkpt lat="43.848051" lon="7.490212"><ele>1042</ele></trkpt><trkpt lat="43.847714" lon="7.490733"><ele>1035</ele></trkpt><trkpt lat="43.847704" lon="7.490823"><ele>1036</ele></trkpt><trkpt lat="43.847692" lon="7.490944"><ele>1038</ele></trkpt><trkpt lat="43.847559" lon="7.491062"><ele>1035</ele></trkpt><trkpt lat="43.847277" lon="7.491557"><ele>1031</ele></trkpt><trkpt lat="43.847167" lon="7.491717"><ele>1028</ele></trkpt><trkpt lat="43.847164" lon="7.491907"><ele>1030</ele></trkpt><trkpt lat="43.847147" lon="7.491995"><ele>1030</ele></trkpt><trkpt lat="43.847233" lon="7.492352"><ele>1036</ele></trkpt><trkpt lat="43.847105" lon="7.492579"><ele>1032</ele></trkpt><trkpt lat="43.847029" lon="7.492822"><ele>1031</ele></trkpt><trkpt lat="43.846900" lon="7.493072"><ele>1029</ele></trkpt><trkpt lat="43.846652" lon="7.493297"><ele>1023</ele></trkpt><trkpt lat="43.846553" lon="7.493433"><ele>1023</ele></trkpt><trkpt lat="43.846357" lon="7.493539"><ele>1019</ele></trkpt><trkpt lat="43.846115" lon="7.493706"><ele>1015</ele></trkpt><trkpt lat="43.846027" lon="7.493858"><ele>1015</ele></trkpt><trkpt lat="43.845984" lon="7.494167"><ele>1021</ele></trkpt><trkpt lat="43.845932" lon="7.494411"><ele>1025</ele></trkpt><trkpt lat="43.845811" lon="7.494757"><ele>1028</ele></trkpt><trkpt lat="43.845773" lon="7.495093"><ele>1033</ele></trkpt><trkpt lat="43.845614" lon="7.495701"><ele>1038</ele></trkpt><trkpt lat="43.845539" lon="7.495865"><ele>1039</ele></trkpt><trkpt lat="43.845511" lon="7.496015"><ele>1041</ele></trkpt><trkpt lat="43.845363" lon="7.496195"><ele>1040</ele></trkpt><trkpt lat="43.845309" lon="7.496351"><ele>1043</ele></trkpt><trkpt lat="43.844981" lon="7.496834"><ele>1046</ele></trkpt><trkpt lat="43.844961" lon="7.496979"><ele>1049</ele></trkpt><trkpt lat="43.844870" lon="7.497228"><ele>1053</ele></trkpt><trkpt lat="43.844756" lon="7.497449"><ele>1055</ele></trkpt><trkpt lat="43.844523" lon="7.497752"><ele>1057</ele></trkpt><trkpt lat="43.844475" lon="7.497875"><ele>1060</ele></trkpt><trkpt lat="43.844461" lon="7.498095"><ele>1064</ele></trkpt><trkpt lat="43.844427" lon="7.498280"><ele>1068</ele></trkpt><trkpt lat="43.844464" lon="7.498364"><ele>1069</ele></trkpt><trkpt lat="43.844390" lon="7.498428"><ele>1070</ele></trkpt><trkpt lat="43.844339" lon="7.498732"><ele>1074</ele></trkpt><trkpt lat="43.844120" lon="7.499372"><ele>1082</ele></trkpt><trkpt lat="43.844084" lon="7.499617"><ele>1082</ele></trkpt><trkpt lat="43.844025" lon="7.499650"><ele>1082</ele></trkpt><trkpt lat="43.844025" lon="7.499650"><ele>1082</ele></trkpt><trkpt lat="43.843947" lon="7.499715"><ele>1081</ele></trkpt><trkpt lat="43.843798" lon="7.499784"><ele>1082</ele></trkpt><trkpt lat="43.843741" lon="7.499999"><ele>1081</ele></trkpt><trkpt lat="43.843625" lon="7.500170"><ele>1081</ele></trkpt><trkpt lat="43.843416" lon="7.500314"><ele>1088</ele></trkpt><trkpt lat="43.843290" lon="7.500329"><ele>1091</ele></trkpt><trkpt lat="43.843145" lon="7.500466"><ele>1094</ele></trkpt><trkpt lat="43.843028" lon="7.500668"><ele>1097</ele></trkpt><trkpt lat="43.842923" lon="7.500737"><ele>1099</ele></trkpt><trkpt lat="43.842898" lon="7.500824"><ele>1100</ele></trkpt><trkpt lat="43.842797" lon="7.500839"><ele>1101</ele></trkpt><trkpt lat="43.842718" lon="7.500904"><ele>1103</ele></trkpt><trkpt lat="43.842661" lon="7.501092"><ele>1105</ele></trkpt><trkpt lat="43.842600" lon="7.501156"><ele>1106</ele></trkpt><trkpt lat="43.842539" lon="7.501386"><ele>1109</ele></trkpt><trkpt lat="43.842539" lon="7.501386"><ele>1109</ele></trkpt><trkpt lat="43.842485" lon="7.501374"><ele>1110</ele></trkpt><trkpt lat="43.842319" lon="7.501424"><ele>1112</ele></trkpt><trkpt lat="43.842027" lon="7.501531"><ele>1116</ele></trkpt><trkpt lat="43.841557" lon="7.501648"><ele>1116</ele></trkpt><trkpt lat="43.841165" lon="7.501607"><ele>1110</ele></trkpt><trkpt lat="43.840692" lon="7.501608"><ele>1098</ele></trkpt><trkpt lat="43.840560" lon="7.501654"><ele>1094</ele></trkpt><trkpt lat="43.840463" lon="7.501703"><ele>1091</ele></trkpt><trkpt lat="43.840263" lon="7.501876"><ele>1084</ele></trkpt><trkpt lat="43.840166" lon="7.501935"><ele>1081</ele></trkpt><trkpt lat="43.839963" lon="7.502027"><ele>1074</ele></trkpt><trkpt lat="43.839779" lon="7.502147"><ele>1069</ele></trkpt><trkpt lat="43.839655" lon="7.502257"><ele>1065</ele></trkpt><trkpt lat="43.839182" lon="7.502688"><ele>1062</ele></trkpt><trkpt lat="43.839079" lon="7.502726"><ele>1061</ele></trkpt><trkpt lat="43.838799" lon="7.502756"><ele>1055</ele></trkpt><trkpt lat="43.838569" lon="7.502782"><ele>1050</ele></trkpt><trkpt lat="43.838369" lon="7.502806"><ele>1045</ele></trkpt><trkpt lat="43.838190" lon="7.502862"><ele>1041</ele></trkpt><trkpt lat="43.837976" lon="7.502962"><ele>1037</ele></trkpt><trkpt lat="43.836432" lon="7.503507"><ele>1009</ele></trkpt><trkpt lat="43.836113" lon="7.503545"><ele>1004</ele></trkpt><trkpt lat="43.835890" lon="7.503504"><ele>999</ele></trkpt><trkpt lat="43.835584" lon="7.503566"><ele>996</ele></trkpt><trkpt lat="43.834946" lon="7.503664"><ele>988</ele></trkpt><trkpt lat="43.834225" lon="7.503442"><ele>981</ele></trkpt><trkpt lat="43.833269" lon="7.503291"><ele>980</ele></trkpt><trkpt lat="43.833103" lon="7.503324"><ele>981</ele></trkpt><trkpt lat="43.833049" lon="7.503343"><ele>980</ele></trkpt><trkpt lat="43.833001" lon="7.503372"><ele>980</ele></trkpt><trkpt lat="43.833001" lon="7.503372"><ele>980</ele></trkpt><trkpt lat="43.832850" lon="7.503139"><ele>981</ele></trkpt><trkpt lat="43.832724" lon="7.503118"><ele>981</ele></trkpt><trkpt lat="43.832441" lon="7.503157"><ele>981</ele></trkpt><trkpt lat="43.832144" lon="7.503295"><ele>980</ele></trkpt><trkpt lat="43.831724" lon="7.503423"><ele>976</ele></trkpt><trkpt lat="43.831136" lon="7.503449"><ele>964</ele></trkpt><trkpt lat="43.830370" lon="7.503543"><ele>947</ele></trkpt><trkpt lat="43.829857" lon="7.503714"><ele>932</ele></trkpt><trkpt lat="43.829443" lon="7.503851"><ele>918</ele></trkpt><trkpt lat="43.829084" lon="7.504074"><ele>900</ele></trkpt><trkpt lat="43.828732" lon="7.504126"><ele>883</ele></trkpt><trkpt lat="43.828515" lon="7.504143"><ele>875</ele></trkpt><trkpt lat="43.828311" lon="7.504203"><ele>869</ele></trkpt><trkpt lat="43.828287" lon="7.504331"><ele>869</ele></trkpt><trkpt lat="43.828182" lon="7.504289"><ele>866</ele></trkpt><trkpt lat="43.828132" lon="7.504285"><ele>864</ele></trkpt><trkpt lat="43.828132" lon="7.504301"><ele>864</ele></trkpt><trkpt lat="43.828142" lon="7.504321"><ele>865</ele></trkpt><trkpt lat="43.828122" lon="7.504342"><ele>864</ele></trkpt><trkpt lat="43.828013" lon="7.504302"><ele>861</ele></trkpt><trkpt lat="43.828006" lon="7.504343"><ele>861</ele></trkpt><trkpt lat="43.827891" lon="7.504340"><ele>857</ele></trkpt><trkpt lat="43.827804" lon="7.504311"><ele>854</ele></trkpt><trkpt lat="43.827781" lon="7.504335"><ele>853</ele></trkpt><trkpt lat="43.827839" lon="7.504401"><ele>855</ele></trkpt><trkpt lat="43.827839" lon="7.504434"><ele>856</ele></trkpt><trkpt lat="43.827824" lon="7.504441"><ele>855</ele></trkpt><trkpt lat="43.827773" lon="7.504403"><ele>853</ele></trkpt><trkpt lat="43.827753" lon="7.504399"><ele>853</ele></trkpt><trkpt lat="43.827753" lon="7.504423"><ele>853</ele></trkpt><trkpt lat="43.827774" lon="7.504443"><ele>854</ele></trkpt><trkpt lat="43.827996" lon="7.504764"><ele>862</ele></trkpt><trkpt lat="43.827998" lon="7.504806"><ele>862</ele></trkpt><trkpt lat="43.827998" lon="7.504806"><ele>862</ele></trkpt><trkpt lat="43.827894" lon="7.504790"><ele>859</ele></trkpt><trkpt lat="43.827777" lon="7.504721"><ele>855</ele></trkpt><trkpt lat="43.827669" lon="7.504724"><ele>851</ele></trkpt><trkpt lat="43.827496" lon="7.504646"><ele>846</ele></trkpt><trkpt lat="43.826990" lon="7.504239"><ele>825</ele></trkpt><trkpt lat="43.826867" lon="7.504038"><ele>818</ele></trkpt><trkpt lat="43.826837" lon="7.504217"><ele>815</ele></trkpt><trkpt lat="43.826746" lon="7.504190"><ele>809</ele></trkpt><trkpt lat="43.826707" lon="7.504198"><ele>806</ele></trkpt><trkpt lat="43.826707" lon="7.504198"><ele>806</ele></trkpt><trkpt lat="43.826706" lon="7.504319"><ele>803</ele></trkpt><trkpt lat="43.826736" lon="7.504485"><ele>806</ele></trkpt><trkpt lat="43.826728" lon="7.504538"><ele>806</ele></trkpt><trkpt lat="43.826598" lon="7.504887"><ele>814</ele></trkpt><trkpt lat="43.826389" lon="7.505216"><ele>820</ele></trkpt><trkpt lat="43.826270" lon="7.505319"><ele>819</ele></trkpt><trkpt lat="43.826184" lon="7.505352"><ele>818</ele></trkpt><trkpt lat="43.825744" lon="7.505606"><ele>816</ele></trkpt><trkpt lat="43.825301" lon="7.505788"><ele>816</ele></trkpt><trkpt lat="43.825046" lon="7.505893"><ele>817</ele></trkpt><trkpt lat="43.824627" lon="7.505960"><ele>815</ele></trkpt><trkpt lat="43.824305" lon="7.506148"><ele>817</ele></trkpt><trkpt lat="43.824105" lon="7.506263"><ele>818</ele></trkpt><trkpt lat="43.823987" lon="7.506307"><ele>818</ele></trkpt><trkpt lat="43.823913" lon="7.506353"><ele>819</ele></trkpt><trkpt lat="43.823913" lon="7.506353"><ele>819</ele></trkpt><trkpt lat="43.823838" lon="7.506346"><ele>819</ele></trkpt><trkpt lat="43.823747" lon="7.506348"><ele>818</ele></trkpt><trkpt lat="43.823685" lon="7.506338"><ele>818</ele></trkpt><trkpt lat="43.823358" lon="7.506146"><ele>816</ele></trkpt><trkpt lat="43.823193" lon="7.506007"><ele>815</ele></trkpt><trkpt lat="43.823023" lon="7.505845"><ele>813</ele></trkpt><trkpt lat="43.822860" lon="7.505714"><ele>811</ele></trkpt><trkpt lat="43.822609" lon="7.505439"><ele>807</ele></trkpt><trkpt lat="43.822409" lon="7.505152"><ele>804</ele></trkpt><trkpt lat="43.822176" lon="7.504736"><ele>799</ele></trkpt><trkpt lat="43.822079" lon="7.504590"><ele>796</ele></trkpt><trkpt lat="43.821934" lon="7.504438"><ele>793</ele></trkpt><trkpt lat="43.821866" lon="7.504322"><ele>790</ele></trkpt><trkpt lat="43.821866" lon="7.504322"><ele>790</ele></trkpt><trkpt lat="43.821838" lon="7.504358"><ele>790</ele></trkpt><trkpt lat="43.821811" lon="7.504510"><ele>794</ele></trkpt><trkpt lat="43.821800" lon="7.504557"><ele>795</ele></trkpt><trkpt lat="43.821789" lon="7.504702"><ele>798</ele></trkpt><trkpt lat="43.821744" lon="7.504865"><ele>802</ele></trkpt><trkpt lat="43.821751" lon="7.504955"><ele>804</ele></trkpt><trkpt lat="43.821718" lon="7.505042"><ele>806</ele></trkpt><trkpt lat="43.821685" lon="7.505068"><ele>807</ele></trkpt><trkpt lat="43.821649" lon="7.505282"><ele>811</ele></trkpt><trkpt lat="43.821664" lon="7.505329"><ele>812</ele></trkpt><trkpt lat="43.821701" lon="7.505386"><ele>813</ele></trkpt><trkpt lat="43.821729" lon="7.505445"><ele>814</ele></trkpt><trkpt lat="43.821757" lon="7.505578"><ele>817</ele></trkpt><trkpt lat="43.821750" lon="7.505662"><ele>818</ele></trkpt><trkpt lat="43.821724" lon="7.505751"><ele>820</ele></trkpt><trkpt lat="43.821602" lon="7.505860"><ele>822</ele></trkpt><trkpt lat="43.821417" lon="7.506000"><ele>825</ele></trkpt><trkpt lat="43.821354" lon="7.506055"><ele>827</ele></trkpt><trkpt lat="43.821320" lon="7.506051"><ele>827</ele></trkpt><trkpt lat="43.821257" lon="7.505952"><ele>825</ele></trkpt><trkpt lat="43.821198" lon="7.505877"><ele>824</ele></trkpt><trkpt lat="43.821107" lon="7.505875"><ele>825</ele></trkpt><trkpt lat="43.821022" lon="7.505908"><ele>827</ele></trkpt><trkpt lat="43.820928" lon="7.506008"><ele>830</ele></trkpt><trkpt lat="43.820861" lon="7.506091"><ele>833</ele></trkpt><trkpt lat="43.820795" lon="7.506119"><ele>835</ele></trkpt><trkpt lat="43.820659" lon="7.506134"><ele>838</ele></trkpt><trkpt lat="43.820382" lon="7.506216"><ele>845</ele></trkpt><trkpt lat="43.820207" lon="7.506332"><ele>851</ele></trkpt><trkpt lat="43.820129" lon="7.506379"><ele>853</ele></trkpt><trkpt lat="43.820056" lon="7.506393"><ele>854</ele></trkpt><trkpt lat="43.820002" lon="7.506395"><ele>855</ele></trkpt><trkpt lat="43.819893" lon="7.506388"><ele>857</ele></trkpt><trkpt lat="43.819856" lon="7.506399"><ele>857</ele></trkpt><trkpt lat="43.819807" lon="7.506426"><ele>858</ele></trkpt><trkpt lat="43.819801" lon="7.506460"><ele>858</ele></trkpt><trkpt lat="43.819805" lon="7.506499"><ele>859</ele></trkpt><trkpt lat="43.819846" lon="7.506760"><ele>864</ele></trkpt><trkpt lat="43.819837" lon="7.506833"><ele>865</ele></trkpt><trkpt lat="43.819794" lon="7.506904"><ele>867</ele></trkpt><trkpt lat="43.819778" lon="7.506952"><ele>868</ele></trkpt><trkpt lat="43.819825" lon="7.507152"><ele>872</ele></trkpt><trkpt lat="43.819832" lon="7.507264"><ele>874</ele></trkpt><trkpt lat="43.819823" lon="7.507397"><ele>876</ele></trkpt><trkpt lat="43.819805" lon="7.507421"><ele>877</ele></trkpt><trkpt lat="43.819732" lon="7.507381"><ele>877</ele></trkpt><trkpt lat="43.819692" lon="7.507373"><ele>877</ele></trkpt><trkpt lat="43.819648" lon="7.507379"><ele>877</ele></trkpt><trkpt lat="43.819600" lon="7.507421"><ele>878</ele></trkpt><trkpt lat="43.819561" lon="7.507406"><ele>877</ele></trkpt><trkpt lat="43.819550" lon="7.507443"><ele>878</ele></trkpt><trkpt lat="43.819556" lon="7.507571"><ele>881</ele></trkpt><trkpt lat="43.819522" lon="7.507738"><ele>884</ele></trkpt><trkpt lat="43.819487" lon="7.507824"><ele>886</ele></trkpt><trkpt lat="43.819319" lon="7.507966"><ele>889</ele></trkpt><trkpt lat="43.819251" lon="7.508092"><ele>892</ele></trkpt><trkpt lat="43.819210" lon="7.508129"><ele>893</ele></trkpt><trkpt lat="43.819201" lon="7.508177"><ele>895</ele></trkpt><trkpt lat="43.819204" lon="7.508239"><ele>896</ele></trkpt><trkpt lat="43.819187" lon="7.508273"><ele>897</ele></trkpt><trkpt lat="43.819200" lon="7.508314"><ele>898</ele></trkpt><trkpt lat="43.819218" lon="7.508362"><ele>899</ele></trkpt><trkpt lat="43.819209" lon="7.508409"><ele>900</ele></trkpt><trkpt lat="43.819169" lon="7.508433"><ele>901</ele></trkpt><trkpt lat="43.819115" lon="7.508441"><ele>901</ele></trkpt><trkpt lat="43.819095" lon="7.508517"><ele>903</ele></trkpt><trkpt lat="43.819058" lon="7.508585"><ele>904</ele></trkpt><trkpt lat="43.819026" lon="7.508742"><ele>908</ele></trkpt><trkpt lat="43.818932" lon="7.508815"><ele>909</ele></trkpt><trkpt lat="43.818878" lon="7.508883"><ele>910</ele></trkpt><trkpt lat="43.818788" lon="7.509120"><ele>915</ele></trkpt><trkpt lat="43.818748" lon="7.509205"><ele>917</ele></trkpt><trkpt lat="43.818690" lon="7.509259"><ele>918</ele></trkpt><trkpt lat="43.818635" lon="7.509302"><ele>919</ele></trkpt><trkpt lat="43.818592" lon="7.509401"><ele>921</ele></trkpt><trkpt lat="43.818566" lon="7.509480"><ele>923</ele></trkpt><trkpt lat="43.818566" lon="7.509480"><ele>923</ele></trkpt><trkpt lat="43.818554" lon="7.509584"><ele>925</ele></trkpt><trkpt lat="43.818495" lon="7.509732"><ele>928</ele></trkpt><trkpt lat="43.818441" lon="7.509775"><ele>929</ele></trkpt><trkpt lat="43.818412" lon="7.509821"><ele>930</ele></trkpt><trkpt lat="43.818317" lon="7.509833"><ele>931</ele></trkpt><trkpt lat="43.818269" lon="7.509883"><ele>932</ele></trkpt><trkpt lat="43.818170" lon="7.509957"><ele>934</ele></trkpt><trkpt lat="43.817982" lon="7.509977"><ele>936</ele></trkpt><trkpt lat="43.817916" lon="7.510018"><ele>938</ele></trkpt><trkpt lat="43.817861" lon="7.510060"><ele>940</ele></trkpt><trkpt lat="43.817893" lon="7.510129"><ele>941</ele></trkpt><trkpt lat="43.817818" lon="7.510208"><ele>944</ele></trkpt><trkpt lat="43.817901" lon="7.510259"><ele>944</ele></trkpt><trkpt lat="43.818067" lon="7.510453"><ele>947</ele></trkpt><trkpt lat="43.818028" lon="7.510524"><ele>949</ele></trkpt><trkpt lat="43.818242" lon="7.510777"><ele>955</ele></trkpt><trkpt lat="43.818387" lon="7.511144"><ele>965</ele></trkpt><trkpt lat="43.818546" lon="7.511347"><ele>972</ele></trkpt><trkpt lat="43.818618" lon="7.511385"><ele>974</ele></trkpt><trkpt lat="43.818715" lon="7.511469"><ele>977</ele></trkpt><trkpt lat="43.818626" lon="7.511565"><ele>980</ele></trkpt><trkpt lat="43.818631" lon="7.511594"><ele>981</ele></trkpt><trkpt lat="43.818598" lon="7.511652"><ele>983</ele></trkpt><trkpt lat="43.818641" lon="7.511669"><ele>984</ele></trkpt><trkpt lat="43.818621" lon="7.511728"><ele>986</ele></trkpt><trkpt lat="43.818563" lon="7.511812"><ele>989</ele></trkpt><trkpt lat="43.818520" lon="7.511893"><ele>992</ele></trkpt><trkpt lat="43.818456" lon="7.511920"><ele>993</ele></trkpt><trkpt lat="43.818385" lon="7.511963"><ele>994</ele></trkpt><trkpt lat="43.818317" lon="7.511982"><ele>994</ele></trkpt><trkpt lat="43.818267" lon="7.512069"><ele>998</ele></trkpt><trkpt lat="43.818148" lon="7.512158"><ele>1001</ele></trkpt><trkpt lat="43.818077" lon="7.512167"><ele>1002</ele></trkpt><trkpt lat="43.818011" lon="7.512208"><ele>1003</ele></trkpt><trkpt lat="43.817944" lon="7.512223"><ele>1005</ele></trkpt><trkpt lat="43.817880" lon="7.512273"><ele>1007</ele></trkpt><trkpt lat="43.817758" lon="7.512227"><ele>1007</ele></trkpt><trkpt lat="43.817637" lon="7.512221"><ele>1008</ele></trkpt><trkpt lat="43.817551" lon="7.512273"><ele>1011</ele></trkpt><trkpt lat="43.817491" lon="7.512349"><ele>1014</ele></trkpt><trkpt lat="43.817415" lon="7.512433"><ele>1018</ele></trkpt><trkpt lat="43.817402" lon="7.512490"><ele>1020</ele></trkpt><trkpt lat="43.817347" lon="7.512530"><ele>1022</ele></trkpt><trkpt lat="43.817297" lon="7.512556"><ele>1024</ele></trkpt><trkpt lat="43.817245" lon="7.512551"><ele>1024</ele></trkpt><trkpt lat="43.817156" lon="7.512563"><ele>1026</ele></trkpt><trkpt lat="43.817092" lon="7.512559"><ele>1027</ele></trkpt><trkpt lat="43.817005" lon="7.512595"><ele>1030</ele></trkpt><trkpt lat="43.816951" lon="7.512593"><ele>1031</ele></trkpt><trkpt lat="43.816850" lon="7.512618"><ele>1034</ele></trkpt><trkpt lat="43.816755" lon="7.512645"><ele>1037</ele></trkpt><trkpt lat="43.816641" lon="7.512714"><ele>1041</ele></trkpt><trkpt lat="43.816574" lon="7.512732"><ele>1043</ele></trkpt><trkpt lat="43.816412" lon="7.512658"><ele>1045</ele></trkpt><trkpt lat="43.816332" lon="7.512605"><ele>1046</ele></trkpt><trkpt lat="43.816106" lon="7.512672"><ele>1054</ele></trkpt><trkpt lat="43.815914" lon="7.512645"><ele>1059</ele></trkpt><trkpt lat="43.815953" lon="7.512824"><ele>1061</ele></trkpt><trkpt lat="43.815882" lon="7.512736"><ele>1062</ele></trkpt><trkpt lat="43.815776" lon="7.512570"><ele>1063</ele></trkpt><trkpt lat="43.815710" lon="7.512660"><ele>1067</ele></trkpt><trkpt lat="43.815687" lon="7.512911"><ele>1071</ele></trkpt><trkpt lat="43.815626" lon="7.512843"><ele>1072</ele></trkpt><trkpt lat="43.815562" lon="7.512657"><ele>1072</ele></trkpt><trkpt lat="43.815527" lon="7.512768"><ele>1075</ele></trkpt><trkpt lat="43.815469" lon="7.512716"><ele>1076</ele></trkpt><trkpt lat="43.815381" lon="7.512890"><ele>1080</ele></trkpt><trkpt lat="43.815333" lon="7.513054"><ele>1084</ele></trkpt><trkpt lat="43.815132" lon="7.513000"><ele>1089</ele></trkpt><trkpt lat="43.814968" lon="7.513015"><ele>1093</ele></trkpt><trkpt lat="43.814968" lon="7.513015"><ele>1093</ele></trkpt><trkpt lat="43.814893" lon="7.512994"><ele>1094</ele></trkpt><trkpt lat="43.814584" lon="7.512784"><ele>1098</ele></trkpt><trkpt lat="43.814487" lon="7.512735"><ele>1098</ele></trkpt><trkpt lat="43.814422" lon="7.512776"><ele>1098</ele></trkpt><trkpt lat="43.814149" lon="7.512691"><ele>1091</ele></trkpt><trkpt lat="43.814082" lon="7.512689"><ele>1088</ele></trkpt><trkpt lat="43.813932" lon="7.512652"><ele>1080</ele></trkpt><trkpt lat="43.813903" lon="7.512709"><ele>1078</ele></trkpt><trkpt lat="43.813771" lon="7.512657"><ele>1069</ele></trkpt><trkpt lat="43.813712" lon="7.512694"><ele>1064</ele></trkpt><trkpt lat="43.813699" lon="7.512741"><ele>1063</ele></trkpt><trkpt lat="43.813710" lon="7.512838"><ele>1062</ele></trkpt><trkpt lat="43.813742" lon="7.512974"><ele>1063</ele></trkpt><trkpt lat="43.813743" lon="7.513085"><ele>1061</ele></trkpt><trkpt lat="43.813725" lon="7.513195"><ele>1058</ele></trkpt><trkpt lat="43.813737" lon="7.513395"><ele>1056</ele></trkpt><trkpt lat="43.813702" lon="7.513574"><ele>1051</ele></trkpt><trkpt lat="43.813571" lon="7.513768"><ele>1041</ele></trkpt><trkpt lat="43.813510" lon="7.513917"><ele>1036</ele></trkpt><trkpt lat="43.813388" lon="7.514056"><ele>1028</ele></trkpt><trkpt lat="43.813330" lon="7.514052"><ele>1024</ele></trkpt><trkpt lat="43.813252" lon="7.514115"><ele>1020</ele></trkpt><trkpt lat="43.813178" lon="7.514170"><ele>1015</ele></trkpt><trkpt lat="43.813167" lon="7.514143"><ele>1015</ele></trkpt><trkpt lat="43.813156" lon="7.514036"><ele>1014</ele></trkpt><trkpt lat="43.813134" lon="7.514020"><ele>1013</ele></trkpt><trkpt lat="43.813104" lon="7.514026"><ele>1011</ele></trkpt><trkpt lat="43.812699" lon="7.514381"><ele>991</ele></trkpt><trkpt lat="43.812689" lon="7.514367"><ele>990</ele></trkpt><trkpt lat="43.812673" lon="7.514219"><ele>987</ele></trkpt><trkpt lat="43.812660" lon="7.514170"><ele>986</ele></trkpt><trkpt lat="43.812656" lon="7.514064"><ele>986</ele></trkpt><trkpt lat="43.812635" lon="7.514024"><ele>984</ele></trkpt><trkpt lat="43.812595" lon="7.514085"><ele>983</ele></trkpt><trkpt lat="43.812578" lon="7.514047"><ele>981</ele></trkpt><trkpt lat="43.812561" lon="7.513983"><ele>980</ele></trkpt><trkpt lat="43.812521" lon="7.514020"><ele>978</ele></trkpt><trkpt lat="43.812504" lon="7.514015"><ele>977</ele></trkpt><trkpt lat="43.812505" lon="7.513894"><ele>977</ele></trkpt><trkpt lat="43.812478" lon="7.513877"><ele>976</ele></trkpt><trkpt lat="43.812459" lon="7.513920"><ele>975</ele></trkpt><trkpt lat="43.812324" lon="7.514056"><ele>968</ele></trkpt><trkpt lat="43.812198" lon="7.514226"><ele>963</ele></trkpt><trkpt lat="43.812179" lon="7.514111"><ele>961</ele></trkpt><trkpt lat="43.812152" lon="7.514079"><ele>960</ele></trkpt><trkpt lat="43.812122" lon="7.514103"><ele>959</ele></trkpt><trkpt lat="43.812084" lon="7.514230"><ele>958</ele></trkpt><trkpt lat="43.812060" lon="7.514264"><ele>957</ele></trkpt><trkpt lat="43.812026" lon="7.514193"><ele>955</ele></trkpt><trkpt lat="43.811969" lon="7.514209"><ele>953</ele></trkpt><trkpt lat="43.811931" lon="7.514242"><ele>951</ele></trkpt><trkpt lat="43.811911" lon="7.514206"><ele>950</ele></trkpt><trkpt lat="43.811880" lon="7.514228"><ele>949</ele></trkpt><trkpt lat="43.811796" lon="7.514325"><ele>946</ele></trkpt><trkpt lat="43.811765" lon="7.514351"><ele>946</ele></trkpt><trkpt lat="43.811704" lon="7.514355"><ele>942</ele></trkpt><trkpt lat="43.811622" lon="7.514428"><ele>939</ele></trkpt><trkpt lat="43.811609" lon="7.514384"><ele>938</ele></trkpt><trkpt lat="43.811578" lon="7.514355"><ele>936</ele></trkpt><trkpt lat="43.811585" lon="7.514261"><ele>935</ele></trkpt><trkpt lat="43.811552" lon="7.514270"><ele>933</ele></trkpt><trkpt lat="43.811380" lon="7.514403"><ele>923</ele></trkpt><trkpt lat="43.811366" lon="7.514402"><ele>922</ele></trkpt><trkpt lat="43.811333" lon="7.514139"><ele>918</ele></trkpt><trkpt lat="43.811312" lon="7.514120"><ele>917</ele></trkpt><trkpt lat="43.811287" lon="7.514154"><ele>915</ele></trkpt><trkpt lat="43.811143" lon="7.514268"><ele>906</ele></trkpt><trkpt lat="43.811043" lon="7.514350"><ele>900</ele></trkpt><trkpt lat="43.810995" lon="7.514280"><ele>896</ele></trkpt><trkpt lat="43.810969" lon="7.514205"><ele>895</ele></trkpt><trkpt lat="43.810938" lon="7.514229"><ele>893</ele></trkpt><trkpt lat="43.810916" lon="7.514207"><ele>891</ele></trkpt><trkpt lat="43.810882" lon="7.514236"><ele>889</ele></trkpt><trkpt lat="43.810849" lon="7.514181"><ele>887</ele></trkpt><trkpt lat="43.810799" lon="7.514233"><ele>885</ele></trkpt><trkpt lat="43.810776" lon="7.514289"><ele>884</ele></trkpt><trkpt lat="43.810729" lon="7.514274"><ele>882</ele></trkpt><trkpt lat="43.810681" lon="7.514309"><ele>879</ele></trkpt><trkpt lat="43.810575" lon="7.514473"><ele>875</ele></trkpt><trkpt lat="43.810484" lon="7.514459"><ele>872</ele></trkpt><trkpt lat="43.810458" lon="7.514532"><ele>871</ele></trkpt><trkpt lat="43.810419" lon="7.514528"><ele>870</ele></trkpt><trkpt lat="43.810377" lon="7.514367"><ele>867</ele></trkpt><trkpt lat="43.810190" lon="7.514456"><ele>861</ele></trkpt><trkpt lat="43.810094" lon="7.514459"><ele>857</ele></trkpt><trkpt lat="43.810049" lon="7.514488"><ele>855</ele></trkpt><trkpt lat="43.809903" lon="7.514487"><ele>847</ele></trkpt><trkpt lat="43.809581" lon="7.514753"><ele>828</ele></trkpt><trkpt lat="43.809521" lon="7.514761"><ele>824</ele></trkpt><trkpt lat="43.809364" lon="7.514923"><ele>816</ele></trkpt><trkpt lat="43.809163" lon="7.514942"><ele>806</ele></trkpt><trkpt lat="43.809044" lon="7.515081"><ele>802</ele></trkpt><trkpt lat="43.808970" lon="7.515103"><ele>799</ele></trkpt><trkpt lat="43.808918" lon="7.515189"><ele>797</ele></trkpt><trkpt lat="43.808789" lon="7.515053"><ele>790</ele></trkpt><trkpt lat="43.808458" lon="7.515076"><ele>777</ele></trkpt><trkpt lat="43.808393" lon="7.515124"><ele>775</ele></trkpt><trkpt lat="43.808340" lon="7.515077"><ele>772</ele></trkpt><trkpt lat="43.808333" lon="7.514987"><ele>771</ele></trkpt><trkpt lat="43.808228" lon="7.514960"><ele>767</ele></trkpt><trkpt lat="43.808085" lon="7.514936"><ele>761</ele></trkpt><trkpt lat="43.807980" lon="7.514944"><ele>757</ele></trkpt><trkpt lat="43.807904" lon="7.514903"><ele>753</ele></trkpt><trkpt lat="43.807786" lon="7.514934"><ele>749</ele></trkpt><trkpt lat="43.807733" lon="7.514896"><ele>746</ele></trkpt><trkpt lat="43.807834" lon="7.514736"><ele>747</ele></trkpt><trkpt lat="43.807950" lon="7.514361"><ele>743</ele></trkpt><trkpt lat="43.807915" lon="7.514169"><ele>737</ele></trkpt><trkpt lat="43.807870" lon="7.514057"><ele>731</ele></trkpt><trkpt lat="43.807818" lon="7.514110"><ele>730</ele></trkpt><trkpt lat="43.807769" lon="7.514053"><ele>726</ele></trkpt><trkpt lat="43.807634" lon="7.514176"><ele>723</ele></trkpt><trkpt lat="43.807562" lon="7.514239"><ele>722</ele></trkpt><trkpt lat="43.807454" lon="7.514256"><ele>718</ele></trkpt><trkpt lat="43.807454" lon="7.514256"><ele>718</ele></trkpt><trkpt lat="43.807202" lon="7.514315"><ele>710</ele></trkpt><trkpt lat="43.806920" lon="7.514548"><ele>710</ele></trkpt><trkpt lat="43.806827" lon="7.514692"><ele>712</ele></trkpt><trkpt lat="43.806652" lon="7.514703"><ele>710</ele></trkpt><trkpt lat="43.806412" lon="7.514870"><ele>713</ele></trkpt><trkpt lat="43.805743" lon="7.514734"><ele>713</ele></trkpt><trkpt lat="43.805631" lon="7.514707"><ele>714</ele></trkpt><trkpt lat="43.805443" lon="7.514606"><ele>715</ele></trkpt><trkpt lat="43.805249" lon="7.514457"><ele>716</ele></trkpt><trkpt lat="43.805148" lon="7.514397"><ele>717</ele></trkpt><trkpt lat="43.805052" lon="7.514368"><ele>718</ele></trkpt><trkpt lat="43.804967" lon="7.514353"><ele>720</ele></trkpt><trkpt lat="43.804937" lon="7.514352"><ele>720</ele></trkpt><trkpt lat="43.804873" lon="7.514427"><ele>721</ele></trkpt><trkpt lat="43.804694" lon="7.514450"><ele>722</ele></trkpt><trkpt lat="43.804485" lon="7.514591"><ele>722</ele></trkpt><trkpt lat="43.804098" lon="7.514996"><ele>719</ele></trkpt><trkpt lat="43.804026" lon="7.515122"><ele>719</ele></trkpt><trkpt lat="43.803720" lon="7.515322"><ele>716</ele></trkpt><trkpt lat="43.803603" lon="7.515560"><ele>718</ele></trkpt><trkpt lat="43.803303" lon="7.515805"><ele>718</ele></trkpt><trkpt lat="43.803221" lon="7.515860"><ele>717</ele></trkpt><trkpt lat="43.803181" lon="7.515896"><ele>717</ele></trkpt><trkpt lat="43.803151" lon="7.515937"><ele>717</ele></trkpt><trkpt lat="43.803118" lon="7.516134"><ele>720</ele></trkpt><trkpt lat="43.803018" lon="7.516341"><ele>723</ele></trkpt><trkpt lat="43.802845" lon="7.516513"><ele>723</ele></trkpt><trkpt lat="43.802541" lon="7.516936"><ele>728</ele></trkpt><trkpt lat="43.802501" lon="7.516996"><ele>729</ele></trkpt><trkpt lat="43.802451" lon="7.517035"><ele>729</ele></trkpt><trkpt lat="43.802402" lon="7.517081"><ele>729</ele></trkpt><trkpt lat="43.802360" lon="7.517264"><ele>733</ele></trkpt><trkpt lat="43.802324" lon="7.517344"><ele>734</ele></trkpt><trkpt lat="43.802296" lon="7.517390"><ele>735</ele></trkpt><trkpt lat="43.802273" lon="7.517412"><ele>735</ele></trkpt><trkpt lat="43.802238" lon="7.517427"><ele>735</ele></trkpt><trkpt lat="43.802099" lon="7.517514"><ele>734</ele></trkpt><trkpt lat="43.802067" lon="7.517546"><ele>734</ele></trkpt><trkpt lat="43.802039" lon="7.517592"><ele>735</ele></trkpt><trkpt lat="43.802011" lon="7.517644"><ele>735</ele></trkpt><trkpt lat="43.801954" lon="7.517765"><ele>737</ele></trkpt><trkpt lat="43.801916" lon="7.517837"><ele>737</ele></trkpt><trkpt lat="43.801916" lon="7.517837"><ele>737</ele></trkpt><trkpt lat="43.801747" lon="7.518070"><ele>738</ele></trkpt><trkpt lat="43.801651" lon="7.518196"><ele>738</ele></trkpt><trkpt lat="43.801560" lon="7.518308"><ele>737</ele></trkpt><trkpt lat="43.801540" lon="7.518338"><ele>737</ele></trkpt><trkpt lat="43.801518" lon="7.518351"><ele>737</ele></trkpt><trkpt lat="43.801463" lon="7.518405"><ele>736</ele></trkpt><trkpt lat="43.801094" lon="7.518804"><ele>727</ele></trkpt><trkpt lat="43.800945" lon="7.518936"><ele>722</ele></trkpt><trkpt lat="43.800917" lon="7.518924"><ele>720</ele></trkpt><trkpt lat="43.800899" lon="7.518795"><ele>718</ele></trkpt><trkpt lat="43.800857" lon="7.518827"><ele>716</ele></trkpt><trkpt lat="43.800799" lon="7.518822"><ele>713</ele></trkpt><trkpt lat="43.800751" lon="7.518840"><ele>710</ele></trkpt><trkpt lat="43.800734" lon="7.518777"><ele>708</ele></trkpt><trkpt lat="43.800639" lon="7.518797"><ele>703</ele></trkpt><trkpt lat="43.800488" lon="7.518885"><ele>695</ele></trkpt><trkpt lat="43.800446" lon="7.518955"><ele>693</ele></trkpt><trkpt lat="43.800332" lon="7.519038"><ele>688</ele></trkpt><trkpt lat="43.800263" lon="7.519105"><ele>685</ele></trkpt><trkpt lat="43.799791" lon="7.519395"><ele>664</ele></trkpt><trkpt lat="43.799654" lon="7.519542"><ele>661</ele></trkpt><trkpt lat="43.799602" lon="7.519583"><ele>659</ele></trkpt><trkpt lat="43.799555" lon="7.519600"><ele>658</ele></trkpt><trkpt lat="43.799525" lon="7.519545"><ele>655</ele></trkpt><trkpt lat="43.799444" lon="7.519564"><ele>651</ele></trkpt><trkpt lat="43.799431" lon="7.519534"><ele>650</ele></trkpt><trkpt lat="43.799414" lon="7.519477"><ele>648</ele></trkpt><trkpt lat="43.799362" lon="7.519510"><ele>646</ele></trkpt><trkpt lat="43.799329" lon="7.519506"><ele>644</ele></trkpt><trkpt lat="43.799311" lon="7.519478"><ele>643</ele></trkpt><trkpt lat="43.799309" lon="7.519393"><ele>640</ele></trkpt><trkpt lat="43.799333" lon="7.519271"><ele>638</ele></trkpt><trkpt lat="43.799313" lon="7.519253"><ele>636</ele></trkpt><trkpt lat="43.799185" lon="7.519406"><ele>635</ele></trkpt><trkpt lat="43.798955" lon="7.519771"><ele>634</ele></trkpt><trkpt lat="43.798677" lon="7.520055"><ele>627</ele></trkpt><trkpt lat="43.798401" lon="7.520308"><ele>619</ele></trkpt><trkpt lat="43.798129" lon="7.520690"><ele>614</ele></trkpt><trkpt lat="43.797968" lon="7.521005"><ele>612</ele></trkpt><trkpt lat="43.797827" lon="7.521166"><ele>607</ele></trkpt><trkpt lat="43.797744" lon="7.521199"><ele>603</ele></trkpt><trkpt lat="43.797608" lon="7.521403"><ele>599</ele></trkpt><trkpt lat="43.797118" lon="7.521983"><ele>582</ele></trkpt><trkpt lat="43.796993" lon="7.522081"><ele>576</ele></trkpt><trkpt lat="43.796922" lon="7.522206"><ele>575</ele></trkpt><trkpt lat="43.796884" lon="7.522223"><ele>573</ele></trkpt><trkpt lat="43.796847" lon="7.522125"><ele>569</ele></trkpt><trkpt lat="43.796809" lon="7.522093"><ele>566</ele></trkpt><trkpt lat="43.796754" lon="7.522136"><ele>564</ele></trkpt><trkpt lat="43.796723" lon="7.522094"><ele>561</ele></trkpt><trkpt lat="43.796683" lon="7.522152"><ele>560</ele></trkpt><trkpt lat="43.796630" lon="7.522207"><ele>558</ele></trkpt><trkpt lat="43.796582" lon="7.522179"><ele>555</ele></trkpt><trkpt lat="43.796480" lon="7.522214"><ele>549</ele></trkpt><trkpt lat="43.796434" lon="7.522203"><ele>546</ele></trkpt><trkpt lat="43.796421" lon="7.522247"><ele>546</ele></trkpt><trkpt lat="43.796379" lon="7.522304"><ele>545</ele></trkpt><trkpt lat="43.796333" lon="7.522264"><ele>541</ele></trkpt><trkpt lat="43.796252" lon="7.522362"><ele>539</ele></trkpt><trkpt lat="43.796098" lon="7.522456"><ele>531</ele></trkpt><trkpt lat="43.795991" lon="7.522492"><ele>525</ele></trkpt><trkpt lat="43.795835" lon="7.522530"><ele>517</ele></trkpt><trkpt lat="43.795799" lon="7.522494"><ele>513</ele></trkpt><trkpt lat="43.795775" lon="7.522246"><ele>505</ele></trkpt><trkpt lat="43.795766" lon="7.522092"><ele>500</ele></trkpt><trkpt lat="43.795757" lon="7.522021"><ele>497</ele></trkpt><trkpt lat="43.795708" lon="7.522003"><ele>493</ele></trkpt><trkpt lat="43.795671" lon="7.522007"><ele>491</ele></trkpt><trkpt lat="43.795622" lon="7.522078"><ele>491</ele></trkpt><trkpt lat="43.795565" lon="7.522153"><ele>489</ele></trkpt><trkpt lat="43.795483" lon="7.522190"><ele>486</ele></trkpt><trkpt lat="43.795411" lon="7.522188"><ele>482</ele></trkpt><trkpt lat="43.795423" lon="7.522003"><ele>478</ele></trkpt><trkpt lat="43.795394" lon="7.521973"><ele>476</ele></trkpt><trkpt lat="43.795327" lon="7.521932"><ele>472</ele></trkpt><trkpt lat="43.795251" lon="7.521801"><ele>465</ele></trkpt><trkpt lat="43.795158" lon="7.521686"><ele>459</ele></trkpt><trkpt lat="43.795125" lon="7.521719"><ele>459</ele></trkpt><trkpt lat="43.795046" lon="7.521859"><ele>459</ele></trkpt><trkpt lat="43.795030" lon="7.521813"><ele>457</ele></trkpt><trkpt lat="43.795076" lon="7.521628"><ele>455</ele></trkpt><trkpt lat="43.795054" lon="7.521516"><ele>452</ele></trkpt><trkpt lat="43.794928" lon="7.521465"><ele>447</ele></trkpt><trkpt lat="43.794928" lon="7.521465"><ele>447</ele></trkpt><trkpt lat="43.794972" lon="7.521356"><ele>446</ele></trkpt><trkpt lat="43.794972" lon="7.521356"><ele>446</ele></trkpt><trkpt lat="43.794913" lon="7.521387"><ele>445</ele></trkpt><trkpt lat="43.794834" lon="7.521452"><ele>444</ele></trkpt><trkpt lat="43.794834" lon="7.521452"><ele>444</ele></trkpt><trkpt lat="43.794775" lon="7.521310"><ele>439</ele></trkpt><trkpt lat="43.794769" lon="7.521278"><ele>439</ele></trkpt><trkpt lat="43.794767" lon="7.521230"><ele>438</ele></trkpt><trkpt lat="43.794767" lon="7.521230"><ele>438</ele></trkpt><trkpt lat="43.794763" lon="7.521152"><ele>436</ele></trkpt><trkpt lat="43.794802" lon="7.521025"><ele>435</ele></trkpt><trkpt lat="43.794791" lon="7.520994"><ele>435</ele></trkpt><trkpt lat="43.794749" lon="7.521014"><ele>434</ele></trkpt><trkpt lat="43.794660" lon="7.521138"><ele>433</ele></trkpt><trkpt lat="43.794582" lon="7.521289"><ele>434</ele></trkpt><trkpt lat="43.794548" lon="7.521296"><ele>433</ele></trkpt><trkpt lat="43.794548" lon="7.521296"><ele>433</ele></trkpt><trkpt lat="43.794502" lon="7.521251"><ele>431</ele></trkpt><trkpt lat="43.794306" lon="7.521101"><ele>422</ele></trkpt><trkpt lat="43.794193" lon="7.520902"><ele>415</ele></trkpt><trkpt lat="43.794035" lon="7.520728"><ele>406</ele></trkpt><trkpt lat="43.793830" lon="7.520632"><ele>397</ele></trkpt><trkpt lat="43.793795" lon="7.520539"><ele>394</ele></trkpt><trkpt lat="43.793699" lon="7.520457"><ele>388</ele></trkpt><trkpt lat="43.793606" lon="7.520463"><ele>385</ele></trkpt><trkpt lat="43.793525" lon="7.520374"><ele>380</ele></trkpt><trkpt lat="43.793345" lon="7.520377"><ele>372</ele></trkpt><trkpt lat="43.793216" lon="7.520298"><ele>365</ele></trkpt><trkpt lat="43.793094" lon="7.520289"><ele>359</ele></trkpt><trkpt lat="43.793043" lon="7.520220"><ele>356</ele></trkpt><trkpt lat="43.793032" lon="7.520067"><ele>353</ele></trkpt><trkpt lat="43.793008" lon="7.519980"><ele>350</ele></trkpt><trkpt lat="43.793037" lon="7.519686"><ele>346</ele></trkpt><trkpt lat="43.793007" lon="7.519504"><ele>341</ele></trkpt><trkpt lat="43.792905" lon="7.519362"><ele>333</ele></trkpt><trkpt lat="43.792734" lon="7.519237"><ele>323</ele></trkpt><trkpt lat="43.792604" lon="7.519006"><ele>311</ele></trkpt><trkpt lat="43.792493" lon="7.518941"><ele>304</ele></trkpt><trkpt lat="43.792313" lon="7.518610"><ele>289</ele></trkpt><trkpt lat="43.792292" lon="7.518499"><ele>286</ele></trkpt><trkpt lat="43.792353" lon="7.518363"><ele>285</ele></trkpt><trkpt lat="43.792381" lon="7.518312"><ele>285</ele></trkpt><trkpt lat="43.792366" lon="7.518277"><ele>284</ele></trkpt><trkpt lat="43.792331" lon="7.518288"><ele>283</ele></trkpt><trkpt lat="43.792265" lon="7.518353"><ele>281</ele></trkpt><trkpt lat="43.792172" lon="7.518384"><ele>279</ele></trkpt><trkpt lat="43.792166" lon="7.518344"><ele>278</ele></trkpt><trkpt lat="43.792203" lon="7.518285"><ele>278</ele></trkpt><trkpt lat="43.792184" lon="7.518258"><ele>276</ele></trkpt><trkpt lat="43.792146" lon="7.518253"><ele>275</ele></trkpt><trkpt lat="43.792125" lon="7.518205"><ele>273</ele></trkpt><trkpt lat="43.792104" lon="7.518156"><ele>272</ele></trkpt><trkpt lat="43.792029" lon="7.518201"><ele>270</ele></trkpt><trkpt lat="43.792019" lon="7.518171"><ele>269</ele></trkpt><trkpt lat="43.792044" lon="7.518114"><ele>268</ele></trkpt><trkpt lat="43.792027" lon="7.518065"><ele>267</ele></trkpt><trkpt lat="43.791872" lon="7.518031"><ele>261</ele></trkpt><trkpt lat="43.791874" lon="7.517979"><ele>260</ele></trkpt><trkpt lat="43.791882" lon="7.517924"><ele>259</ele></trkpt><trkpt lat="43.791882" lon="7.517924"><ele>259</ele></trkpt><trkpt lat="43.791891" lon="7.517885"><ele>258</ele></trkpt><trkpt lat="43.791870" lon="7.517866"><ele>257</ele></trkpt><trkpt lat="43.791819" lon="7.517844"><ele>255</ele></trkpt><trkpt lat="43.791776" lon="7.517766"><ele>252</ele></trkpt><trkpt lat="43.791628" lon="7.517719"><ele>246</ele></trkpt><trkpt lat="43.791534" lon="7.517648"><ele>242</ele></trkpt><trkpt lat="43.791522" lon="7.517579"><ele>240</ele></trkpt><trkpt lat="43.791453" lon="7.517474"><ele>237</ele></trkpt><trkpt lat="43.791418" lon="7.517375"><ele>234</ele></trkpt><trkpt lat="43.791418" lon="7.517312"><ele>233</ele></trkpt><trkpt lat="43.791399" lon="7.517258"><ele>232</ele></trkpt><trkpt lat="43.791335" lon="7.517185"><ele>229</ele></trkpt><trkpt lat="43.791239" lon="7.517118"><ele>226</ele></trkpt><trkpt lat="43.791185" lon="7.516913"><ele>219</ele></trkpt><trkpt lat="43.791115" lon="7.516850"><ele>215</ele></trkpt><trkpt lat="43.791039" lon="7.516773"><ele>210</ele></trkpt><trkpt lat="43.790940" lon="7.516635"><ele>204</ele></trkpt><trkpt lat="43.790895" lon="7.516581"><ele>203</ele></trkpt><trkpt lat="43.791039" lon="7.516573"><ele>200</ele></trkpt><trkpt lat="43.791066" lon="7.516557"><ele>200</ele></trkpt><trkpt lat="43.791066" lon="7.516557"><ele>200</ele></trkpt><trkpt lat="43.791118" lon="7.516533"><ele>199</ele></trkpt><trkpt lat="43.791151" lon="7.516504"><ele>198</ele></trkpt><trkpt lat="43.791208" lon="7.516395"><ele>192</ele></trkpt><trkpt lat="43.791225" lon="7.516313"><ele>194</ele></trkpt><trkpt lat="43.791237" lon="7.516138"><ele>199</ele></trkpt><trkpt lat="43.791254" lon="7.515851"><ele>200</ele></trkpt><trkpt lat="43.791291" lon="7.515664"><ele>199</ele></trkpt><trkpt lat="43.791341" lon="7.515537"><ele>197</ele></trkpt><trkpt lat="43.791406" lon="7.515479"><ele>197</ele></trkpt><trkpt lat="43.791482" lon="7.515466"><ele>199</ele></trkpt><trkpt lat="43.791510" lon="7.515421"><ele>199</ele></trkpt><trkpt lat="43.791510" lon="7.515421"><ele>199</ele></trkpt><trkpt lat="43.791453" lon="7.515410"><ele>197</ele></trkpt><trkpt lat="43.791397" lon="7.515404"><ele>196</ele></trkpt><trkpt lat="43.791333" lon="7.515432"><ele>195</ele></trkpt><trkpt lat="43.791276" lon="7.515493"><ele>195</ele></trkpt><trkpt lat="43.791221" lon="7.515644"><ele>196</ele></trkpt><trkpt lat="43.791152" lon="7.516005"><ele>197</ele></trkpt><trkpt lat="43.791113" lon="7.516106"><ele>195</ele></trkpt><trkpt lat="43.791070" lon="7.516156"><ele>193</ele></trkpt><trkpt lat="43.791004" lon="7.516182"><ele>192</ele></trkpt><trkpt lat="43.790926" lon="7.516157"><ele>192</ele></trkpt><trkpt lat="43.790850" lon="7.516062"><ele>192</ele></trkpt><trkpt lat="43.790630" lon="7.515724"><ele>186</ele></trkpt><trkpt lat="43.790516" lon="7.515602"><ele>179</ele></trkpt><trkpt lat="43.790418" lon="7.515552"><ele>176</ele></trkpt><trkpt lat="43.790362" lon="7.515552"><ele>174</ele></trkpt><trkpt lat="43.790323" lon="7.515574"><ele>174</ele></trkpt><trkpt lat="43.790245" lon="7.515706"><ele>175</ele></trkpt><trkpt lat="43.790177" lon="7.515883"><ele>178</ele></trkpt><trkpt lat="43.790177" lon="7.515883"><ele>178</ele></trkpt><trkpt lat="43.790160" lon="7.515951"><ele>180</ele></trkpt><trkpt lat="43.790143" lon="7.516077"><ele>183</ele></trkpt><trkpt lat="43.789961" lon="7.517803"><ele>197</ele></trkpt><trkpt lat="43.789961" lon="7.517803"><ele>197</ele></trkpt><trkpt lat="43.789928" lon="7.517785"><ele>196</ele></trkpt><trkpt lat="43.789735" lon="7.517345"><ele>187</ele></trkpt><trkpt lat="43.789735" lon="7.517345"><ele>187</ele></trkpt><trkpt lat="43.789699" lon="7.517439"><ele>186</ele></trkpt><trkpt lat="43.789504" lon="7.517592"><ele>178</ele></trkpt><trkpt lat="43.789465" lon="7.517659"><ele>176</ele></trkpt><trkpt lat="43.789335" lon="7.517641"><ele>170</ele></trkpt><trkpt lat="43.789296" lon="7.517606"><ele>168</ele></trkpt><trkpt lat="43.789258" lon="7.517663"><ele>166</ele></trkpt><trkpt lat="43.789127" lon="7.517610"><ele>160</ele></trkpt><trkpt lat="43.789127" lon="7.517610"><ele>160</ele></trkpt><trkpt lat="43.789126" lon="7.517755"><ele>159</ele></trkpt><trkpt lat="43.789139" lon="7.517841"><ele>160</ele></trkpt><trkpt lat="43.789172" lon="7.517956"><ele>161</ele></trkpt><trkpt lat="43.789214" lon="7.518071"><ele>163</ele></trkpt><trkpt lat="43.789268" lon="7.518158"><ele>165</ele></trkpt><trkpt lat="43.789329" lon="7.518262"><ele>168</ele></trkpt><trkpt lat="43.789350" lon="7.518317"><ele>169</ele></trkpt><trkpt lat="43.789343" lon="7.518374"><ele>168</ele></trkpt><trkpt lat="43.789315" lon="7.518405"><ele>166</ele></trkpt><trkpt lat="43.789271" lon="7.518402"><ele>164</ele></trkpt><trkpt lat="43.789045" lon="7.518232"><ele>153</ele></trkpt><trkpt lat="43.788935" lon="7.518115"><ele>148</ele></trkpt><trkpt lat="43.788868" lon="7.517979"><ele>145</ele></trkpt><trkpt lat="43.788842" lon="7.517909"><ele>144</ele></trkpt><trkpt lat="43.788826" lon="7.517811"><ele>144</ele></trkpt><trkpt lat="43.788818" lon="7.517755"><ele>144</ele></trkpt><trkpt lat="43.788818" lon="7.517755"><ele>144</ele></trkpt><trkpt lat="43.788755" lon="7.517761"><ele>141</ele></trkpt><trkpt lat="43.788675" lon="7.517842"><ele>137</ele></trkpt><trkpt lat="43.788697" lon="7.517907"><ele>137</ele></trkpt><trkpt lat="43.788658" lon="7.517996"><ele>135</ele></trkpt><trkpt lat="43.788580" lon="7.518058"><ele>131</ele></trkpt><trkpt lat="43.788549" lon="7.518151"><ele>129</ele></trkpt><trkpt lat="43.788514" lon="7.518184"><ele>127</ele></trkpt><trkpt lat="43.788437" lon="7.518243"><ele>123</ele></trkpt><trkpt lat="43.788320" lon="7.518197"><ele>118</ele></trkpt><trkpt lat="43.788229" lon="7.518185"><ele>115</ele></trkpt><trkpt lat="43.788188" lon="7.518156"><ele>113</ele></trkpt><trkpt lat="43.788188" lon="7.518156"><ele>113</ele></trkpt><trkpt lat="43.788199" lon="7.518088"><ele>114</ele></trkpt><trkpt lat="43.788190" lon="7.517976"><ele>114</ele></trkpt><trkpt lat="43.788206" lon="7.517888"><ele>116</ele></trkpt><trkpt lat="43.788258" lon="7.517763"><ele>119</ele></trkpt><trkpt lat="43.788321" lon="7.517625"><ele>122</ele></trkpt><trkpt lat="43.788340" lon="7.517541"><ele>123</ele></trkpt><trkpt lat="43.788341" lon="7.517446"><ele>124</ele></trkpt><trkpt lat="43.788325" lon="7.517329"><ele>123</ele></trkpt><trkpt lat="43.788028" lon="7.516256"><ele>106</ele></trkpt><trkpt lat="43.787965" lon="7.516175"><ele>102</ele></trkpt><trkpt lat="43.787899" lon="7.516150"><ele>98</ele></trkpt><trkpt lat="43.787841" lon="7.516148"><ele>96</ele></trkpt><trkpt lat="43.787797" lon="7.516158"><ele>94</ele></trkpt><trkpt lat="43.787666" lon="7.516195"><ele>88</ele></trkpt><trkpt lat="43.787509" lon="7.516253"><ele>82</ele></trkpt><trkpt lat="43.787448" lon="7.516292"><ele>80</ele></trkpt><trkpt lat="43.787399" lon="7.516341"><ele>78</ele></trkpt><trkpt lat="43.787140" lon="7.516794"><ele>71</ele></trkpt><trkpt lat="43.787125" lon="7.516868"><ele>71</ele></trkpt><trkpt lat="43.787127" lon="7.517017"><ele>71</ele></trkpt><trkpt lat="43.787127" lon="7.517017"><ele>71</ele></trkpt><trkpt lat="43.787103" lon="7.517024"><ele>71</ele></trkpt><trkpt lat="43.787098" lon="7.516975"><ele>70</ele></trkpt><trkpt lat="43.787011" lon="7.516978"><ele>68</ele></trkpt><trkpt lat="43.786928" lon="7.517012"><ele>66</ele></trkpt><trkpt lat="43.786812" lon="7.517146"><ele>62</ele></trkpt><trkpt lat="43.786763" lon="7.517070"><ele>61</ele></trkpt><trkpt lat="43.786702" lon="7.517057"><ele>60</ele></trkpt><trkpt lat="43.786497" lon="7.517218"><ele>54</ele></trkpt><trkpt lat="43.786470" lon="7.517264"><ele>53</ele></trkpt><trkpt lat="43.786333" lon="7.517384"><ele>48</ele></trkpt><trkpt lat="43.786347" lon="7.517504"><ele>48</ele></trkpt><trkpt lat="43.786286" lon="7.517533"><ele>46</ele></trkpt><trkpt lat="43.786286" lon="7.517533"><ele>46</ele></trkpt><trkpt lat="43.786209" lon="7.517540"><ele>44</ele></trkpt><trkpt lat="43.786239" lon="7.517761"><ele>43</ele></trkpt><trkpt lat="43.786226" lon="7.517790"><ele>42</ele></trkpt><trkpt lat="43.786112" lon="7.517663"><ele>40</ele></trkpt><trkpt lat="43.786089" lon="7.517662"><ele>40</ele></trkpt><trkpt lat="43.786082" lon="7.517713"><ele>39</ele></trkpt><trkpt lat="43.786123" lon="7.517819"><ele>39</ele></trkpt><trkpt lat="43.786092" lon="7.517902"><ele>38</ele></trkpt><trkpt lat="43.786117" lon="7.517961"><ele>38</ele></trkpt><trkpt lat="43.786108" lon="7.518013"><ele>37</ele></trkpt><trkpt lat="43.786030" lon="7.518103"><ele>34</ele></trkpt><trkpt lat="43.785990" lon="7.518110"><ele>33</ele></trkpt><trkpt lat="43.785955" lon="7.518070"><ele>33</ele></trkpt><trkpt lat="43.785924" lon="7.518084"><ele>32</ele></trkpt><trkpt lat="43.785913" lon="7.518153"><ele>31</ele></trkpt><trkpt lat="43.785883" lon="7.518237"><ele>30</ele></trkpt><trkpt lat="43.785837" lon="7.518310"><ele>28</ele></trkpt><trkpt lat="43.785722" lon="7.518363"><ele>25</ele></trkpt><trkpt lat="43.785701" lon="7.518386"><ele>25</ele></trkpt><trkpt lat="43.785701" lon="7.518386"><ele>25</ele></trkpt><trkpt lat="43.785736" lon="7.518550"><ele>25</ele></trkpt><trkpt lat="43.785736" lon="7.518550"><ele>25</ele></trkpt><trkpt lat="43.785578" lon="7.518525"><ele>22</ele></trkpt><trkpt lat="43.785471" lon="7.518535"><ele>21</ele></trkpt><trkpt lat="43.785471" lon="7.518535"><ele>21</ele></trkpt><trkpt lat="43.785460" lon="7.518408"><ele>21</ele></trkpt><trkpt lat="43.785267" lon="7.517656"><ele>21</ele></trkpt></trkseg>
<extensions><osmand:color>#C8322B</osmand:color></extensions></trk>
<trk><name>PARK CORE BOUNDARY · tick in the evening only · inside = tent 19:00-09:00, 1 h from roads, new spot daily</name><trkseg><trkpt lat="44.133713" lon="7.483567" /><trkpt lat="44.132974" lon="7.483406" /><trkpt lat="44.132565" lon="7.483500" /><trkpt lat="44.132093" lon="7.483640" /><trkpt lat="44.131684" lon="7.483951" /><trkpt lat="44.131135" lon="7.484713" /><trkpt lat="44.130869" lon="7.485053" /><trkpt lat="44.130579" lon="7.485623" /><trkpt lat="44.130283" lon="7.486093" /><trkpt lat="44.130091" lon="7.486357" /><trkpt lat="44.130062" lon="7.486718" /><trkpt lat="44.129927" lon="7.487038" /><trkpt lat="44.129755" lon="7.487420" /><trkpt lat="44.129653" lon="7.487792" /><trkpt lat="44.129602" lon="7.488103" /><trkpt lat="44.129638" lon="7.488619" /><trkpt lat="44.129632" lon="7.489247" /><trkpt lat="44.129556" lon="7.489589" /><trkpt lat="44.129396" lon="7.489938" /><trkpt lat="44.129212" lon="7.490318" /><trkpt lat="44.129123" lon="7.490676" /><trkpt lat="44.128967" lon="7.491192" /><trkpt lat="44.128844" lon="7.491793" /><trkpt lat="44.128842" lon="7.492323" /><trkpt lat="44.128681" lon="7.492970" /><trkpt lat="44.128570" lon="7.493541" /><trkpt lat="44.128362" lon="7.494168" /><trkpt lat="44.128103" lon="7.494840" /><trkpt lat="44.127804" lon="7.495625" /><trkpt lat="44.127616" lon="7.496303" /><trkpt lat="44.127428" lon="7.496998" /><trkpt lat="44.127241" lon="7.497676" /><trkpt lat="44.127083" lon="7.498474" /><trkpt lat="44.126989" lon="7.498962" /><trkpt lat="44.126998" lon="7.499543" /><trkpt lat="44.127106" lon="7.500033" /><trkpt lat="44.127250" lon="7.500510" /><trkpt lat="44.127427" lon="7.501040" /><trkpt lat="44.127641" lon="7.501556" /><trkpt lat="44.127781" lon="7.502132" /><trkpt lat="44.127806" lon="7.502615" /><trkpt lat="44.127721" lon="7.503153" /><trkpt lat="44.127627" lon="7.503626" /><trkpt lat="44.127510" lon="7.504078" /><trkpt lat="44.127375" lon="7.504414" /><trkpt lat="44.127124" lon="7.504672" /><trkpt lat="44.126911" lon="7.504885" /><trkpt lat="44.126778" lon="7.505171" /><trkpt lat="44.126680" lon="7.505477" /><trkpt lat="44.126635" lon="7.505936" /><trkpt lat="44.126524" lon="7.506241" /><trkpt lat="44.126319" lon="7.506538" /><trkpt lat="44.126257" lon="7.506846" /><trkpt lat="44.126129" lon="7.507281" /><trkpt lat="44.125930" lon="7.507944" /><trkpt lat="44.125746" lon="7.508324" /><trkpt lat="44.125275" lon="7.508678" /><trkpt lat="44.124872" lon="7.509138" /><trkpt lat="44.124589" lon="7.509328" /><trkpt lat="44.124327" lon="7.509303" /><trkpt lat="44.123692" lon="7.508864" /><trkpt lat="44.122932" lon="7.508282" /><trkpt lat="44.122219" lon="7.507703" /><trkpt lat="44.121728" lon="7.507244" /><trkpt lat="44.121179" lon="7.506747" /><trkpt lat="44.120755" lon="7.506377" /><trkpt lat="44.120334" lon="7.505958" /><trkpt lat="44.119808" lon="7.505478" /><trkpt lat="44.119393" lon="7.505159" /><trkpt lat="44.119130" lon="7.504671" /><trkpt lat="44.118926" lon="7.504188" /><trkpt lat="44.118721" lon="7.503740" /><trkpt lat="44.118541" lon="7.503243" /><trkpt lat="44.118469" lon="7.502491" /><trkpt lat="44.118401" lon="7.502170" /><trkpt lat="44.118298" lon="7.501829" /><trkpt lat="44.118143" lon="7.501318" /><trkpt lat="44.118077" lon="7.500700" /><trkpt lat="44.118150" lon="7.500177" /><trkpt lat="44.118314" lon="7.499479" /><trkpt lat="44.118320" lon="7.499116" /><trkpt lat="44.118412" lon="7.498677" /><trkpt lat="44.118429" lon="7.498066" /><trkpt lat="44.118455" lon="7.497520" /><trkpt lat="44.118513" lon="7.497046" /><trkpt lat="44.118578" lon="7.496688" /><trkpt lat="44.118775" lon="7.496291" /><trkpt lat="44.118854" lon="7.495902" /><trkpt lat="44.119023" lon="7.495586" /><trkpt lat="44.119125" lon="7.495214" /><trkpt lat="44.119225" lon="7.494858" /><trkpt lat="44.119271" lon="7.494399" /><trkpt lat="44.119344" lon="7.494108" /><trkpt lat="44.119403" lon="7.493881" /><trkpt lat="44.119434" lon="7.493487" /><trkpt lat="44.119354" lon="7.493132" /><trkpt lat="44.119279" lon="7.492726" /><trkpt lat="44.119067" lon="7.492410" /><trkpt lat="44.118899" lon="7.492179" /><trkpt lat="44.118625" lon="7.491906" /><trkpt lat="44.118544" lon="7.491600" /><trkpt lat="44.118641" lon="7.491327" /><trkpt lat="44.118800" lon="7.491225" /><trkpt lat="44.118979" lon="7.491226" /><trkpt lat="44.119071" lon="7.491052" /><trkpt lat="44.119060" lon="7.490786" /><trkpt lat="44.118985" lon="7.490597" /><trkpt lat="44.118899" lon="7.490407" /><trkpt lat="44.118751" lon="7.490261" /><trkpt lat="44.118501" lon="7.490255" /><trkpt lat="44.118295" lon="7.490302" /><trkpt lat="44.118090" lon="7.490350" /><trkpt lat="44.117885" lon="7.490381" /><trkpt lat="44.117669" lon="7.490410" /><trkpt lat="44.117421" lon="7.490387" /><trkpt lat="44.117216" lon="7.490403" /><trkpt lat="44.117078" lon="7.490555" /><trkpt lat="44.117053" lon="7.490835" /><trkpt lat="44.116881" lon="7.491184" /><trkpt lat="44.116718" lon="7.491368" /><trkpt lat="44.116503" lon="7.491613" /><trkpt lat="44.116367" lon="7.491965" /><trkpt lat="44.116280" lon="7.492288" /><trkpt lat="44.115997" lon="7.492727" /><trkpt lat="44.115916" lon="7.493166" /><trkpt lat="44.115642" lon="7.493687" /><trkpt lat="44.115455" lon="7.494102" /><trkpt lat="44.114992" lon="7.494476" /><trkpt lat="44.114751" lon="7.494768" /><trkpt lat="44.114532" lon="7.494864" /><trkpt lat="44.114350" lon="7.495011" /><trkpt lat="44.114121" lon="7.495039" /><trkpt lat="44.113917" lon="7.495087" /><trkpt lat="44.113621" lon="7.495275" /><trkpt lat="44.113316" lon="7.495430" /><trkpt lat="44.112928" lon="7.495859" /></trkseg><trkseg><trkpt lat="44.078860" lon="7.397436" /><trkpt lat="44.078838" lon="7.396942" /><trkpt lat="44.079324" lon="7.396505" /><trkpt lat="44.079751" lon="7.396031" /><trkpt lat="44.080098" lon="7.395693" /><trkpt lat="44.080089" lon="7.395183" /><trkpt lat="44.080042" lon="7.394402" /><trkpt lat="44.079901" lon="7.393065" /><trkpt lat="44.079851" lon="7.392084" /><trkpt lat="44.079758" lon="7.390752" /><trkpt lat="44.079566" lon="7.390254" /><trkpt lat="44.079106" lon="7.389602" /><trkpt lat="44.078714" lon="7.389070" /><trkpt lat="44.078548" lon="7.388525" /><trkpt lat="44.078589" lon="7.387388" /><trkpt lat="44.078767" lon="7.387100" /><trkpt lat="44.078934" lon="7.385808" /><trkpt lat="44.078861" lon="7.385128" /><trkpt lat="44.078593" lon="7.384226" /><trkpt lat="44.078034" lon="7.383134" /><trkpt lat="44.077698" lon="7.382690" /><trkpt lat="44.077286" lon="7.382041" /><trkpt lat="44.076865" lon="7.381855" /><trkpt lat="44.076482" lon="7.381621" /><trkpt lat="44.076138" lon="7.381326" /><trkpt lat="44.075530" lon="7.381074" /><trkpt lat="44.075288" lon="7.380871" /><trkpt lat="44.074974" lon="7.380710" /><trkpt lat="44.074620" lon="7.380567" /><trkpt lat="44.074345" lon="7.380389" /></trkseg><trkseg><trkpt lat="44.164244" lon="7.135095" /><trkpt lat="44.164497" lon="7.134461" /><trkpt lat="44.164762" lon="7.133870" /><trkpt lat="44.165146" lon="7.133687" /><trkpt lat="44.165706" lon="7.132889" /><trkpt lat="44.166128" lon="7.132245" /><trkpt lat="44.165024" lon="7.130909" /><trkpt lat="44.164640" lon="7.130429" /><trkpt lat="44.164246" lon="7.129865" /><trkpt lat="44.163431" lon="7.128885" /><trkpt lat="44.162977" lon="7.128334" /><trkpt lat="44.162584" lon="7.127787" /><trkpt lat="44.162311" lon="7.127216" /><trkpt lat="44.162112" lon="7.126586" /><trkpt lat="44.161855" lon="7.126184" /><trkpt lat="44.161470" lon="7.125720" /><trkpt lat="44.161181" lon="7.125248" /><trkpt lat="44.160887" lon="7.124859" /><trkpt lat="44.160547" lon="7.124465" /><trkpt lat="44.160239" lon="7.124140" /><trkpt lat="44.159865" lon="7.123694" /><trkpt lat="44.159523" lon="7.123318" /><trkpt lat="44.159153" lon="7.123055" /><trkpt lat="44.158958" lon="7.122904" /><trkpt lat="44.158646" lon="7.122664" /><trkpt lat="44.158483" lon="7.122286" /><trkpt lat="44.158370" lon="7.121612" /><trkpt lat="44.158104" lon="7.120895" /><trkpt lat="44.157734" lon="7.120615" /><trkpt lat="44.157446" lon="7.120657" /><trkpt lat="44.156872" lon="7.119613" /><trkpt lat="44.156286" lon="7.118836" /><trkpt lat="44.156015" lon="7.118747" /><trkpt lat="44.155868" lon="7.118568" /><trkpt lat="44.155679" lon="7.118237" /><trkpt lat="44.155590" lon="7.118113" /><trkpt lat="44.155455" lon="7.117904" /><trkpt lat="44.155127" lon="7.117760" /><trkpt lat="44.154795" lon="7.117451" /><trkpt lat="44.154310" lon="7.117095" /><trkpt lat="44.154294" lon="7.116364" /><trkpt lat="44.154055" lon="7.115582" /><trkpt lat="44.153480" lon="7.114804" /><trkpt lat="44.153153" lon="7.114097" /><trkpt lat="44.152913" lon="7.113315" /><trkpt lat="44.152699" lon="7.112750" /><trkpt lat="44.152701" lon="7.112452" /><trkpt lat="44.152321" lon="7.112106" /><trkpt lat="44.152168" lon="7.111810" /><trkpt lat="44.152074" lon="7.111522" /><trkpt lat="44.152088" lon="7.111190" /><trkpt lat="44.151639" lon="7.110805" /><trkpt lat="44.151260" lon="7.110475" /><trkpt lat="44.151028" lon="7.110322" /><trkpt lat="44.150861" lon="7.110308" /><trkpt lat="44.150666" lon="7.110408" /><trkpt lat="44.150549" lon="7.110365" /><trkpt lat="44.150372" lon="7.110052" /><trkpt lat="44.150161" lon="7.109686" /><trkpt lat="44.150035" lon="7.109576" /><trkpt lat="44.149846" lon="7.109528" /><trkpt lat="44.149719" lon="7.109434" /><trkpt lat="44.149596" lon="7.108976" /><trkpt lat="44.149386" lon="7.108329" /><trkpt lat="44.149306" lon="7.107974" /><trkpt lat="44.149257" lon="7.107721" /><trkpt lat="44.149097" lon="7.107575" /><trkpt lat="44.148837" lon="7.107520" /><trkpt lat="44.148777" lon="7.106702" /><trkpt lat="44.148701" lon="7.105984" /><trkpt lat="44.148694" lon="7.105338" /><trkpt lat="44.148436" lon="7.104951" /><trkpt lat="44.148228" lon="7.104519" /><trkpt lat="44.148197" lon="7.104152" /><trkpt lat="44.148061" lon="7.103711" /><trkpt lat="44.147976" lon="7.103472" /><trkpt lat="44.147949" lon="7.103287" /><trkpt lat="44.147750" lon="7.102640" /><trkpt lat="44.147765" lon="7.101218" /><trkpt lat="44.147785" lon="7.100755" /><trkpt lat="44.147916" lon="7.100501" /><trkpt lat="44.147868" lon="7.100232" /><trkpt lat="44.147737" lon="7.099675" /><trkpt lat="44.147706" lon="7.099274" /><trkpt lat="44.147733" lon="7.098664" /><trkpt lat="44.147751" lon="7.098251" /><trkpt lat="44.147605" lon="7.097775" /><trkpt lat="44.147371" lon="7.097407" /><trkpt lat="44.147155" lon="7.096893" /><trkpt lat="44.147122" lon="7.096807" /><trkpt lat="44.147482" lon="7.096522" /><trkpt lat="44.147743" lon="7.096528" /><trkpt lat="44.148671" lon="7.096871" /><trkpt lat="44.149120" lon="7.096958" /><trkpt lat="44.149673" lon="7.096872" /><trkpt lat="44.150147" lon="7.096647" /><trkpt lat="44.150813" lon="7.096157" /><trkpt lat="44.151026" lon="7.095910" /><trkpt lat="44.151324" lon="7.095388" /><trkpt lat="44.151655" lon="7.094637" /><trkpt lat="44.151951" lon="7.094397" /><trkpt lat="44.152466" lon="7.094357" /><trkpt lat="44.152961" lon="7.094466" /><trkpt lat="44.153191" lon="7.094418" /><trkpt lat="44.153704" lon="7.094130" /><trkpt lat="44.153893" lon="7.093898" /><trkpt lat="44.154140" lon="7.093173" /><trkpt lat="44.154510" lon="7.092326" /><trkpt lat="44.154673" lon="7.091985" /><trkpt lat="44.154858" lon="7.091743" /><trkpt lat="44.155121" lon="7.091450" /><trkpt lat="44.155224" lon="7.091292" /><trkpt lat="44.155008" lon="7.090778" /><trkpt lat="44.154730" lon="7.090308" /><trkpt lat="44.154382" lon="7.089797" /><trkpt lat="44.154266" lon="7.089440" /><trkpt lat="44.154095" lon="7.088994" /><trkpt lat="44.153912" lon="7.088797" /><trkpt lat="44.153694" lon="7.088629" /><trkpt lat="44.153552" lon="7.088319" /><trkpt lat="44.153526" lon="7.088085" /><trkpt lat="44.153344" lon="7.087888" /><trkpt lat="44.153092" lon="7.087667" /><trkpt lat="44.153015" lon="7.087512" /><trkpt lat="44.152759" lon="7.087358" /><trkpt lat="44.152658" lon="7.087217" /><trkpt lat="44.152755" lon="7.086894" /><trkpt lat="44.152954" lon="7.086695" /><trkpt lat="44.153048" lon="7.086455" /><trkpt lat="44.153025" lon="7.086188" /><trkpt lat="44.152953" lon="7.085933" /><trkpt lat="44.153023" lon="7.085658" /><trkpt lat="44.153163" lon="7.085487" /><trkpt lat="44.153262" lon="7.085097" /><trkpt lat="44.153256" lon="7.084700" /><trkpt lat="44.153028" lon="7.084465" /><trkpt lat="44.152738" lon="7.084259" /><trkpt lat="44.152561" lon="7.084227" /><trkpt lat="44.152324" lon="7.084207" /><trkpt lat="44.152156" lon="7.084226" /><trkpt lat="44.151915" lon="7.083991" /><trkpt lat="44.151837" lon="7.083586" /><trkpt lat="44.151712" lon="7.083194" /><trkpt lat="44.151527" lon="7.082765" /><trkpt lat="44.151300" lon="7.082249" /><trkpt lat="44.150884" lon="7.081916" /><trkpt lat="44.150682" lon="7.081617" /><trkpt lat="44.150695" lon="7.081320" /><trkpt lat="44.150751" lon="7.080877" /><trkpt lat="44.150749" lon="7.080645" /><trkpt lat="44.150537" lon="7.080313" /><trkpt lat="44.150385" lon="7.079969" /><trkpt lat="44.150471" lon="7.079363" /><trkpt lat="44.150511" lon="7.078985" /><trkpt lat="44.150416" lon="7.078695" /><trkpt lat="44.150322" lon="7.078389" /><trkpt lat="44.150317" lon="7.077959" /><trkpt lat="44.150156" lon="7.077531" /><trkpt lat="44.150011" lon="7.077319" /><trkpt lat="44.149700" lon="7.077061" /><trkpt lat="44.149614" lon="7.076856" /><trkpt lat="44.149521" lon="7.076533" /><trkpt lat="44.149509" lon="7.076251" /><trkpt lat="44.149507" lon="7.075736" /><trkpt lat="44.149240" lon="7.075300" /><trkpt lat="44.148957" lon="7.074664" /><trkpt lat="44.148841" lon="7.074058" /><trkpt lat="44.148762" lon="7.073935" /><trkpt lat="44.148488" lon="7.073647" /><trkpt lat="44.148259" lon="7.073429" /><trkpt lat="44.148168" lon="7.073057" /><trkpt lat="44.147943" lon="7.071912" /><trkpt lat="44.147866" lon="7.071209" /><trkpt lat="44.147649" lon="7.070462" /><trkpt lat="44.147353" lon="7.070123" /><trkpt lat="44.147113" lon="7.069887" /><trkpt lat="44.146797" lon="7.069745" /><trkpt lat="44.146561" lon="7.069427" /><trkpt lat="44.146296" lon="7.068925" /><trkpt lat="44.146204" lon="7.068304" /><trkpt lat="44.146147" lon="7.067157" /><trkpt lat="44.146181" lon="7.066364" /><trkpt lat="44.146264" lon="7.064997" /><trkpt lat="44.146185" lon="7.064343" /><trkpt lat="44.146241" lon="7.063868" /><trkpt lat="44.146398" lon="7.063550" /><trkpt lat="44.146516" lon="7.063295" /><trkpt lat="44.146645" lon="7.063074" /><trkpt lat="44.146625" lon="7.063536" /><trkpt lat="44.146717" lon="7.063908" /><trkpt lat="44.146920" lon="7.064174" /><trkpt lat="44.147132" lon="7.064225" /><trkpt lat="44.147352" lon="7.064110" /><trkpt lat="44.147498" lon="7.064321" /><trkpt lat="44.147658" lon="7.064484" /><trkpt lat="44.147913" lon="7.064373" /><trkpt lat="44.148068" lon="7.064369" /><trkpt lat="44.148311" lon="7.064556" /><trkpt lat="44.148663" lon="7.064402" /><trkpt lat="44.149162" lon="7.064180" /><trkpt lat="44.149470" lon="7.063956" /><trkpt lat="44.149723" lon="7.063878" /><trkpt lat="44.149969" lon="7.063717" /><trkpt lat="44.150073" lon="7.063245" /><trkpt lat="44.150171" lon="7.062341" /><trkpt lat="44.150273" lon="7.061935" /><trkpt lat="44.150489" lon="7.061622" /><trkpt lat="44.150697" lon="7.061507" /><trkpt lat="44.151069" lon="7.061456" /><trkpt lat="44.151376" lon="7.061531" /><trkpt lat="44.151669" lon="7.061655" /><trkpt lat="44.151987" lon="7.061747" /><trkpt lat="44.152313" lon="7.061658" /><trkpt lat="44.152643" lon="7.061471" /><trkpt lat="44.152966" lon="7.061167" /><trkpt lat="44.153181" lon="7.060887" /><trkpt lat="44.153337" lon="7.060584" /><trkpt lat="44.153435" lon="7.060261" /><trkpt lat="44.153447" lon="7.059699" /><trkpt lat="44.153426" lon="7.059084" /><trkpt lat="44.153428" lon="7.058753" /><trkpt lat="44.153453" lon="7.058457" /><trkpt lat="44.153661" lon="7.058342" /><trkpt lat="44.153773" lon="7.058236" /><trkpt lat="44.153907" lon="7.058181" /><trkpt lat="44.154037" lon="7.058192" /><trkpt lat="44.154196" lon="7.058105" /><trkpt lat="44.154345" lon="7.057968" /><trkpt lat="44.154344" lon="7.057720" /><trkpt lat="44.154354" lon="7.057472" /><trkpt lat="44.154458" lon="7.057298" /><trkpt lat="44.154616" lon="7.057212" /><trkpt lat="44.154740" lon="7.057124" /><trkpt lat="44.154918" lon="7.056856" /><trkpt lat="44.155015" lon="7.056533" /><trkpt lat="44.155309" lon="7.056093" /><trkpt lat="44.155693" lon="7.055496" /><trkpt lat="44.156023" lon="7.055011" /><trkpt lat="44.156341" lon="7.054556" /><trkpt lat="44.156594" lon="7.054230" /><trkpt lat="44.156897" lon="7.053841" /><trkpt lat="44.157220" lon="7.053537" /><trkpt lat="44.157629" lon="7.053190" /><trkpt lat="44.158163" lon="7.052984" /><trkpt lat="44.158623" lon="7.052808" /><trkpt lat="44.158880" lon="7.052664" /><trkpt lat="44.159202" lon="7.052392" /><trkpt lat="44.159961" lon="7.051959" /><trkpt lat="44.160157" lon="7.051842" /><trkpt lat="44.160459" lon="7.051470" /><trkpt lat="44.160632" lon="7.051055" /><trkpt lat="44.160899" lon="7.050663" /><trkpt lat="44.161370" lon="7.050005" /><trkpt lat="44.161833" lon="7.049480" /><trkpt lat="44.162135" lon="7.049142" /><trkpt lat="44.162439" lon="7.048702" /><trkpt lat="44.162489" lon="7.048375" /><trkpt lat="44.162498" lon="7.048178" /><trkpt lat="44.162308" lon="7.047880" /><trkpt lat="44.162212" lon="7.047607" /><trkpt lat="44.162130" lon="7.047302" /><trkpt lat="44.162096" lon="7.047001" /><trkpt lat="44.162044" lon="7.046814" /><trkpt lat="44.161933" lon="7.046606" /><trkpt lat="44.161714" lon="7.046721" /><trkpt lat="44.161493" lon="7.046867" /><trkpt lat="44.161288" lon="7.046916" /><trkpt lat="44.160992" lon="7.046876" /><trkpt lat="44.160743" lon="7.046838" /><trkpt lat="44.160483" lon="7.046783" /><trkpt lat="44.160191" lon="7.046908" /><trkpt lat="44.159977" lon="7.047173" /><trkpt lat="44.159809" lon="7.047490" /><trkpt lat="44.159675" lon="7.047529" /><trkpt lat="44.159509" lon="7.047515" /><trkpt lat="44.159366" lon="7.047503" /><trkpt lat="44.159243" lon="7.047326" /><trkpt lat="44.159113" lon="7.047017" /><trkpt lat="44.158990" lon="7.046543" /><trkpt lat="44.158805" lon="7.046130" /><trkpt lat="44.158627" lon="7.045833" /><trkpt lat="44.158510" lon="7.045525" /></trkseg><trkseg><trkpt lat="44.041381" lon="7.514314" /><trkpt lat="44.041093" lon="7.514354" /><trkpt lat="44.040755" lon="7.514423" /><trkpt lat="44.040509" lon="7.514582" /><trkpt lat="44.040253" lon="7.514691" /><trkpt lat="44.040000" lon="7.514750" /><trkpt lat="44.039743" lon="7.514892" /><trkpt lat="44.039468" lon="7.515148" /><trkpt lat="44.039212" lon="7.515009" /><trkpt lat="44.039024" lon="7.514942" /><trkpt lat="44.038786" lon="7.515202" /><trkpt lat="44.038432" lon="7.515599" /><trkpt lat="44.038137" lon="7.515804" /><trkpt lat="44.037857" lon="7.515911" /><trkpt lat="44.037552" lon="7.516048" /><trkpt lat="44.037341" lon="7.516227" /><trkpt lat="44.037115" lon="7.516471" /><trkpt lat="44.036945" lon="7.516769" /><trkpt lat="44.036869" lon="7.517094" /><trkpt lat="44.036701" lon="7.517377" /><trkpt lat="44.036473" lon="7.517653" /><trkpt lat="44.036246" lon="7.517913" /><trkpt lat="44.036006" lon="7.518206" /><trkpt lat="44.035541" lon="7.517932" /><trkpt lat="44.035431" lon="7.517578" /><trkpt lat="44.035349" lon="7.517306" /><trkpt lat="44.035336" lon="7.517057" /><trkpt lat="44.035263" lon="7.516764" /><trkpt lat="44.035167" lon="7.516525" /><trkpt lat="44.035076" lon="7.516272" /><trkpt lat="44.035053" lon="7.516005" /><trkpt lat="44.035126" lon="7.515714" /><trkpt lat="44.035256" lon="7.515494" /><trkpt lat="44.035460" lon="7.515215" /><trkpt lat="44.035621" lon="7.514851" /><trkpt lat="44.035839" lon="7.514506" /><trkpt lat="44.035880" lon="7.514163" /><trkpt lat="44.035875" lon="7.513765" /><trkpt lat="44.035755" lon="7.513291" /><trkpt lat="44.035715" lon="7.512875" /><trkpt lat="44.035755" lon="7.512531" /><trkpt lat="44.035814" lon="7.512040" /><trkpt lat="44.035813" lon="7.511560" /><trkpt lat="44.035732" lon="7.511006" /><trkpt lat="44.035637" lon="7.510502" /><trkpt lat="44.035596" lon="7.510085" /><trkpt lat="44.035616" lon="7.509673" /><trkpt lat="44.035594" lon="7.508877" /><trkpt lat="44.035523" lon="7.508606" /><trkpt lat="44.035393" lon="7.508347" /><trkpt lat="44.035262" lon="7.508265" /><trkpt lat="44.035142" lon="7.508269" /><trkpt lat="44.034923" lon="7.508350" /><trkpt lat="44.034690" lon="7.508510" /><trkpt lat="44.034450" lon="7.508769" /><trkpt lat="44.034152" lon="7.509039" /><trkpt lat="44.033855" lon="7.509244" /><trkpt lat="44.033608" lon="7.509685" /><trkpt lat="44.033226" lon="7.510179" /><trkpt lat="44.032864" lon="7.509766" /><trkpt lat="44.032658" lon="7.509403" /><trkpt lat="44.032548" lon="7.509194" /><trkpt lat="44.032457" lon="7.508856" /><trkpt lat="44.032340" lon="7.508316" /><trkpt lat="44.032197" lon="7.507558" /><trkpt lat="44.032183" lon="7.507111" /><trkpt lat="44.032043" lon="7.506697" /><trkpt lat="44.031923" lon="7.506472" /><trkpt lat="44.031723" lon="7.506156" /><trkpt lat="44.031479" lon="7.505753" /><trkpt lat="44.031264" lon="7.505254" /><trkpt lat="44.031140" lon="7.504683" /><trkpt lat="44.030968" lon="7.504218" /><trkpt lat="44.030887" lon="7.503735" /><trkpt lat="44.030858" lon="7.503334" /><trkpt lat="44.030727" lon="7.503252" /><trkpt lat="44.030633" lon="7.503228" /><trkpt lat="44.030477" lon="7.503247" /><trkpt lat="44.030107" lon="7.503246" /><trkpt lat="44.029662" lon="7.503338" /><trkpt lat="44.029300" lon="7.503419" /><trkpt lat="44.028929" lon="7.502939" /><trkpt lat="44.028665" lon="7.502453" /><trkpt lat="44.028647" lon="7.501892" /><trkpt lat="44.028646" lon="7.501413" /><trkpt lat="44.028547" lon="7.500920" /><trkpt lat="44.028400" lon="7.500758" /><trkpt lat="44.028213" lon="7.500940" /><trkpt lat="44.028022" lon="7.501170" /><trkpt lat="44.027830" lon="7.501450" /><trkpt lat="44.028196" lon="7.502294" /><trkpt lat="44.028307" lon="7.502718" /><trkpt lat="44.028213" lon="7.502924" /><trkpt lat="44.028103" lon="7.503245" /><trkpt lat="44.028151" lon="7.503728" /><trkpt lat="44.028106" lon="7.504188" /><trkpt lat="44.027707" lon="7.504592" /><trkpt lat="44.027753" lon="7.504834" /><trkpt lat="44.027576" lon="7.505049" /><trkpt lat="44.027367" lon="7.505426" /><trkpt lat="44.027199" lon="7.505940" /><trkpt lat="44.027057" lon="7.506424" /><trkpt lat="44.026909" lon="7.506774" /><trkpt lat="44.026737" lon="7.507122" /><trkpt lat="44.026624" lon="7.507492" /><trkpt lat="44.026592" lon="7.507919" /><trkpt lat="44.026584" lon="7.508348" /><trkpt lat="44.026420" lon="7.508547" /><trkpt lat="44.026302" lon="7.508769" /><trkpt lat="44.026348" lon="7.509055" /><trkpt lat="44.026425" lon="7.509425" /><trkpt lat="44.026295" lon="7.509910" /><trkpt lat="44.026124" lon="7.510240" /><trkpt lat="44.025950" lon="7.510638" /><trkpt lat="44.025754" lon="7.511000" /><trkpt lat="44.025565" lon="7.511462" /><trkpt lat="44.025499" lon="7.511837" /><trkpt lat="44.025370" lon="7.512289" /><trkpt lat="44.025274" lon="7.512825" /><trkpt lat="44.025137" lon="7.513177" /><trkpt lat="44.024769" lon="7.513375" /><trkpt lat="44.024446" lon="7.513412" /><trkpt lat="44.024167" lon="7.513518" /><trkpt lat="44.023950" lon="7.513548" /><trkpt lat="44.023731" lon="7.513627" /><trkpt lat="44.023604" lon="7.513781" /><trkpt lat="44.023404" lon="7.513977" /><trkpt lat="44.023075" lon="7.513881" /><trkpt lat="44.022846" lon="7.513694" /><trkpt lat="44.022627" lon="7.513526" /><trkpt lat="44.022430" lon="7.513409" /><trkpt lat="44.022194" lon="7.513337" /><trkpt lat="44.022045" lon="7.513473" /><trkpt lat="44.021803" lon="7.513551" /><trkpt lat="44.021541" lon="7.513509" /><trkpt lat="44.021368" lon="7.513395" /><trkpt lat="44.021096" lon="7.513353" /><trkpt lat="44.020702" lon="7.513367" /><trkpt lat="44.020072" lon="7.513309" /><trkpt lat="44.019426" lon="7.513084" /><trkpt lat="44.018921" lon="7.512907" /><trkpt lat="44.018280" lon="7.512599" /><trkpt lat="44.017943" lon="7.512420" /><trkpt lat="44.017501" lon="7.512198" /><trkpt lat="44.017219" lon="7.512089" /><trkpt lat="44.016804" lon="7.512051" /><trkpt lat="44.016248" lon="7.511950" /><trkpt lat="44.015582" lon="7.511642" /><trkpt lat="44.015225" lon="7.511113" /><trkpt lat="44.015156" lon="7.510616" /><trkpt lat="44.014884" lon="7.510255" /><trkpt lat="44.014654" lon="7.510085" /><trkpt lat="44.014465" lon="7.510035" /><trkpt lat="44.014297" lon="7.510053" /><trkpt lat="44.014102" lon="7.510135" /><trkpt lat="44.013903" lon="7.510314" /><trkpt lat="44.013789" lon="7.510717" /><trkpt lat="44.013409" lon="7.511163" /><trkpt lat="44.012760" lon="7.511285" /><trkpt lat="44.012133" lon="7.511410" /><trkpt lat="44.011701" lon="7.511469" /><trkpt lat="44.011396" lon="7.511342" /><trkpt lat="44.011077" lon="7.511280" /><trkpt lat="44.010202" lon="7.511135" /><trkpt lat="44.009275" lon="7.511033" /><trkpt lat="44.008241" lon="7.510956" /><trkpt lat="44.008201" lon="7.510539" /><trkpt lat="44.008065" lon="7.510161" /><trkpt lat="44.008040" lon="7.509912" /><trkpt lat="44.008089" lon="7.509652" /><trkpt lat="44.008008" lon="7.509331" /><trkpt lat="44.007856" lon="7.509003" /><trkpt lat="44.007668" lon="7.508705" /><trkpt lat="44.007389" lon="7.508299" /><trkpt lat="44.007171" lon="7.507866" /><trkpt lat="44.007151" lon="7.507534" /><trkpt lat="44.007019" lon="7.507323" /><trkpt lat="44.006903" lon="7.506982" /><trkpt lat="44.006842" lon="7.506530" /><trkpt lat="44.006794" lon="7.506244" /><trkpt lat="44.006765" lon="7.505861" /><trkpt lat="44.006625" lon="7.505551" /><trkpt lat="44.006463" lon="7.505206" /><trkpt lat="44.006417" lon="7.504904" /><trkpt lat="44.006245" lon="7.504508" /><trkpt lat="44.006152" lon="7.504218" /><trkpt lat="44.006020" lon="7.503958" /><trkpt lat="44.005845" lon="7.503628" /><trkpt lat="44.005778" lon="7.503275" /><trkpt lat="44.005807" lon="7.502930" /><trkpt lat="44.005819" lon="7.502420" /><trkpt lat="44.006023" lon="7.501909" /><trkpt lat="44.006218" lon="7.501562" /><trkpt lat="44.006447" lon="7.501253" /><trkpt lat="44.006744" lon="7.500783" /><trkpt lat="44.006869" lon="7.500416" /><trkpt lat="44.006975" lon="7.499945" /><trkpt lat="44.007145" lon="7.499614" /><trkpt lat="44.007323" lon="7.499382" /><trkpt lat="44.007477" lon="7.499181" /><trkpt lat="44.007642" lon="7.498965" /><trkpt lat="44.007888" lon="7.498790" /><trkpt lat="44.008087" lon="7.498626" /><trkpt lat="44.008257" lon="7.498364" /><trkpt lat="44.008258" lon="7.498100" /><trkpt lat="44.008273" lon="7.497771" /><trkpt lat="44.008287" lon="7.497475" /><trkpt lat="44.008235" lon="7.497019" /><trkpt lat="44.008273" lon="7.496708" /><trkpt lat="44.008400" lon="7.496306" /><trkpt lat="44.008549" lon="7.495940" /><trkpt lat="44.008717" lon="7.495657" /><trkpt lat="44.008743" lon="7.495362" /><trkpt lat="44.008686" lon="7.495059" /><trkpt lat="44.008649" lon="7.494561" /><trkpt lat="44.008709" lon="7.494302" /><trkpt lat="44.008770" lon="7.494043" /><trkpt lat="44.008831" lon="7.493751" /><trkpt lat="44.008800" lon="7.493418" /><trkpt lat="44.009038" lon="7.493195" /><trkpt lat="44.009112" lon="7.492904" /><trkpt lat="44.009141" lon="7.492559" /><trkpt lat="44.009183" lon="7.492167" /><trkpt lat="44.009201" lon="7.491788" /><trkpt lat="44.009265" lon="7.491447" /><trkpt lat="44.009230" lon="7.490914" /><trkpt lat="44.009235" lon="7.490569" /><trkpt lat="44.009130" lon="7.490207" /><trkpt lat="44.009271" lon="7.490043" /><trkpt lat="44.009307" lon="7.489777" /><trkpt lat="44.009267" lon="7.489360" /><trkpt lat="44.009431" lon="7.489160" /><trkpt lat="44.009597" lon="7.488911" /><trkpt lat="44.009815" lon="7.488618" /><trkpt lat="44.010020" lon="7.488321" /><trkpt lat="44.010164" lon="7.488037" /><trkpt lat="44.010348" lon="7.487691" /><trkpt lat="44.010456" lon="7.487403" /><trkpt lat="44.010551" lon="7.486931" /><trkpt lat="44.010624" lon="7.486624" /><trkpt lat="44.010685" lon="7.486381" /><trkpt lat="44.010863" lon="7.486150" /><trkpt lat="44.011183" lon="7.485967" /><trkpt lat="44.011289" lon="7.485692" /><trkpt lat="44.011390" lon="7.485321" /><trkpt lat="44.011444" lon="7.484947" /><trkpt lat="44.011505" lon="7.484671" /><trkpt lat="44.011792" lon="7.484452" /><trkpt lat="44.011871" lon="7.484225" /><trkpt lat="44.012029" lon="7.483924" /><trkpt lat="44.012133" lon="7.483505" /><trkpt lat="44.012226" lon="7.483070" /><trkpt lat="44.012123" lon="7.482710" /><trkpt lat="44.011866" lon="7.482324" /><trkpt lat="44.011665" lon="7.482041" /><trkpt lat="44.011293" lon="7.481825" /><trkpt lat="44.010952" lon="7.481464" /><trkpt lat="44.010593" lon="7.481001" /><trkpt lat="44.010258" lon="7.480509" /><trkpt lat="44.010022" lon="7.480205" /><trkpt lat="44.010059" lon="7.479699" /><trkpt lat="44.009988" lon="7.479429" /><trkpt lat="44.009835" lon="7.479379" /><trkpt lat="44.009650" lon="7.479246" /><trkpt lat="44.009453" lon="7.479112" /><trkpt lat="44.009194" lon="7.479056" /><trkpt lat="44.008956" lon="7.479034" /><trkpt lat="44.008698" lon="7.478928" /><trkpt lat="44.008426" lon="7.478903" /><trkpt lat="44.008064" lon="7.478986" /><trkpt lat="44.007796" lon="7.479095" /><trkpt lat="44.007419" lon="7.479242" /><trkpt lat="44.006903" lon="7.479294" /><trkpt lat="44.006726" lon="7.479014" /><trkpt lat="44.006720" lon="7.478634" /><trkpt lat="44.006765" lon="7.478175" /><trkpt lat="44.006833" lon="7.477750" /><trkpt lat="44.006987" lon="7.477253" /><trkpt lat="44.007283" lon="7.476800" /><trkpt lat="44.007630" lon="7.476534" /><trkpt lat="44.007948" lon="7.476364" /><trkpt lat="44.008203" lon="7.476272" /><trkpt lat="44.008447" lon="7.476162" /><trkpt lat="44.008587" lon="7.475960" /><trkpt lat="44.008635" lon="7.475716" /><trkpt lat="44.008589" lon="7.475431" /><trkpt lat="44.008599" lon="7.475216" /><trkpt lat="44.008669" lon="7.475008" /><trkpt lat="44.008677" lon="7.474827" /><trkpt lat="44.008811" lon="7.474525" /><trkpt lat="44.008908" lon="7.474272" /><trkpt lat="44.008989" lon="7.474080" /><trkpt lat="44.008961" lon="7.473878" /><trkpt lat="44.008981" lon="7.473698" /><trkpt lat="44.008898" lon="7.473441" /><trkpt lat="44.008828" lon="7.473191" /><trkpt lat="44.008849" lon="7.473009" /><trkpt lat="44.008925" lon="7.472866" /><trkpt lat="44.009042" lon="7.472662" /><trkpt lat="44.009127" lon="7.472372" /><trkpt lat="44.009187" lon="7.472113" /><trkpt lat="44.009337" lon="7.471714" /><trkpt lat="44.009425" lon="7.471357" /><trkpt lat="44.009517" lon="7.470936" /><trkpt lat="44.009733" lon="7.470409" /><trkpt lat="44.009899" lon="7.470177" /><trkpt lat="44.010084" lon="7.469849" /><trkpt lat="44.009964" lon="7.469571" /><trkpt lat="44.009825" lon="7.469212" /><trkpt lat="44.009813" lon="7.468715" /><trkpt lat="44.009854" lon="7.468355" /><trkpt lat="44.009979" lon="7.467986" /><trkpt lat="44.010135" lon="7.467703" /><trkpt lat="44.010328" lon="7.467405" /><trkpt lat="44.010428" lon="7.467051" /><trkpt lat="44.010507" lon="7.466645" /><trkpt lat="44.010562" lon="7.466484" /><trkpt lat="44.010691" lon="7.466298" /><trkpt lat="44.010805" lon="7.466160" /><trkpt lat="44.010968" lon="7.465992" /><trkpt lat="44.011117" lon="7.465874" /><trkpt lat="44.011262" lon="7.465804" /><trkpt lat="44.011485" lon="7.465627" /><trkpt lat="44.011689" lon="7.465399" /><trkpt lat="44.011790" lon="7.465044" /><trkpt lat="44.011782" lon="7.464697" /><trkpt lat="44.011750" lon="7.464379" /><trkpt lat="44.011652" lon="7.464120" /><trkpt lat="44.011742" lon="7.463732" /><trkpt lat="44.011860" lon="7.463511" /><trkpt lat="44.012001" lon="7.463292" /><trkpt lat="44.012130" lon="7.463089" /><trkpt lat="44.012222" lon="7.462916" /><trkpt lat="44.012292" lon="7.462708" /><trkpt lat="44.012459" lon="7.462458" /><trkpt lat="44.012611" lon="7.462273" /><trkpt lat="44.012874" lon="7.462247" /><trkpt lat="44.013068" lon="7.462181" /><trkpt lat="44.013289" lon="7.462053" /><trkpt lat="44.013382" lon="7.461864" /><trkpt lat="44.013261" lon="7.461638" /><trkpt lat="44.013067" lon="7.461438" /><trkpt lat="44.012804" lon="7.461199" /><trkpt lat="44.012532" lon="7.460910" /><trkpt lat="44.012338" lon="7.460695" /><trkpt lat="44.012030" lon="7.460667" /><trkpt lat="44.011598" lon="7.460694" /><trkpt lat="44.011253" lon="7.460679" /><trkpt lat="44.010967" lon="7.460917" /><trkpt lat="44.010796" lon="7.461000" /><trkpt lat="44.010584" lon="7.461213" /><trkpt lat="44.010373" lon="7.461375" /><trkpt lat="44.010101" lon="7.461583" /><trkpt lat="44.009870" lon="7.461678" /><trkpt lat="44.009600" lon="7.461835" /><trkpt lat="44.009426" lon="7.462001" /><trkpt lat="44.009181" lon="7.462111" /><trkpt lat="44.008973" lon="7.462241" /><trkpt lat="44.008760" lon="7.462437" /><trkpt lat="44.008575" lon="7.462569" /><trkpt lat="44.008431" lon="7.462588" /><trkpt lat="44.008318" lon="7.462711" /><trkpt lat="44.008088" lon="7.463021" /><trkpt lat="44.007855" lon="7.463413" /><trkpt lat="44.007579" lon="7.463438" /><trkpt lat="44.007350" lon="7.463748" /><trkpt lat="44.007230" lon="7.464017" /><trkpt lat="44.007143" lon="7.464604" /><trkpt lat="44.007019" lon="7.465221" /><trkpt lat="44.006830" lon="7.465667" /><trkpt lat="44.006770" lon="7.465943" /><trkpt lat="44.006721" lon="7.466219" /><trkpt lat="44.006721" lon="7.466484" /><trkpt lat="44.006708" lon="7.466995" /><trkpt lat="44.006564" lon="7.467263" /><trkpt lat="44.006355" lon="7.467658" /><trkpt lat="44.006176" lon="7.468154" /><trkpt lat="44.006088" lon="7.468509" /><trkpt lat="44.005884" lon="7.468788" /><trkpt lat="44.005760" lon="7.469157" /><trkpt lat="44.005718" lon="7.469534" /><trkpt lat="44.005672" lon="7.470008" /><trkpt lat="44.005609" lon="7.470317" /><trkpt lat="44.005538" lon="7.470575" /><trkpt lat="44.005224" lon="7.470910" /><trkpt lat="44.004737" lon="7.471345" /><trkpt lat="44.004612" lon="7.471995" /><trkpt lat="44.004534" lon="7.472385" /><trkpt lat="44.004407" lon="7.472787" /><trkpt lat="44.004245" lon="7.473185" /><trkpt lat="44.003999" lon="7.473857" /><trkpt lat="44.003898" lon="7.474707" /><trkpt lat="44.003527" lon="7.475004" /><trkpt lat="44.003489" lon="7.474786" /><trkpt lat="44.003461" lon="7.474370" /><trkpt lat="44.003402" lon="7.473853" /><trkpt lat="44.003303" lon="7.473431" /><trkpt lat="44.003254" lon="7.472734" /><trkpt lat="44.003077" lon="7.472649" /><trkpt lat="44.002828" lon="7.472627" /><trkpt lat="44.002540" lon="7.472419" /><trkpt lat="44.002229" lon="7.472192" /><trkpt lat="44.001802" lon="7.472120" /><trkpt lat="44.001479" lon="7.471892" /><trkpt lat="44.001077" lon="7.471576" /><trkpt lat="44.000844" lon="7.471422" /><trkpt lat="44.000613" lon="7.471286" /><trkpt lat="44.000291" lon="7.471041" /><trkpt lat="43.999997" lon="7.470933" /><trkpt lat="43.999619" lon="7.470864" /><trkpt lat="43.999341" lon="7.470658" /><trkpt lat="43.999100" lon="7.470983" /><trkpt lat="43.998932" lon="7.471497" /><trkpt lat="43.998913" lon="7.472156" /><trkpt lat="43.998975" lon="7.472608" /><trkpt lat="43.999020" lon="7.472926" /><trkpt lat="43.998814" lon="7.473238" /><trkpt lat="43.998641" lon="7.473371" /><trkpt lat="43.998456" lon="7.473523" /><trkpt lat="43.998329" lon="7.473905" /><trkpt lat="43.998059" lon="7.474591" /><trkpt lat="43.998126" lon="7.474927" /><trkpt lat="43.998481" lon="7.474994" /><trkpt lat="43.998648" lon="7.474992" /><trkpt lat="43.998875" lon="7.475244" /><trkpt lat="43.998881" lon="7.475625" /><trkpt lat="43.998696" lon="7.476004" /><trkpt lat="43.998548" lon="7.476354" /><trkpt lat="43.998393" lon="7.476869" /><trkpt lat="43.998431" lon="7.477567" /><trkpt lat="43.998464" lon="7.478132" /><trkpt lat="43.998640" lon="7.478461" /><trkpt lat="43.998983" lon="7.478510" /><trkpt lat="43.999164" lon="7.478725" /><trkpt lat="43.999127" lon="7.479002" /><trkpt lat="43.999190" lon="7.479404" /><trkpt lat="43.999080" lon="7.479725" /><trkpt lat="43.999026" lon="7.480099" /><trkpt lat="43.998886" lon="7.480303" /><trkpt lat="43.998780" lon="7.480525" /><trkpt lat="43.998737" lon="7.480685" /><trkpt lat="43.998708" lon="7.480798" /><trkpt lat="43.998613" lon="7.481037" /><trkpt lat="43.998463" lon="7.481190" /><trkpt lat="43.998256" lon="7.481269" /><trkpt lat="43.997905" lon="7.481370" /><trkpt lat="43.997712" lon="7.481683" /><trkpt lat="43.997466" lon="7.481825" /><trkpt lat="43.997269" lon="7.481709" /><trkpt lat="43.997137" lon="7.481465" /><trkpt lat="43.996894" lon="7.481294" /><trkpt lat="43.996476" lon="7.481059" /><trkpt lat="43.996200" lon="7.480851" /><trkpt lat="43.995958" lon="7.480665" /><trkpt lat="43.995757" lon="7.480629" /><trkpt lat="43.995419" lon="7.480699" /><trkpt lat="43.995250" lon="7.480502" /><trkpt lat="43.995068" lon="7.480319" /><trkpt lat="43.994920" lon="7.480157" /><trkpt lat="43.994769" lon="7.480061" /><trkpt lat="43.994589" lon="7.480094" /><trkpt lat="43.994390" lon="7.480275" /><trkpt lat="43.994118" lon="7.480729" /><trkpt lat="43.993780" lon="7.481062" /><trkpt lat="43.993662" lon="7.481283" /><trkpt lat="43.993750" lon="7.481951" /><trkpt lat="43.993709" lon="7.482295" /><trkpt lat="43.993564" lon="7.482595" /><trkpt lat="43.993517" lon="7.482839" /><trkpt lat="43.993641" lon="7.483231" /><trkpt lat="43.993577" lon="7.483571" /><trkpt lat="43.993501" lon="7.483912" /><trkpt lat="43.993666" lon="7.484224" /><trkpt lat="43.993819" lon="7.484520" /><trkpt lat="43.993830" lon="7.484801" /><trkpt lat="43.993857" lon="7.485234" /><trkpt lat="43.994086" lon="7.485684" /><trkpt lat="43.994138" lon="7.486102" /><trkpt lat="43.994335" lon="7.486979" /><trkpt lat="43.994096" lon="7.486990" /><trkpt lat="43.993877" lon="7.487069" /><trkpt lat="43.993592" lon="7.487060" /><trkpt lat="43.993317" lon="7.487068" /><trkpt lat="43.993102" lon="7.487065" /><trkpt lat="43.992948" lon="7.487283" /><trkpt lat="43.992810" lon="7.487435" /><trkpt lat="43.992660" lon="7.487570" /><trkpt lat="43.992568" lon="7.487512" /><trkpt lat="43.992251" lon="7.487401" /><trkpt lat="43.992047" lon="7.487680" /><trkpt lat="43.991906" lon="7.487882" /><trkpt lat="43.991850" lon="7.488307" /><trkpt lat="43.991768" lon="7.488547" /><trkpt lat="43.991632" lon="7.488633" /><trkpt lat="43.991392" lon="7.488679" /><trkpt lat="43.991239" lon="7.488879" /><trkpt lat="43.990940" lon="7.489132" /></trkseg><trkseg><trkpt lat="44.128599" lon="7.097467" /><trkpt lat="44.128627" lon="7.097669" /><trkpt lat="44.128331" lon="7.097892" /><trkpt lat="44.128102" lon="7.097938" /><trkpt lat="44.127946" lon="7.097975" /><trkpt lat="44.127714" lon="7.098087" /><trkpt lat="44.127422" lon="7.098212" /><trkpt lat="44.127225" lon="7.098361" /><trkpt lat="44.127031" lon="7.098428" /><trkpt lat="44.126707" lon="7.098467" /><trkpt lat="44.126469" lon="7.098480" /><trkpt lat="44.126424" lon="7.098675" /><trkpt lat="44.126323" lon="7.099063" /><trkpt lat="44.126190" lon="7.099367" /><trkpt lat="44.125947" lon="7.099761" /><trkpt lat="44.125688" lon="7.099954" /><trkpt lat="44.125433" lon="7.100049" /><trkpt lat="44.125208" lon="7.100295" /><trkpt lat="44.125289" lon="7.100632" /><trkpt lat="44.125455" lon="7.100646" /><trkpt lat="44.125675" lon="7.100781" /><trkpt lat="44.125659" lon="7.101161" /><trkpt lat="44.125245" lon="7.101358" /><trkpt lat="44.125017" lon="7.101405" /><trkpt lat="44.124867" lon="7.101541" /><trkpt lat="44.124747" lon="7.101564" /><trkpt lat="44.124169" lon="7.101680" /><trkpt lat="44.123704" lon="7.101939" /><trkpt lat="44.123252" lon="7.102216" /><trkpt lat="44.122906" lon="7.102468" /><trkpt lat="44.122605" lon="7.102808" /><trkpt lat="44.122327" lon="7.103148" /><trkpt lat="44.122138" lon="7.103645" /><trkpt lat="44.122021" lon="7.104165" /><trkpt lat="44.121860" lon="7.104848" /><trkpt lat="44.121703" lon="7.105430" /><trkpt lat="44.121572" lon="7.105982" /><trkpt lat="44.121541" lon="7.106410" /><trkpt lat="44.121565" lon="7.106942" /><trkpt lat="44.121665" lon="7.107397" /><trkpt lat="44.121749" lon="7.107934" /><trkpt lat="44.121733" lon="7.108281" /><trkpt lat="44.121575" lon="7.108632" /><trkpt lat="44.121386" lon="7.109128" /><trkpt lat="44.121226" lon="7.109777" /><trkpt lat="44.120962" lon="7.110368" /><trkpt lat="44.120726" lon="7.110862" /><trkpt lat="44.120478" lon="7.111354" /><trkpt lat="44.120307" lon="7.111721" /><trkpt lat="44.120090" lon="7.112314" /><trkpt lat="44.119835" lon="7.112956" /><trkpt lat="44.119575" lon="7.113712" /><trkpt lat="44.119251" lon="7.114313" /><trkpt lat="44.118905" lon="7.114864" /><trkpt lat="44.118428" lon="7.115685" /><trkpt lat="44.118179" lon="7.116177" /><trkpt lat="44.117844" lon="7.116744" /><trkpt lat="44.117691" lon="7.116979" /><trkpt lat="44.117559" lon="7.117283" /><trkpt lat="44.117485" lon="7.117857" /><trkpt lat="44.117483" lon="7.118188" /><trkpt lat="44.117273" lon="7.118898" /><trkpt lat="44.117146" lon="7.119351" /><trkpt lat="44.117036" lon="7.119673" /><trkpt lat="44.116896" lon="7.120141" /><trkpt lat="44.116930" lon="7.120724" /><trkpt lat="44.116961" lon="7.121388" /><trkpt lat="44.116885" lon="7.122293" /><trkpt lat="44.116817" lon="7.123032" /><trkpt lat="44.116625" lon="7.123860" /><trkpt lat="44.116404" lon="7.124272" /><trkpt lat="44.116294" lon="7.124609" /><trkpt lat="44.116181" lon="7.124998" /><trkpt lat="44.116147" lon="7.125508" /><trkpt lat="44.116122" lon="7.126069" /><trkpt lat="44.115994" lon="7.126803" /><trkpt lat="44.115816" lon="7.127616" /><trkpt lat="44.115625" lon="7.128410" /><trkpt lat="44.115490" lon="7.129045" /><trkpt lat="44.115349" lon="7.129563" /><trkpt lat="44.115175" lon="7.130243" /><trkpt lat="44.115036" lon="7.130713" /><trkpt lat="44.114939" lon="7.131018" /><trkpt lat="44.114732" lon="7.131382" /><trkpt lat="44.114575" lon="7.131683" /><trkpt lat="44.114221" lon="7.132133" /><trkpt lat="44.114053" lon="7.132433" /><trkpt lat="44.113903" lon="7.132602" /><trkpt lat="44.113766" lon="7.132989" /><trkpt lat="44.113593" lon="7.133421" /><trkpt lat="44.113357" lon="7.133898" /><trkpt lat="44.113219" lon="7.134316" /><trkpt lat="44.113133" lon="7.134639" /><trkpt lat="44.112901" lon="7.135051" /><trkpt lat="44.112704" lon="7.135431" /><trkpt lat="44.112564" lon="7.135651" /><trkpt lat="44.112364" lon="7.136131" /><trkpt lat="44.112186" lon="7.136662" /><trkpt lat="44.111939" lon="7.137105" /><trkpt lat="44.111800" lon="7.137556" /><trkpt lat="44.111584" lon="7.137868" /><trkpt lat="44.111396" lon="7.138084" /><trkpt lat="44.111231" lon="7.138285" /><trkpt lat="44.111111" lon="7.138574" /><trkpt lat="44.110921" lon="7.139087" /><trkpt lat="44.110729" lon="7.139666" /><trkpt lat="44.110573" lon="7.139968" /><trkpt lat="44.110371" lon="7.140216" /><trkpt lat="44.110156" lon="7.140496" /><trkpt lat="44.109842" lon="7.140850" /><trkpt lat="44.109617" lon="7.141096" /><trkpt lat="44.109383" lon="7.141242" /><trkpt lat="44.109229" lon="7.141510" /><trkpt lat="44.109060" lon="7.141811" /><trkpt lat="44.108938" lon="7.142131" /><trkpt lat="44.108956" lon="7.142282" /><trkpt lat="44.109217" lon="7.142569" /><trkpt lat="44.109366" lon="7.142731" /><trkpt lat="44.109530" lon="7.142777" /><trkpt lat="44.109713" lon="7.142959" /><trkpt lat="44.109833" lon="7.143217" /><trkpt lat="44.109979" lon="7.143694" /><trkpt lat="44.110137" lon="7.143906" /><trkpt lat="44.110223" lon="7.144111" /><trkpt lat="44.110353" lon="7.144404" /><trkpt lat="44.110635" lon="7.144511" /><trkpt lat="44.110920" lon="7.144536" /><trkpt lat="44.111130" lon="7.144652" /><trkpt lat="44.111268" lon="7.144763" /><trkpt lat="44.111358" lon="7.144887" /><trkpt lat="44.111383" lon="7.145136" /><trkpt lat="44.111377" lon="7.145269" /><trkpt lat="44.111474" lon="7.145492" /><trkpt lat="44.111553" lon="7.145599" /><trkpt lat="44.111690" lon="7.145726" /><trkpt lat="44.111864" lon="7.145856" /><trkpt lat="44.111745" lon="7.146128" /><trkpt lat="44.111676" lon="7.146322" /><trkpt lat="44.111778" lon="7.146694" /><trkpt lat="44.111843" lon="7.146864" /><trkpt lat="44.111988" lon="7.147093" /><trkpt lat="44.112098" lon="7.147317" /><trkpt lat="44.112169" lon="7.147588" /><trkpt lat="44.112224" lon="7.147957" /><trkpt lat="44.112341" lon="7.148282" /><trkpt lat="44.112598" lon="7.148385" /><trkpt lat="44.112742" lon="7.148647" /><trkpt lat="44.112968" lon="7.149212" /><trkpt lat="44.113005" lon="7.149430" /><trkpt lat="44.112851" lon="7.149699" /><trkpt lat="44.112563" lon="7.150005" /><trkpt lat="44.112243" lon="7.150508" /><trkpt lat="44.111896" lon="7.151057" /><trkpt lat="44.111664" lon="7.151451" /><trkpt lat="44.111403" lon="7.151976" /><trkpt lat="44.111210" lon="7.152274" /><trkpt lat="44.111164" lon="7.152767" /><trkpt lat="44.110948" lon="7.153096" /><trkpt lat="44.110733" lon="7.153343" /><trkpt lat="44.110470" lon="7.153619" /><trkpt lat="44.110254" lon="7.153931" /><trkpt lat="44.110003" lon="7.154473" /><trkpt lat="44.109974" lon="7.154884" /><trkpt lat="44.110033" lon="7.155435" /><trkpt lat="44.110104" lon="7.155988" /><trkpt lat="44.110154" lon="7.156737" /><trkpt lat="44.110130" lon="7.157281" /><trkpt lat="44.110096" lon="7.157792" /><trkpt lat="44.110019" lon="7.158182" /><trkpt lat="44.109976" lon="7.158610" /><trkpt lat="44.110007" lon="7.158992" /><trkpt lat="44.110087" lon="7.159331" /><trkpt lat="44.110185" lon="7.159537" /><trkpt lat="44.110491" lon="7.159894" /><trkpt lat="44.110787" lon="7.160235" /><trkpt lat="44.111066" lon="7.160672" /><trkpt lat="44.111295" lon="7.160874" /><trkpt lat="44.111481" lon="7.160973" /><trkpt lat="44.111589" lon="7.160982" /><trkpt lat="44.111898" lon="7.161008" /><trkpt lat="44.111903" lon="7.161423" /><trkpt lat="44.111843" lon="7.161981" /><trkpt lat="44.111652" lon="7.162510" /><trkpt lat="44.111638" lon="7.162824" /><trkpt lat="44.111607" lon="7.163533" /><trkpt lat="44.111636" lon="7.163950" /><trkpt lat="44.111498" lon="7.164368" /><trkpt lat="44.111298" lon="7.164830" /><trkpt lat="44.110929" lon="7.165644" /><trkpt lat="44.110855" lon="7.165968" /><trkpt lat="44.110816" lon="7.166561" /><trkpt lat="44.110714" lon="7.167264" /><trkpt lat="44.110715" lon="7.167761" /><trkpt lat="44.110696" lon="7.168207" /><trkpt lat="44.110533" lon="7.168920" /><trkpt lat="44.110486" lon="7.169446" /><trkpt lat="44.110438" lon="7.169989" /><trkpt lat="44.110445" lon="7.170371" /><trkpt lat="44.110341" lon="7.170825" /><trkpt lat="44.110159" lon="7.171439" /><trkpt lat="44.109863" lon="7.171927" /><trkpt lat="44.109738" lon="7.172313" /><trkpt lat="44.109645" lon="7.172537" /><trkpt lat="44.109657" lon="7.172786" /><trkpt lat="44.109876" lon="7.172971" /><trkpt lat="44.110098" lon="7.173354" /><trkpt lat="44.110238" lon="7.173681" /><trkpt lat="44.110602" lon="7.174092" /><trkpt lat="44.110824" lon="7.174459" /><trkpt lat="44.111068" lon="7.174611" /><trkpt lat="44.111218" lon="7.174724" /><trkpt lat="44.111353" lon="7.174901" /><trkpt lat="44.111462" lon="7.175126" /><trkpt lat="44.111668" lon="7.175326" /><trkpt lat="44.111927" lon="7.175414" /><trkpt lat="44.112152" lon="7.175433" /><trkpt lat="44.112332" lon="7.175431" /><trkpt lat="44.112501" lon="7.175397" /><trkpt lat="44.112813" lon="7.175606" /><trkpt lat="44.112940" lon="7.175700" /><trkpt lat="44.113153" lon="7.175734" /><trkpt lat="44.113537" lon="7.175683" /><trkpt lat="44.113773" lon="7.175738" /><trkpt lat="44.114125" lon="7.175883" /><trkpt lat="44.114303" lon="7.175898" /><trkpt lat="44.114611" lon="7.175676" /><trkpt lat="44.114927" lon="7.175522" /><trkpt lat="44.115044" lon="7.175597" /><trkpt lat="44.115215" lon="7.175761" /><trkpt lat="44.115443" lon="7.175732" /><trkpt lat="44.115714" lon="7.175539" /><trkpt lat="44.116057" lon="7.175353" /><trkpt lat="44.116371" lon="7.175248" /><trkpt lat="44.116682" lon="7.174960" /><trkpt lat="44.116985" lon="7.174589" /><trkpt lat="44.117489" lon="7.174531" /><trkpt lat="44.117713" lon="7.174601" /><trkpt lat="44.118015" lon="7.174759" /><trkpt lat="44.118308" lon="7.174867" /><trkpt lat="44.118555" lon="7.174954" /><trkpt lat="44.119020" lon="7.174978" /><trkpt lat="44.119403" lon="7.174945" /><trkpt lat="44.119561" lon="7.174875" /><trkpt lat="44.119759" lon="7.174975" /><trkpt lat="44.119926" lon="7.174989" /><trkpt lat="44.120107" lon="7.174938" /><trkpt lat="44.120241" lon="7.174883" /><trkpt lat="44.120617" lon="7.175014" /><trkpt lat="44.120912" lon="7.175089" /><trkpt lat="44.121244" lon="7.175118" /><trkpt lat="44.121701" lon="7.175058" /><trkpt lat="44.121892" lon="7.175041" /><trkpt lat="44.121980" lon="7.175214" /><trkpt lat="44.121899" lon="7.175952" /><trkpt lat="44.121900" lon="7.176996" /><trkpt lat="44.121793" lon="7.177533" /><trkpt lat="44.121698" lon="7.177790" /><trkpt lat="44.121472" lon="7.178051" /><trkpt lat="44.121249" lon="7.178231" /><trkpt lat="44.121116" lon="7.178535" /><trkpt lat="44.120865" lon="7.178812" /><trkpt lat="44.120792" lon="7.179104" /><trkpt lat="44.120763" lon="7.179515" /><trkpt lat="44.120743" lon="7.179960" /><trkpt lat="44.120649" lon="7.180465" /><trkpt lat="44.120580" lon="7.180923" /><trkpt lat="44.120533" lon="7.181450" /><trkpt lat="44.120554" lon="7.181798" /><trkpt lat="44.120541" lon="7.182096" /><trkpt lat="44.120532" lon="7.182543" /><trkpt lat="44.120484" lon="7.183084" /><trkpt lat="44.120457" lon="7.183446" /><trkpt lat="44.120419" lon="7.184023" /><trkpt lat="44.120408" lon="7.184535" /><trkpt lat="44.120395" lon="7.184832" /><trkpt lat="44.120323" lon="7.185636" /><trkpt lat="44.120441" lon="7.186459" /><trkpt lat="44.120596" lon="7.187283" /><trkpt lat="44.120768" lon="7.187977" /><trkpt lat="44.120861" lon="7.188300" /><trkpt lat="44.120989" lon="7.189155" /><trkpt lat="44.121125" lon="7.189863" /><trkpt lat="44.121228" lon="7.190236" /><trkpt lat="44.121345" lon="7.190544" /><trkpt lat="44.121596" lon="7.191078" /><trkpt lat="44.121682" lon="7.191285" /><trkpt lat="44.121746" lon="7.191439" /><trkpt lat="44.121743" lon="7.191522" /><trkpt lat="44.121480" lon="7.191797" /><trkpt lat="44.121158" lon="7.192068" /><trkpt lat="44.120800" lon="7.192617" /><trkpt lat="44.120456" lon="7.193365" /><trkpt lat="44.120120" lon="7.193966" /><trkpt lat="44.119701" lon="7.194791" /><trkpt lat="44.119343" lon="7.195605" /><trkpt lat="44.119285" lon="7.196080" /><trkpt lat="44.119126" lon="7.196447" /><trkpt lat="44.118920" lon="7.196794" /><trkpt lat="44.118741" lon="7.197059" /><trkpt lat="44.118606" lon="7.197413" /><trkpt lat="44.118643" lon="7.197912" /><trkpt lat="44.118718" lon="7.198365" /><trkpt lat="44.118766" lon="7.198634" /><trkpt lat="44.118777" lon="7.198917" /><trkpt lat="44.118705" lon="7.199209" /><trkpt lat="44.118572" lon="7.199513" /><trkpt lat="44.118264" lon="7.199717" /><trkpt lat="44.117973" lon="7.199841" /><trkpt lat="44.117680" lon="7.199981" /><trkpt lat="44.117481" lon="7.200163" /><trkpt lat="44.117247" lon="7.200342" /><trkpt lat="44.116944" lon="7.200697" /><trkpt lat="44.116728" lon="7.201274" /><trkpt lat="44.116599" lon="7.201495" /><trkpt lat="44.116143" lon="7.201820" /><trkpt lat="44.115858" lon="7.202060" /><trkpt lat="44.115112" lon="7.202741" /><trkpt lat="44.114471" lon="7.203199" /><trkpt lat="44.114138" lon="7.203452" /><trkpt lat="44.114039" lon="7.203525" /><trkpt lat="44.114010" lon="7.204186" /><trkpt lat="44.114074" lon="7.204871" /><trkpt lat="44.114139" lon="7.205836" /><trkpt lat="44.114268" lon="7.206675" /><trkpt lat="44.114442" lon="7.207584" /><trkpt lat="44.114571" lon="7.208440" /><trkpt lat="44.114836" lon="7.209191" /><trkpt lat="44.115069" lon="7.209841" /><trkpt lat="44.115197" lon="7.210183" /><trkpt lat="44.115315" lon="7.210724" /><trkpt lat="44.115365" lon="7.211225" /><trkpt lat="44.115427" lon="7.211710" /><trkpt lat="44.115518" lon="7.212009" /><trkpt lat="44.115530" lon="7.212050" /><trkpt lat="44.115668" lon="7.212426" /><trkpt lat="44.115710" lon="7.212578" /><trkpt lat="44.115823" lon="7.213233" /><trkpt lat="44.115842" lon="7.213633" /><trkpt lat="44.115919" lon="7.214301" /><trkpt lat="44.115994" lon="7.215020" /><trkpt lat="44.116226" lon="7.215703" /><trkpt lat="44.116462" lon="7.216286" /><trkpt lat="44.116739" lon="7.216757" /><trkpt lat="44.116953" lon="7.217056" /><trkpt lat="44.117054" lon="7.217463" /><trkpt lat="44.117008" lon="7.217939" /><trkpt lat="44.116953" lon="7.218381" /><trkpt lat="44.116947" lon="7.218778" /><trkpt lat="44.116991" lon="7.219130" /><trkpt lat="44.117185" lon="7.219578" /><trkpt lat="44.117485" lon="7.220084" /><trkpt lat="44.117707" lon="7.220449" /><trkpt lat="44.118131" lon="7.221099" /><trkpt lat="44.118324" lon="7.221315" /><trkpt lat="44.118487" lon="7.221412" /><trkpt lat="44.118819" lon="7.221441" /><trkpt lat="44.119045" lon="7.221460" /><trkpt lat="44.119101" lon="7.221812" /><trkpt lat="44.119222" lon="7.222304" /><trkpt lat="44.119326" lon="7.222659" /><trkpt lat="44.119513" lon="7.222991" /><trkpt lat="44.119940" lon="7.223341" /><trkpt lat="44.120167" lon="7.223593" /><trkpt lat="44.120782" lon="7.223944" /><trkpt lat="44.121054" lon="7.224018" /><trkpt lat="44.121253" lon="7.224118" /><trkpt lat="44.121576" lon="7.224344" /><trkpt lat="44.121710" lon="7.224539" /><trkpt lat="44.121966" lon="7.224693" /><trkpt lat="44.122197" lon="7.224862" /><trkpt lat="44.122423" lon="7.224881" /><trkpt lat="44.122586" lon="7.224978" /><trkpt lat="44.122766" lon="7.225209" /><trkpt lat="44.122842" lon="7.225382" /><trkpt lat="44.122861" lon="7.225730" /><trkpt lat="44.122854" lon="7.225896" /><trkpt lat="44.122746" lon="7.226184" /><trkpt lat="44.122664" lon="7.226955" /><trkpt lat="44.122541" lon="7.227574" /><trkpt lat="44.122451" lon="7.228245" /><trkpt lat="44.122420" lon="7.228954" /><trkpt lat="44.122450" lon="7.229851" /><trkpt lat="44.122478" lon="7.230583" /><trkpt lat="44.122472" lon="7.231244" /><trkpt lat="44.122715" lon="7.231414" /><trkpt lat="44.122861" lon="7.231609" /><trkpt lat="44.122929" lon="7.231947" /><trkpt lat="44.123100" lon="7.232126" /><trkpt lat="44.123288" lon="7.232193" /><trkpt lat="44.123518" lon="7.232114" /><trkpt lat="44.123658" lon="7.232208" /><trkpt lat="44.123824" lon="7.232471" /><trkpt lat="44.123986" lon="7.232584" /><trkpt lat="44.124210" lon="7.232637" /><trkpt lat="44.124358" lon="7.232816" /><trkpt lat="44.124476" lon="7.233107" /><trkpt lat="44.124645" lon="7.233321" /><trkpt lat="44.124995" lon="7.233765" /><trkpt lat="44.125181" lon="7.234129" /><trkpt lat="44.125220" lon="7.234596" /><trkpt lat="44.125276" lon="7.234931" /><trkpt lat="44.125330" lon="7.235069" /><trkpt lat="44.125271" lon="7.235329" /><trkpt lat="44.125280" lon="7.235661" /></trkseg><trkseg><trkpt lat="43.990940" lon="7.489132" /><trkpt lat="43.990632" lon="7.489336" /><trkpt lat="43.990457" lon="7.489270" /><trkpt lat="43.990267" lon="7.489005" /><trkpt lat="43.990056" lon="7.488656" /><trkpt lat="43.989891" lon="7.488376" /><trkpt lat="43.989618" lon="7.488087" /><trkpt lat="43.989311" lon="7.487762" /><trkpt lat="43.989391" lon="7.487340" /><trkpt lat="43.989480" lon="7.486951" /><trkpt lat="43.989515" lon="7.486475" /><trkpt lat="43.989531" lon="7.485882" /><trkpt lat="43.989481" lon="7.485167" /><trkpt lat="43.989331" lon="7.484574" /><trkpt lat="43.989095" lon="7.483760" /><trkpt lat="43.988849" lon="7.483158" /><trkpt lat="43.988614" lon="7.482839" /><trkpt lat="43.988435" lon="7.482592" /><trkpt lat="43.988197" lon="7.482554" /><trkpt lat="43.987743" lon="7.482578" /><trkpt lat="43.987256" lon="7.482534" /><trkpt lat="43.986857" lon="7.482382" /><trkpt lat="43.986347" lon="7.482320" /><trkpt lat="43.985945" lon="7.482251" /><trkpt lat="43.985561" lon="7.482282" /><trkpt lat="43.985166" lon="7.482329" /><trkpt lat="43.984773" lon="7.482326" /><trkpt lat="43.984413" lon="7.482360" /><trkpt lat="43.983947" lon="7.482135" /><trkpt lat="43.983488" lon="7.481995" /><trkpt lat="43.982931" lon="7.481664" /><trkpt lat="43.982410" lon="7.481319" /><trkpt lat="43.981913" lon="7.480993" /><trkpt lat="43.981498" lon="7.480690" /><trkpt lat="43.981034" lon="7.480400" /><trkpt lat="43.980517" lon="7.480221" /><trkpt lat="43.980174" lon="7.479908" /><trkpt lat="43.979870" lon="7.479533" /><trkpt lat="43.979514" lon="7.478974" /><trkpt lat="43.979224" lon="7.478303" /><trkpt lat="43.979105" lon="7.477780" /><trkpt lat="43.979023" lon="7.477260" /><trkpt lat="43.978885" lon="7.476884" /><trkpt lat="43.978679" lon="7.476717" /><trkpt lat="43.978406" lon="7.476428" /><trkpt lat="43.978288" lon="7.475905" /><trkpt lat="43.978148" lon="7.475314" /><trkpt lat="43.978014" lon="7.474888" /><trkpt lat="43.977974" lon="7.474456" /><trkpt lat="43.978118" lon="7.474187" /><trkpt lat="43.978271" lon="7.473987" /><trkpt lat="43.978548" lon="7.473664" /><trkpt lat="43.978901" lon="7.473285" /><trkpt lat="43.979197" lon="7.472816" /><trkpt lat="43.979480" lon="7.472378" /><trkpt lat="43.979706" lon="7.471903" /><trkpt lat="43.979899" lon="7.471607" /><trkpt lat="43.979994" lon="7.471087" /><trkpt lat="43.980120" lon="7.470702" /><trkpt lat="43.980264" lon="7.470186" /><trkpt lat="43.980465" lon="7.469709" /><trkpt lat="43.980690" lon="7.469499" /><trkpt lat="43.980894" lon="7.469218" /><trkpt lat="43.981014" lon="7.468949" /><trkpt lat="43.981017" lon="7.468619" /><trkpt lat="43.980801" lon="7.468401" /><trkpt lat="43.980629" lon="7.468005" /><trkpt lat="43.980667" lon="7.467447" /><trkpt lat="43.980748" lon="7.466992" /><trkpt lat="43.980844" lon="7.466472" /><trkpt lat="43.980921" lon="7.466116" /><trkpt lat="43.980896" lon="7.465634" /><trkpt lat="43.980863" lon="7.465333" /><trkpt lat="43.980787" lon="7.464913" /><trkpt lat="43.980716" lon="7.464627" /><trkpt lat="43.980606" lon="7.464451" /><trkpt lat="43.980478" lon="7.464374" /><trkpt lat="43.980265" lon="7.464354" /><trkpt lat="43.980091" lon="7.464487" /><trkpt lat="43.980041" lon="7.464780" /><trkpt lat="43.980081" lon="7.465197" /><trkpt lat="43.979952" lon="7.465432" /><trkpt lat="43.979743" lon="7.465811" /><trkpt lat="43.979681" lon="7.466085" /><trkpt lat="43.979541" lon="7.466783" /><trkpt lat="43.979413" lon="7.467235" /><trkpt lat="43.979216" lon="7.467365" /><trkpt lat="43.979002" lon="7.467594" /><trkpt lat="43.978795" lon="7.467938" /><trkpt lat="43.978638" lon="7.468485" /><trkpt lat="43.978446" lon="7.468782" /><trkpt lat="43.978168" lon="7.468840" /><trkpt lat="43.977879" lon="7.468895" /><trkpt lat="43.977636" lon="7.468989" /><trkpt lat="43.977404" lon="7.469101" /><trkpt lat="43.977189" lon="7.469115" /><trkpt lat="43.976958" lon="7.469209" /><trkpt lat="43.976720" lon="7.469435" /><trkpt lat="43.976441" lon="7.469543" /><trkpt lat="43.976072" lon="7.469774" /><trkpt lat="43.975599" lon="7.470193" /><trkpt lat="43.975226" lon="7.470506" /><trkpt lat="43.974643" lon="7.470982" /><trkpt lat="43.974179" lon="7.471220" /><trkpt lat="43.974010" lon="7.470991" /><trkpt lat="43.973871" lon="7.470664" /><trkpt lat="43.973772" lon="7.470490" /><trkpt lat="43.973638" lon="7.469784" /><trkpt lat="43.973557" lon="7.469215" /><trkpt lat="43.973479" lon="7.468862" /><trkpt lat="43.973343" lon="7.468701" /><trkpt lat="43.973194" lon="7.468571" /><trkpt lat="43.972848" lon="7.468324" /><trkpt lat="43.972555" lon="7.467952" /><trkpt lat="43.972327" lon="7.467733" /><trkpt lat="43.972126" lon="7.467434" /><trkpt lat="43.971910" lon="7.467216" /><trkpt lat="43.971571" lon="7.467070" /><trkpt lat="43.971236" lon="7.466825" /><trkpt lat="43.970939" lon="7.466566" /><trkpt lat="43.970851" lon="7.466161" /><trkpt lat="43.970761" lon="7.465790" /><trkpt lat="43.970635" lon="7.465416" /><trkpt lat="43.970655" lon="7.464987" /><trkpt lat="43.970533" lon="7.464795" /><trkpt lat="43.970363" lon="7.464366" /><trkpt lat="43.970349" lon="7.463886" /><trkpt lat="43.970402" lon="7.463528" /><trkpt lat="43.970316" lon="7.463322" /><trkpt lat="43.970121" lon="7.463155" /><trkpt lat="43.969831" lon="7.462749" /><trkpt lat="43.969693" lon="7.462358" /><trkpt lat="43.969658" lon="7.462106" /><trkpt lat="43.969599" lon="7.461836" /><trkpt lat="43.969414" lon="7.461721" /><trkpt lat="43.969106" lon="7.461660" /><trkpt lat="43.968850" lon="7.461537" /><trkpt lat="43.968576" lon="7.461265" /><trkpt lat="43.968416" lon="7.461119" /><trkpt lat="43.968257" lon="7.460939" /><trkpt lat="43.968057" lon="7.460903" /><trkpt lat="43.967849" lon="7.461002" /><trkpt lat="43.967537" lon="7.461040" /><trkpt lat="43.967141" lon="7.461087" /><trkpt lat="43.966868" lon="7.461045" /><trkpt lat="43.966549" lon="7.460983" /><trkpt lat="43.966283" lon="7.460810" /><trkpt lat="43.966072" lon="7.460477" /><trkpt lat="43.965902" lon="7.460280" /><trkpt lat="43.965767" lon="7.460119" /><trkpt lat="43.965544" lon="7.460033" /><trkpt lat="43.965298" lon="7.459945" /><trkpt lat="43.965091" lon="7.460025" /><trkpt lat="43.964781" lon="7.460294" /><trkpt lat="43.964512" lon="7.460436" /><trkpt lat="43.964268" lon="7.460530" /><trkpt lat="43.964011" lon="7.460688" /><trkpt lat="43.963810" lon="7.460900" /><trkpt lat="43.963558" lon="7.461159" /><trkpt lat="43.963248" lon="7.461411" /><trkpt lat="43.962794" lon="7.461684" /><trkpt lat="43.962458" lon="7.461719" /><trkpt lat="43.962185" lon="7.461679" /><trkpt lat="43.961898" lon="7.461719" /><trkpt lat="43.961609" lon="7.461776" /><trkpt lat="43.961296" lon="7.461582" /><trkpt lat="43.961147" lon="7.461437" /><trkpt lat="43.961012" lon="7.461276" /><trkpt lat="43.960887" lon="7.461149" /><trkpt lat="43.960831" lon="7.461308" /><trkpt lat="43.960817" lon="7.461604" /><trkpt lat="43.960792" lon="7.461899" /><trkpt lat="43.960762" lon="7.462276" /><trkpt lat="43.960763" lon="7.462755" /><trkpt lat="43.960656" lon="7.463258" /><trkpt lat="43.960528" lon="7.463957" /><trkpt lat="43.960291" lon="7.464430" /><trkpt lat="43.960096" lon="7.464777" /><trkpt lat="43.959883" lon="7.465236" /><trkpt lat="43.959687" lon="7.465581" /><trkpt lat="43.959630" lon="7.465992" /><trkpt lat="43.959787" lon="7.466499" /><trkpt lat="43.959856" lon="7.467067" /><trkpt lat="43.959679" lon="7.467281" /><trkpt lat="43.959690" lon="7.467748" /><trkpt lat="43.959642" lon="7.468302" /><trkpt lat="43.959592" lon="7.468595" /><trkpt lat="43.959535" lon="7.469068" /><trkpt lat="43.959487" lon="7.469577" /><trkpt lat="43.959465" lon="7.470285" /><trkpt lat="43.959276" lon="7.470500" /><trkpt lat="43.959029" lon="7.470876" /><trkpt lat="43.958893" lon="7.471291" /><trkpt lat="43.958659" lon="7.471636" /><trkpt lat="43.958415" lon="7.471792" /><trkpt lat="43.958153" lon="7.471801" /><trkpt lat="43.957866" lon="7.471825" /><trkpt lat="43.957701" lon="7.471978" /><trkpt lat="43.957745" lon="7.472311" /><trkpt lat="43.957933" lon="7.472610" /><trkpt lat="43.958107" lon="7.472956" /><trkpt lat="43.958199" lon="7.473294" /><trkpt lat="43.958453" lon="7.473530" /><trkpt lat="43.958861" lon="7.473980" /><trkpt lat="43.959109" lon="7.474547" /><trkpt lat="43.959278" lon="7.475008" /><trkpt lat="43.959553" lon="7.475247" /><trkpt lat="43.959737" lon="7.475644" /><trkpt lat="43.960131" lon="7.476126" /><trkpt lat="43.960388" lon="7.476713" /><trkpt lat="43.960600" lon="7.477294" /><trkpt lat="43.960681" lon="7.477830" /><trkpt lat="43.960748" lon="7.478184" /><trkpt lat="43.960911" lon="7.478511" /><trkpt lat="43.961299" lon="7.479205" /><trkpt lat="43.961481" lon="7.479588" /><trkpt lat="43.961689" lon="7.479987" /><trkpt lat="43.961525" lon="7.479969" /><trkpt lat="43.961333" lon="7.479753" /><trkpt lat="43.961036" lon="7.479462" /><trkpt lat="43.960696" lon="7.479068" /><trkpt lat="43.960118" lon="7.478685" /><trkpt lat="43.959884" lon="7.478350" /><trkpt lat="43.959566" lon="7.477991" /><trkpt lat="43.959176" lon="7.477658" /><trkpt lat="43.958832" lon="7.477363" /><trkpt lat="43.958435" lon="7.477194" /><trkpt lat="43.958058" lon="7.477078" /><trkpt lat="43.957671" lon="7.476943" /><trkpt lat="43.957346" lon="7.476749" /><trkpt lat="43.956976" lon="7.476501" /><trkpt lat="43.956598" lon="7.476433" /><trkpt lat="43.956328" lon="7.476590" /><trkpt lat="43.955936" lon="7.476819" /><trkpt lat="43.955676" lon="7.477011" /><trkpt lat="43.955460" lon="7.477271" /><trkpt lat="43.955284" lon="7.477718" /><trkpt lat="43.954984" lon="7.478268" /><trkpt lat="43.954701" lon="7.478706" /><trkpt lat="43.954512" lon="7.478920" /><trkpt lat="43.954200" lon="7.479205" /><trkpt lat="43.953954" lon="7.479301" /><trkpt lat="43.953751" lon="7.479564" /><trkpt lat="43.953366" lon="7.479876" /><trkpt lat="43.953128" lon="7.480119" /><trkpt lat="43.953016" lon="7.480454" /><trkpt lat="43.953000" lon="7.480800" /><trkpt lat="43.952908" lon="7.481142" /></trkseg><trkseg><trkpt lat="43.949416" lon="7.415810" /><trkpt lat="43.949143" lon="7.415769" /><trkpt lat="43.948940" lon="7.416279" /><trkpt lat="43.948599" lon="7.416447" /><trkpt lat="43.948129" lon="7.416536" /><trkpt lat="43.947938" lon="7.416801" /><trkpt lat="43.947801" lon="7.417167" /><trkpt lat="43.947611" lon="7.417431" /><trkpt lat="43.947517" lon="7.417637" /><trkpt lat="43.947382" lon="7.417725" /><trkpt lat="43.947192" lon="7.417708" /><trkpt lat="43.946981" lon="7.417622" /><trkpt lat="43.946773" lon="7.417488" /><trkpt lat="43.946456" lon="7.417378" /><trkpt lat="43.946179" lon="7.417666" /><trkpt lat="43.946240" lon="7.418150" /><trkpt lat="43.946079" lon="7.418548" /><trkpt lat="43.945984" lon="7.418789" /><trkpt lat="43.945744" lon="7.419064" /><trkpt lat="43.945451" lon="7.419219" /><trkpt lat="43.945212" lon="7.419231" /><trkpt lat="43.945022" lon="7.419214" /><trkpt lat="43.944732" lon="7.419039" /><trkpt lat="43.944584" lon="7.418630" /><trkpt lat="43.944279" lon="7.418503" /><trkpt lat="43.943952" lon="7.418342" /><trkpt lat="43.943631" lon="7.418082" /><trkpt lat="43.943336" lon="7.417758" /><trkpt lat="43.942943" lon="7.417492" /><trkpt lat="43.942603" lon="7.417363" /><trkpt lat="43.942264" lon="7.417217" /><trkpt lat="43.941810" lon="7.416962" /><trkpt lat="43.941409" lon="7.416876" /><trkpt lat="43.941070" lon="7.416714" /><trkpt lat="43.940803" lon="7.416062" /><trkpt lat="43.940494" lon="7.415523" /><trkpt lat="43.940047" lon="7.415136" /><trkpt lat="43.939679" lon="7.414839" /><trkpt lat="43.939186" lon="7.414414" /><trkpt lat="43.938714" lon="7.414042" /><trkpt lat="43.938180" lon="7.413979" /><trkpt lat="43.937898" lon="7.414150" /><trkpt lat="43.937665" lon="7.414278" /><trkpt lat="43.937461" lon="7.414310" /><trkpt lat="43.937269" lon="7.414243" /><trkpt lat="43.936951" lon="7.413884" /><trkpt lat="43.936613" lon="7.413541" /><trkpt lat="43.936159" lon="7.413335" /><trkpt lat="43.935812" lon="7.413337" /><trkpt lat="43.935572" lon="7.413118" /><trkpt lat="43.935275" lon="7.412827" /><trkpt lat="43.934880" lon="7.412858" /><trkpt lat="43.934602" lon="7.412932" /><trkpt lat="43.934376" lon="7.412911" /><trkpt lat="43.934115" lon="7.412888" /><trkpt lat="43.933635" lon="7.412714" /><trkpt lat="43.933335" lon="7.412488" /><trkpt lat="43.933094" lon="7.412170" /><trkpt lat="43.932890" lon="7.411804" /><trkpt lat="43.932651" lon="7.411569" /><trkpt lat="43.932303" lon="7.411108" /><trkpt lat="43.931945" lon="7.411093" /><trkpt lat="43.931475" lon="7.411199" /><trkpt lat="43.931133" lon="7.410872" /><trkpt lat="43.930666" lon="7.410913" /><trkpt lat="43.930129" lon="7.411145" /><trkpt lat="43.929819" lon="7.411398" /><trkpt lat="43.929578" lon="7.411954" /><trkpt lat="43.929458" lon="7.412504" /><trkpt lat="43.929454" lon="7.412835" /><trkpt lat="43.929264" lon="7.413345" /><trkpt lat="43.929173" lon="7.413750" /><trkpt lat="43.928966" lon="7.414078" /><trkpt lat="43.929004" lon="7.414560" /><trkpt lat="43.929193" lon="7.414858" /><trkpt lat="43.929291" lon="7.415064" /><trkpt lat="43.929377" lon="7.415254" /><trkpt lat="43.929351" lon="7.415549" /><trkpt lat="43.929164" lon="7.415714" /><trkpt lat="43.929096" lon="7.415905" /><trkpt lat="43.928951" lon="7.415959" /><trkpt lat="43.928809" lon="7.415929" /><trkpt lat="43.928492" lon="7.415818" /><trkpt lat="43.928197" lon="7.415743" /><trkpt lat="43.927624" lon="7.415757" /><trkpt lat="43.927216" lon="7.415804" /><trkpt lat="43.927025" lon="7.416315" /><trkpt lat="43.926690" lon="7.416582" /><trkpt lat="43.926423" lon="7.416954" /><trkpt lat="43.926425" lon="7.417416" /><trkpt lat="43.926658" lon="7.417783" /><trkpt lat="43.926414" lon="7.418405" /><trkpt lat="43.926215" lon="7.418569" /><trkpt lat="43.926023" lon="7.418354" /><trkpt lat="43.925891" lon="7.417996" /><trkpt lat="43.925826" lon="7.417461" /><trkpt lat="43.925660" lon="7.417067" /><trkpt lat="43.925588" lon="7.416318" /><trkpt lat="43.925677" lon="7.415699" /><trkpt lat="43.925767" lon="7.415277" /><trkpt lat="43.925916" lon="7.414895" /><trkpt lat="43.926115" lon="7.414467" /><trkpt lat="43.926391" lon="7.414062" /><trkpt lat="43.926442" lon="7.413721" /><trkpt lat="43.926125" lon="7.413378" /><trkpt lat="43.925594" lon="7.413248" /><trkpt lat="43.925176" lon="7.413525" /><trkpt lat="43.924984" lon="7.414052" /><trkpt lat="43.924970" lon="7.414579" /><trkpt lat="43.924906" lon="7.414936" /><trkpt lat="43.924900" lon="7.415332" /><trkpt lat="43.924769" lon="7.415567" /><trkpt lat="43.924619" lon="7.415720" /><trkpt lat="43.924415" lon="7.415750" /><trkpt lat="43.924212" lon="7.415749" /><trkpt lat="43.923987" lon="7.415960" /><trkpt lat="43.923791" lon="7.416074" /><trkpt lat="43.923560" lon="7.415905" /><trkpt lat="43.923491" lon="7.415602" /><trkpt lat="43.923364" lon="7.415128" /><trkpt lat="43.923495" lon="7.414628" /><trkpt lat="43.923650" lon="7.414378" /><trkpt lat="43.923757" lon="7.414123" /><trkpt lat="43.923829" lon="7.413865" /><trkpt lat="43.923730" lon="7.413560" /><trkpt lat="43.923463" lon="7.413156" /><trkpt lat="43.923067" lon="7.413188" /><trkpt lat="43.922956" lon="7.413772" /><trkpt lat="43.922835" lon="7.414073" /><trkpt lat="43.922620" lon="7.414336" /><trkpt lat="43.922477" lon="7.414570" /><trkpt lat="43.922244" lon="7.414962" /><trkpt lat="43.922017" lon="7.415223" /><trkpt lat="43.921594" lon="7.415613" /><trkpt lat="43.921444" lon="7.416012" /><trkpt lat="43.921316" lon="7.416199" /><trkpt lat="43.921134" lon="7.416283" /><trkpt lat="43.920808" lon="7.416105" /><trkpt lat="43.920589" lon="7.415953" /><trkpt lat="43.920271" lon="7.415842" /><trkpt lat="43.919894" lon="7.416006" /><trkpt lat="43.919594" lon="7.416045" /><trkpt lat="43.919165" lon="7.416040" /><trkpt lat="43.918825" lon="7.416175" /><trkpt lat="43.918473" lon="7.416275" /><trkpt lat="43.918293" lon="7.416309" /><trkpt lat="43.918183" lon="7.416100" /><trkpt lat="43.918169" lon="7.415902" /><trkpt lat="43.918224" lon="7.415609" /><trkpt lat="43.918378" lon="7.415375" /><trkpt lat="43.918565" lon="7.415194" /><trkpt lat="43.918731" lon="7.414994" /><trkpt lat="43.918840" lon="7.414690" /><trkpt lat="43.918891" lon="7.414365" /><trkpt lat="43.918907" lon="7.414019" /><trkpt lat="43.918981" lon="7.413713" /><trkpt lat="43.919064" lon="7.413472" /><trkpt lat="43.919028" lon="7.413090" /><trkpt lat="43.918914" lon="7.413096" /><trkpt lat="43.918732" lon="7.413178" /><trkpt lat="43.918548" lon="7.413262" /><trkpt lat="43.918379" lon="7.413312" /><trkpt lat="43.918186" lon="7.413113" /><trkpt lat="43.918162" lon="7.412847" /><trkpt lat="43.918190" lon="7.412520" /><trkpt lat="43.918340" lon="7.412121" /><trkpt lat="43.918473" lon="7.411818" /><trkpt lat="43.918678" lon="7.411524" /><trkpt lat="43.918841" lon="7.411356" /><trkpt lat="43.919025" lon="7.411224" /><trkpt lat="43.919242" lon="7.411178" /><trkpt lat="43.919438" lon="7.411064" /><trkpt lat="43.919567" lon="7.410877" /><trkpt lat="43.919627" lon="7.410602" /><trkpt lat="43.919702" lon="7.410295" /><trkpt lat="43.919721" lon="7.410115" /><trkpt lat="43.919895" lon="7.409982" /><trkpt lat="43.920263" lon="7.409751" /><trkpt lat="43.920444" lon="7.409717" /><trkpt lat="43.920577" lon="7.409679" /><trkpt lat="43.920705" lon="7.409494" /><trkpt lat="43.920730" lon="7.409215" /><trkpt lat="43.920671" lon="7.408930" /><trkpt lat="43.920540" lon="7.408555" /><trkpt lat="43.920301" lon="7.408302" /><trkpt lat="43.920056" lon="7.408446" /><trkpt lat="43.919839" lon="7.408774" /><trkpt lat="43.919651" lon="7.408954" /><trkpt lat="43.919411" lon="7.408982" /><trkpt lat="43.919144" lon="7.409090" /><trkpt lat="43.918847" lon="7.409327" /><trkpt lat="43.918777" lon="7.409520" /><trkpt lat="43.918603" lon="7.409686" /><trkpt lat="43.918362" lon="7.409713" /><trkpt lat="43.918151" lon="7.409645" /><trkpt lat="43.917947" lon="7.409675" /><trkpt lat="43.917725" lon="7.409574" /><trkpt lat="43.917300" lon="7.408958" /><trkpt lat="43.917092" lon="7.409088" /><trkpt lat="43.917087" lon="7.409699" /><trkpt lat="43.917068" lon="7.410109" /><trkpt lat="43.916911" lon="7.410408" /><trkpt lat="43.916712" lon="7.410572" /><trkpt lat="43.916478" lon="7.410734" /><trkpt lat="43.916264" lon="7.410730" /><trkpt lat="43.915944" lon="7.410653" /><trkpt lat="43.915694" lon="7.410663" /><trkpt lat="43.915381" lon="7.410981" /><trkpt lat="43.915223" lon="7.411298" /><trkpt lat="43.915013" lon="7.411460" /><trkpt lat="43.914805" lon="7.411309" /><trkpt lat="43.914645" lon="7.410998" /><trkpt lat="43.914665" lon="7.410587" /><trkpt lat="43.914722" lon="7.410130" /><trkpt lat="43.914776" lon="7.409756" /><trkpt lat="43.914754" lon="7.409440" /><trkpt lat="43.914681" lon="7.408988" /><trkpt lat="43.914603" lon="7.408601" /><trkpt lat="43.914406" lon="7.408105" /><trkpt lat="43.914198" lon="7.407954" /><trkpt lat="43.913831" lon="7.407906" /><trkpt lat="43.913498" lon="7.407876" /><trkpt lat="43.913192" lon="7.408047" /><trkpt lat="43.912950" lon="7.408355" /><trkpt lat="43.912799" lon="7.408540" /><trkpt lat="43.912559" lon="7.408584" /><trkpt lat="43.912260" lon="7.408590" /><trkpt lat="43.912046" lon="7.408587" /><trkpt lat="43.911827" lon="7.408683" /><trkpt lat="43.911807" lon="7.409094" /><trkpt lat="43.911541" lon="7.409153" /><trkpt lat="43.911215" lon="7.409008" /><trkpt lat="43.911012" lon="7.408759" /><trkpt lat="43.910758" lon="7.408555" /><trkpt lat="43.910250" lon="7.408443" /><trkpt lat="43.909930" lon="7.408415" /><trkpt lat="43.909669" lon="7.408392" /><trkpt lat="43.909472" lon="7.408243" /><trkpt lat="43.909314" lon="7.408079" /><trkpt lat="43.909010" lon="7.407937" /><trkpt lat="43.908648" lon="7.408004" /><trkpt lat="43.908467" lon="7.408301" /><trkpt lat="43.908205" lon="7.408575" /><trkpt lat="43.907932" lon="7.408780" /><trkpt lat="43.907766" lon="7.409029" /><trkpt lat="43.907658" lon="7.409301" /><trkpt lat="43.907440" lon="7.409611" /><trkpt lat="43.907399" lon="7.409987" /><trkpt lat="43.907435" lon="7.410238" /><trkpt lat="43.907244" lon="7.410502" /><trkpt lat="43.907130" lon="7.410887" /><trkpt lat="43.907111" lon="7.411281" /><trkpt lat="43.907108" lon="7.411627" /><trkpt lat="43.906952" lon="7.411895" /><trkpt lat="43.906923" lon="7.412270" /><trkpt lat="43.906872" lon="7.412580" /><trkpt lat="43.906796" lon="7.412936" /><trkpt lat="43.906737" lon="7.413179" /><trkpt lat="43.906515" lon="7.413340" /><trkpt lat="43.906372" lon="7.413591" /><trkpt lat="43.906753" lon="7.413840" /><trkpt lat="43.907010" lon="7.414225" /><trkpt lat="43.907025" lon="7.414672" /><trkpt lat="43.907435" lon="7.414824" /><trkpt lat="43.907643" lon="7.414976" /><trkpt lat="43.907815" lon="7.415140" /><trkpt lat="43.907924" lon="7.415346" /><trkpt lat="43.907909" lon="7.415659" /><trkpt lat="43.907901" lon="7.416087" /><trkpt lat="43.908016" lon="7.416444" /><trkpt lat="43.908128" lon="7.416602" /><trkpt lat="43.908053" lon="7.416925" /><trkpt lat="43.908078" lon="7.417159" /><trkpt lat="43.908121" lon="7.417510" /><trkpt lat="43.908163" lon="7.417876" /><trkpt lat="43.908367" lon="7.418108" /><trkpt lat="43.908450" lon="7.418397" /><trkpt lat="43.908555" lon="7.418686" /><trkpt lat="43.908732" lon="7.418966" /><trkpt lat="43.908983" lon="7.419220" /><trkpt lat="43.909230" lon="7.419308" /><trkpt lat="43.909324" lon="7.419580" /><trkpt lat="43.909420" lon="7.419820" /><trkpt lat="43.909471" lon="7.420006" /><trkpt lat="43.909577" lon="7.420297" /><trkpt lat="43.909660" lon="7.420568" /><trkpt lat="43.909754" lon="7.420857" /><trkpt lat="43.909937" lon="7.421021" /><trkpt lat="43.910078" lon="7.421315" /><trkpt lat="43.910186" lon="7.421555" /><trkpt lat="43.910427" lon="7.421776" /><trkpt lat="43.910590" lon="7.421857" /><trkpt lat="43.910627" lon="7.422074" /><trkpt lat="43.910604" lon="7.422319" /><trkpt lat="43.910615" lon="7.422584" /><trkpt lat="43.910771" lon="7.422829" /><trkpt lat="43.910952" lon="7.423027" /><trkpt lat="43.911110" lon="7.423222" /><trkpt lat="43.911238" lon="7.423565" /><trkpt lat="43.911456" lon="7.423733" /><trkpt lat="43.911696" lon="7.423969" /><trkpt lat="43.911938" lon="7.424155" /><trkpt lat="43.912048" lon="7.424330" /><trkpt lat="43.912122" lon="7.424535" /><trkpt lat="43.912085" lon="7.424829" /><trkpt lat="43.912272" lon="7.425175" /><trkpt lat="43.912479" lon="7.425342" /><trkpt lat="43.912567" lon="7.425483" /><trkpt lat="43.912640" lon="7.425704" /><trkpt lat="43.912776" lon="7.425864" /><trkpt lat="43.912839" lon="7.426051" /><trkpt lat="43.912837" lon="7.426348" /><trkpt lat="43.912820" lon="7.426709" /><trkpt lat="43.912997" lon="7.427005" /><trkpt lat="43.913263" lon="7.427426" /><trkpt lat="43.913555" lon="7.427815" /><trkpt lat="43.913770" lon="7.428081" /><trkpt lat="43.914062" lon="7.428207" /><trkpt lat="43.914248" lon="7.428306" /><trkpt lat="43.914355" lon="7.428563" /><trkpt lat="43.914449" lon="7.428868" /><trkpt lat="43.914504" lon="7.429220" /><trkpt lat="43.914595" lon="7.429558" /><trkpt lat="43.914717" lon="7.429751" /><trkpt lat="43.914809" lon="7.430089" /><trkpt lat="43.914815" lon="7.430222" /><trkpt lat="43.914584" lon="7.430036" /><trkpt lat="43.914219" lon="7.429706" /><trkpt lat="43.913985" lon="7.429586" /><trkpt lat="43.913654" lon="7.429524" /><trkpt lat="43.913359" lon="7.429463" /><trkpt lat="43.913029" lon="7.429368" /><trkpt lat="43.912743" lon="7.429359" /><trkpt lat="43.912494" lon="7.429337" /><trkpt lat="43.912211" lon="7.429279" /><trkpt lat="43.911825" lon="7.429096" /><trkpt lat="43.911572" lon="7.429403" /><trkpt lat="43.911753" lon="7.429880" /><trkpt lat="43.911925" lon="7.430275" /><trkpt lat="43.912076" lon="7.430619" /><trkpt lat="43.912224" lon="7.431012" /><trkpt lat="43.912390" lon="7.431308" /><trkpt lat="43.912332" lon="7.431517" /><trkpt lat="43.912296" lon="7.431761" /><trkpt lat="43.912442" lon="7.431972" /><trkpt lat="43.912456" lon="7.432188" /><trkpt lat="43.912422" lon="7.432400" /><trkpt lat="43.912217" lon="7.432694" /><trkpt lat="43.911952" lon="7.433000" /><trkpt lat="43.911776" lon="7.433200" /><trkpt lat="43.911715" lon="7.433491" /><trkpt lat="43.911465" lon="7.433732" /><trkpt lat="43.911261" lon="7.434259" /><trkpt lat="43.911083" lon="7.434738" /><trkpt lat="43.910852" lon="7.435096" /><trkpt lat="43.910714" lon="7.435480" /><trkpt lat="43.910505" lon="7.435859" /><trkpt lat="43.910316" lon="7.436088" /><trkpt lat="43.910082" lon="7.436496" /><trkpt lat="43.910054" lon="7.436824" /><trkpt lat="43.909912" lon="7.437059" /><trkpt lat="43.909734" lon="7.437290" /><trkpt lat="43.909528" lon="7.437618" /><trkpt lat="43.909245" lon="7.438055" /><trkpt lat="43.908993" lon="7.438345" /><trkpt lat="43.908813" lon="7.438626" /><trkpt lat="43.908624" lon="7.438840" /><trkpt lat="43.908391" lon="7.438968" /><trkpt lat="43.908244" lon="7.439053" /><trkpt lat="43.908054" lon="7.439053" /><trkpt lat="43.907876" lon="7.439020" /><trkpt lat="43.907638" lon="7.438999" /><trkpt lat="43.907406" lon="7.439110" /><trkpt lat="43.907190" lon="7.439141" /><trkpt lat="43.906954" lon="7.439086" /><trkpt lat="43.906695" lon="7.439014" /><trkpt lat="43.906251" lon="7.439336" /><trkpt lat="43.906230" lon="7.440027" /><trkpt lat="43.905979" lon="7.440318" /><trkpt lat="43.905668" lon="7.440587" /><trkpt lat="43.905605" lon="7.440879" /><trkpt lat="43.905518" lon="7.441218" /><trkpt lat="43.905657" lon="7.441560" /><trkpt lat="43.905915" lon="7.441913" /><trkpt lat="43.906171" lon="7.442316" /><trkpt lat="43.906387" lon="7.442549" /><trkpt lat="43.906591" lon="7.442766" /><trkpt lat="43.906767" lon="7.442799" /><trkpt lat="43.906923" lon="7.442796" /><trkpt lat="43.907040" lon="7.442328" /><trkpt lat="43.907333" lon="7.442437" /><trkpt lat="43.907533" lon="7.442257" /><trkpt lat="43.907672" lon="7.442352" /><trkpt lat="43.907854" lon="7.442533" /><trkpt lat="43.908009" lon="7.442778" /><trkpt lat="43.908209" lon="7.443093" /><trkpt lat="43.908451" lon="7.443280" /><trkpt lat="43.908673" lon="7.443383" /><trkpt lat="43.908883" lon="7.443219" /><trkpt lat="43.909329" lon="7.442617" /><trkpt lat="43.909573" lon="7.442755" /><trkpt lat="43.909649" lon="7.442925" /><trkpt lat="43.909795" lon="7.442609" /><trkpt lat="43.910045" lon="7.442598" /><trkpt lat="43.910245" lon="7.442418" /><trkpt lat="43.910478" lon="7.442539" /><trkpt lat="43.910735" lon="7.442660" /><trkpt lat="43.911066" lon="7.442723" /><trkpt lat="43.911303" lon="7.442497" /><trkpt lat="43.911521" lon="7.442681" /><trkpt lat="43.911709" lon="7.442748" /><trkpt lat="43.911899" lon="7.442765" /><trkpt lat="43.912092" lon="7.442733" /><trkpt lat="43.912307" lon="7.442719" /><trkpt lat="43.912476" lon="7.442933" /><trkpt lat="43.912684" lon="7.443067" /><trkpt lat="43.912919" lon="7.443137" /><trkpt lat="43.913126" lon="7.443304" /><trkpt lat="43.913388" lon="7.443327" /><trkpt lat="43.913557" lon="7.443525" /><trkpt lat="43.913494" lon="7.443850" /><trkpt lat="43.913630" lon="7.443993" /><trkpt lat="43.913830" lon="7.444061" /><trkpt lat="43.914040" lon="7.444179" /><trkpt lat="43.914160" lon="7.444404" /><trkpt lat="43.914316" lon="7.444649" /><trkpt lat="43.914364" lon="7.444902" /><trkpt lat="43.914491" lon="7.445226" /><trkpt lat="43.914730" lon="7.445232" /><trkpt lat="43.914921" lon="7.445068" /><trkpt lat="43.915116" lon="7.445151" /><trkpt lat="43.915262" lon="7.445328" /><trkpt lat="43.915278" lon="7.445495" /><trkpt lat="43.915256" lon="7.445692" /><trkpt lat="43.915017" lon="7.445967" /><trkpt lat="43.914744" lon="7.446189" /><trkpt lat="43.914443" lon="7.446245" /><trkpt lat="43.914170" lon="7.446221" /><trkpt lat="43.913934" lon="7.446167" /><trkpt lat="43.913705" lon="7.445947" /><trkpt lat="43.913427" lon="7.445791" /><trkpt lat="43.913111" lon="7.445663" /><trkpt lat="43.912803" lon="7.445602" /><trkpt lat="43.912369" lon="7.445696" /><trkpt lat="43.912103" lon="7.446017" /><trkpt lat="43.911929" lon="7.446431" /><trkpt lat="43.911730" lon="7.446875" /><trkpt lat="43.911594" lon="7.447209" /><trkpt lat="43.911440" lon="7.447427" /><trkpt lat="43.911167" lon="7.447666" /><trkpt lat="43.910966" lon="7.447879" /><trkpt lat="43.910845" lon="7.448181" /><trkpt lat="43.911057" lon="7.448497" /><trkpt lat="43.911282" lon="7.448766" /><trkpt lat="43.911398" lon="7.449105" /><trkpt lat="43.911455" lon="7.449391" /><trkpt lat="43.911392" lon="7.449732" /><trkpt lat="43.911350" lon="7.450108" /><trkpt lat="43.911298" lon="7.450449" /><trkpt lat="43.911324" lon="7.450666" /><trkpt lat="43.911514" lon="7.450947" /><trkpt lat="43.911541" lon="7.451379" /><trkpt lat="43.911590" lon="7.451862" /><trkpt lat="43.911591" lon="7.452340" /><trkpt lat="43.911938" lon="7.452570" /><trkpt lat="43.912083" lon="7.452782" /><trkpt lat="43.912298" lon="7.453048" /><trkpt lat="43.912500" lon="7.453049" /><trkpt lat="43.912749" lon="7.453088" /><trkpt lat="43.912921" lon="7.453235" /><trkpt lat="43.913028" lon="7.453494" /><trkpt lat="43.913246" lon="7.453694" /><trkpt lat="43.913461" lon="7.453681" /><trkpt lat="43.913659" lon="7.453765" /><trkpt lat="43.913882" lon="7.453867" /><trkpt lat="43.914144" lon="7.453858" /><trkpt lat="43.914393" lon="7.453898" /><trkpt lat="43.914667" lon="7.453923" /><trkpt lat="43.914949" lon="7.453996" /><trkpt lat="43.915174" lon="7.454051" /><trkpt lat="43.915259" lon="7.454240" /><trkpt lat="43.915198" lon="7.454531" /><trkpt lat="43.915116" lon="7.454738" /><trkpt lat="43.914998" lon="7.454975" /><trkpt lat="43.915056" lon="7.455277" /><trkpt lat="43.915092" lon="7.455528" /><trkpt lat="43.915252" lon="7.455906" /><trkpt lat="43.915466" lon="7.456189" /><trkpt lat="43.915738" lon="7.456246" /><trkpt lat="43.915905" lon="7.456493" /><trkpt lat="43.916055" lon="7.456622" /><trkpt lat="43.916248" lon="7.456804" /><trkpt lat="43.916460" lon="7.456857" /><trkpt lat="43.916626" lon="7.456888" /><trkpt lat="43.916851" lon="7.456925" /><trkpt lat="43.916952" lon="7.457066" /><trkpt lat="43.916941" lon="7.457312" /><trkpt lat="43.916785" lon="7.457562" /><trkpt lat="43.916765" lon="7.457726" /></trkseg><trkseg><trkpt lat="44.077766" lon="7.402026" /><trkpt lat="44.077579" lon="7.402417" /><trkpt lat="44.077374" lon="7.402256" /><trkpt lat="44.077062" lon="7.402029" /><trkpt lat="44.076769" lon="7.401920" /><trkpt lat="44.076285" lon="7.402005" /><trkpt lat="44.076017" lon="7.402130" /><trkpt lat="44.075402" lon="7.402327" /><trkpt lat="44.075169" lon="7.402208" /><trkpt lat="44.074628" lon="7.401529" /><trkpt lat="44.074212" lon="7.401227" /><trkpt lat="44.073738" lon="7.401169" /><trkpt lat="44.073259" lon="7.401209" /><trkpt lat="44.072628" lon="7.401186" /><trkpt lat="44.071553" lon="7.401205" /><trkpt lat="44.071016" lon="7.401223" /><trkpt lat="44.070457" lon="7.401190" /><trkpt lat="44.069783" lon="7.400782" /><trkpt lat="44.069450" lon="7.400520" /><trkpt lat="44.069102" lon="7.400290" /><trkpt lat="44.068643" lon="7.399903" /><trkpt lat="44.068373" lon="7.399546" /><trkpt lat="44.068155" lon="7.399113" /><trkpt lat="44.067931" lon="7.398795" /><trkpt lat="44.067662" lon="7.398441" /><trkpt lat="44.067304" lon="7.398161" /><trkpt lat="44.066991" lon="7.397967" /><trkpt lat="44.066762" lon="7.397765" /><trkpt lat="44.066548" lon="7.397233" /><trkpt lat="44.066161" lon="7.396833" /><trkpt lat="44.065862" lon="7.396592" /><trkpt lat="44.065494" lon="7.396046" /><trkpt lat="44.065180" lon="7.395605" /><trkpt lat="44.064895" lon="7.395314" /><trkpt lat="44.064478" lon="7.394798" /><trkpt lat="44.064081" lon="7.394349" /><trkpt lat="44.063550" lon="7.393721" /><trkpt lat="44.063210" lon="7.393327" /><trkpt lat="44.062872" lon="7.392883" /><trkpt lat="44.062580" lon="7.392510" /><trkpt lat="44.062475" lon="7.392202" /><trkpt lat="44.062022" lon="7.392195" /><trkpt lat="44.061797" lon="7.392142" /><trkpt lat="44.061589" lon="7.391992" /><trkpt lat="44.061299" lon="7.392082" /><trkpt lat="44.060822" lon="7.392105" /><trkpt lat="44.060114" lon="7.391909" /><trkpt lat="44.059419" lon="7.391715" /><trkpt lat="44.058901" lon="7.391586" /><trkpt lat="44.058482" lon="7.391349" /><trkpt lat="44.058128" lon="7.391269" /><trkpt lat="44.057464" lon="7.390664" /><trkpt lat="44.056877" lon="7.390198" /><trkpt lat="44.056339" lon="7.389719" /><trkpt lat="44.055892" lon="7.389332" /><trkpt lat="44.055443" lon="7.388961" /><trkpt lat="44.055126" lon="7.388618" /><trkpt lat="44.054793" lon="7.388341" /><trkpt lat="44.054386" lon="7.388105" /><trkpt lat="44.053975" lon="7.387705" /><trkpt lat="44.053641" lon="7.387443" /><trkpt lat="44.053354" lon="7.387203" /><trkpt lat="44.053024" lon="7.386876" /><trkpt lat="44.052736" lon="7.386636" /><trkpt lat="44.052393" lon="7.386323" /><trkpt lat="44.051947" lon="7.385903" /><trkpt lat="44.051557" lon="7.385554" /><trkpt lat="44.051212" lon="7.385275" /><trkpt lat="44.050616" lon="7.385007" /><trkpt lat="44.050166" lon="7.384951" /><trkpt lat="44.049769" lon="7.384767" /><trkpt lat="44.049479" lon="7.384575" /><trkpt lat="44.049095" lon="7.384359" /><trkpt lat="44.048621" lon="7.384053" /><trkpt lat="44.047977" lon="7.383515" /><trkpt lat="44.047507" lon="7.383110" /><trkpt lat="44.046972" lon="7.382830" /><trkpt lat="44.046373" lon="7.382611" /><trkpt lat="44.045807" lon="7.382479" /><trkpt lat="44.045317" lon="7.382501" /><trkpt lat="44.044959" lon="7.382750" /><trkpt lat="44.044521" lon="7.382925" /><trkpt lat="44.044332" lon="7.383157" /><trkpt lat="44.043850" lon="7.383230" /><trkpt lat="44.043791" lon="7.384002" /><trkpt lat="44.043509" lon="7.384688" /><trkpt lat="44.043265" lon="7.385575" /><trkpt lat="44.042839" lon="7.386778" /><trkpt lat="44.042515" lon="7.387593" /><trkpt lat="44.042083" lon="7.388695" /><trkpt lat="44.041850" lon="7.389320" /><trkpt lat="44.041731" lon="7.389838" /><trkpt lat="44.041604" lon="7.390505" /><trkpt lat="44.041565" lon="7.391113" /><trkpt lat="44.041546" lon="7.391756" /><trkpt lat="44.041533" lon="7.392317" /><trkpt lat="44.041510" lon="7.392812" /><trkpt lat="44.041410" lon="7.392902" /><trkpt lat="44.041168" lon="7.392963" /><trkpt lat="44.040878" lon="7.393053" /><trkpt lat="44.040459" lon="7.393099" /><trkpt lat="44.039728" lon="7.393165" /><trkpt lat="44.039066" lon="7.393288" /><trkpt lat="44.038846" lon="7.393401" /><trkpt lat="44.038635" lon="7.393564" /><trkpt lat="44.038365" lon="7.393739" /><trkpt lat="44.038084" lon="7.393878" /><trkpt lat="44.037863" lon="7.394007" /><trkpt lat="44.037516" lon="7.394042" /><trkpt lat="44.037315" lon="7.394240" /><trkpt lat="44.037190" lon="7.394378" /><trkpt lat="44.036922" lon="7.394254" /><trkpt lat="44.036697" lon="7.394201" /><trkpt lat="44.036312" lon="7.394267" /><trkpt lat="44.035830" lon="7.394372" /><trkpt lat="44.035457" lon="7.394438" /><trkpt lat="44.035077" lon="7.394404" /><trkpt lat="44.034701" lon="7.394287" /><trkpt lat="44.034449" lon="7.394320" /><trkpt lat="44.034217" lon="7.394426" /><trkpt lat="44.033920" lon="7.394664" /><trkpt lat="44.033555" lon="7.394814" /><trkpt lat="44.033275" lon="7.394938" /><trkpt lat="44.033009" lon="7.395013" /><trkpt lat="44.032318" lon="7.394984" /><trkpt lat="44.031863" lon="7.395042" /><trkpt lat="44.031362" lon="7.394783" /><trkpt lat="44.030929" lon="7.394580" /><trkpt lat="44.030552" lon="7.394744" /><trkpt lat="44.030264" lon="7.394521" /><trkpt lat="44.029978" lon="7.394263" /><trkpt lat="44.029735" lon="7.394357" /><trkpt lat="44.029565" lon="7.394408" /><trkpt lat="44.029433" lon="7.394429" /><trkpt lat="44.029353" lon="7.394356" /><trkpt lat="44.029362" lon="7.394158" /><trkpt lat="44.029303" lon="7.393873" /><trkpt lat="44.029250" lon="7.393487" /><trkpt lat="44.029086" lon="7.393175" /><trkpt lat="44.028914" lon="7.393011" /><trkpt lat="44.028681" lon="7.392890" /><trkpt lat="44.028467" lon="7.392871" /><trkpt lat="44.028253" lon="7.392869" /><trkpt lat="44.028100" lon="7.392822" /><trkpt lat="44.027954" lon="7.392628" /><trkpt lat="44.027845" lon="7.392402" /><trkpt lat="44.027800" lon="7.392085" /><trkpt lat="44.027916" lon="7.391664" /><trkpt lat="44.027759" lon="7.391171" /><trkpt lat="44.027517" lon="7.390489" /><trkpt lat="44.027125" lon="7.389924" /><trkpt lat="44.027069" lon="7.389572" /><trkpt lat="44.027082" lon="7.389061" /><trkpt lat="44.027028" lon="7.388428" /><trkpt lat="44.026909" lon="7.387888" /><trkpt lat="44.026764" lon="7.387412" /><trkpt lat="44.026730" lon="7.386879" /><trkpt lat="44.026528" lon="7.386349" /><trkpt lat="44.026218" lon="7.385809" /><trkpt lat="44.026042" lon="7.385247" /><trkpt lat="44.025668" lon="7.385314" /><trkpt lat="44.025508" lon="7.385696" /><trkpt lat="44.025459" lon="7.385974" /><trkpt lat="44.025399" lon="7.386248" /><trkpt lat="44.025280" lon="7.386487" /><trkpt lat="44.025116" lon="7.386703" /><trkpt lat="44.024986" lon="7.386907" /><trkpt lat="44.024758" lon="7.386935" /><trkpt lat="44.024509" lon="7.387162" /><trkpt lat="44.024317" lon="7.387458" /><trkpt lat="44.024085" lon="7.387818" /><trkpt lat="44.023907" lon="7.388067" /><trkpt lat="44.023776" lon="7.388320" /><trkpt lat="44.023730" lon="7.388530" /><trkpt lat="44.023469" lon="7.388754" /><trkpt lat="44.023353" lon="7.389207" /><trkpt lat="44.023141" lon="7.389652" /><trkpt lat="44.022836" lon="7.390319" /><trkpt lat="44.022217" lon="7.391305" /><trkpt lat="44.021254" lon="7.392294" /><trkpt lat="44.020415" lon="7.393392" /><trkpt lat="44.019936" lon="7.393962" /><trkpt lat="44.019606" lon="7.394363" /><trkpt lat="44.019396" lon="7.394541" /><trkpt lat="44.019087" lon="7.394763" /><trkpt lat="44.018299" lon="7.395286" /><trkpt lat="44.017859" lon="7.395511" /><trkpt lat="44.017434" lon="7.395672" /><trkpt lat="44.017259" lon="7.395855" /><trkpt lat="44.017114" lon="7.395891" /><trkpt lat="44.016901" lon="7.395856" /><trkpt lat="44.016649" lon="7.396131" /><trkpt lat="44.016500" lon="7.396250" /><trkpt lat="44.016298" lon="7.396249" /><trkpt lat="44.016080" lon="7.396328" /><trkpt lat="44.015908" lon="7.396428" /><trkpt lat="44.015712" lon="7.396542" /><trkpt lat="44.015589" lon="7.396599" /><trkpt lat="44.015327" lon="7.396608" /><trkpt lat="44.015136" lon="7.396839" /><trkpt lat="44.014915" lon="7.396985" /><trkpt lat="44.014594" lon="7.396956" /><trkpt lat="44.014250" lon="7.396925" /><trkpt lat="44.013838" lon="7.397053" /><trkpt lat="44.013348" lon="7.397324" /><trkpt lat="44.013034" lon="7.397412" /><trkpt lat="44.012609" lon="7.397556" /><trkpt lat="44.012016" lon="7.397750" /><trkpt lat="44.011523" lon="7.397839" /><trkpt lat="44.011100" lon="7.398214" /><trkpt lat="44.010939" lon="7.398580" /><trkpt lat="44.010790" lon="7.398716" /><trkpt lat="44.010459" lon="7.398653" /><trkpt lat="44.010081" lon="7.398570" /><trkpt lat="44.009846" lon="7.398763" /><trkpt lat="44.009618" lon="7.399025" /><trkpt lat="44.009415" lon="7.399304" /><trkpt lat="44.008917" lon="7.399491" /><trkpt lat="44.008421" lon="7.399644" /><trkpt lat="44.007952" lon="7.399718" /><trkpt lat="44.007681" lon="7.399892" /><trkpt lat="44.007464" lon="7.399939" /><trkpt lat="44.007095" lon="7.399939" /><trkpt lat="44.006688" lon="7.399970" /><trkpt lat="44.006476" lon="7.400413" /><trkpt lat="44.006407" lon="7.400886" /><trkpt lat="44.006218" lon="7.401349" /><trkpt lat="44.005950" lon="7.401721" /><trkpt lat="44.005698" lon="7.402013" /><trkpt lat="44.005363" lon="7.402281" /><trkpt lat="44.005090" lon="7.402768" /><trkpt lat="44.005020" lon="7.403241" /><trkpt lat="44.004848" lon="7.403854" /><trkpt lat="44.004660" lon="7.404053" /><trkpt lat="44.004603" lon="7.404509" /><trkpt lat="44.004744" lon="7.405068" /><trkpt lat="44.005057" lon="7.405278" /><trkpt lat="44.005189" lon="7.405520" /><trkpt lat="44.005237" lon="7.405773" /><trkpt lat="44.005334" lon="7.405981" /><trkpt lat="44.005370" lon="7.406231" /><trkpt lat="44.005466" lon="7.406471" /><trkpt lat="44.005538" lon="7.406725" /><trkpt lat="44.005612" lon="7.406946" /><trkpt lat="44.005372" lon="7.406975" /><trkpt lat="44.005155" lon="7.406988" /><trkpt lat="44.005071" lon="7.407278" /><trkpt lat="44.004994" lon="7.407635" /><trkpt lat="44.004829" lon="7.407852" /><trkpt lat="44.004547" lon="7.408025" /><trkpt lat="44.004398" lon="7.408161" /><trkpt lat="44.004165" lon="7.408288" /><trkpt lat="44.003794" lon="7.408321" /><trkpt lat="44.003469" lon="7.408375" /><trkpt lat="44.003174" lon="7.408547" /><trkpt lat="44.002932" lon="7.408624" /><trkpt lat="44.002690" lon="7.408703" /><trkpt lat="44.002404" lon="7.408677" /><trkpt lat="44.002184" lon="7.408789" /><trkpt lat="44.001967" lon="7.408852" /><trkpt lat="44.001656" lon="7.408875" /><trkpt lat="44.001326" lon="7.408778" /><trkpt lat="44.000832" lon="7.408635" /><trkpt lat="44.000487" lon="7.408621" /><trkpt lat="44.000032" lon="7.408646" /><trkpt lat="43.999545" lon="7.408618" /><trkpt lat="43.999018" lon="7.408654" /><trkpt lat="43.998694" lon="7.408691" /><trkpt lat="43.998295" lon="7.408557" /><trkpt lat="43.997915" lon="7.408523" /><trkpt lat="43.997265" lon="7.408646" /><trkpt lat="43.996699" lon="7.408495" /><trkpt lat="43.996119" lon="7.408146" /><trkpt lat="43.995172" lon="7.407484" /><trkpt lat="43.993853" lon="7.409414" /><trkpt lat="43.993795" lon="7.409905" /><trkpt lat="43.993835" lon="7.410305" /><trkpt lat="43.993769" lon="7.410712" /><trkpt lat="43.993732" lon="7.411254" /><trkpt lat="43.993683" lon="7.411795" /><trkpt lat="43.993491" lon="7.412058" /><trkpt lat="43.993282" lon="7.412453" /><trkpt lat="43.993140" lon="7.412672" /><trkpt lat="43.992994" lon="7.412989" /><trkpt lat="43.992835" lon="7.413322" /><trkpt lat="43.992607" lon="7.413616" /><trkpt lat="43.992475" lon="7.413902" /><trkpt lat="43.992227" lon="7.414094" /><trkpt lat="43.992038" lon="7.414309" /><trkpt lat="43.991886" lon="7.414492" /><trkpt lat="43.991674" lon="7.414705" /><trkpt lat="43.991462" lon="7.414900" /><trkpt lat="43.991360" lon="7.415040" /><trkpt lat="43.991147" lon="7.415270" /><trkpt lat="43.990985" lon="7.415404" /><trkpt lat="43.990764" lon="7.415533" /><trkpt lat="43.990522" lon="7.415611" /><trkpt lat="43.990355" lon="7.415843" /><trkpt lat="43.990227" lon="7.416046" /><trkpt lat="43.990134" lon="7.416237" /><trkpt lat="43.989957" lon="7.416221" /><trkpt lat="43.989731" lon="7.416201" /><trkpt lat="43.989456" lon="7.416193" /><trkpt lat="43.989285" lon="7.416277" /><trkpt lat="43.989076" lon="7.416424" /><trkpt lat="43.988805" lon="7.416581" /><trkpt lat="43.988560" lon="7.416723" /><trkpt lat="43.988343" lon="7.416787" /><trkpt lat="43.988080" lon="7.416796" /><trkpt lat="43.987910" lon="7.416864" /><trkpt lat="43.987713" lon="7.416995" /><trkpt lat="43.987377" lon="7.417048" /><trkpt lat="43.987045" lon="7.417001" /><trkpt lat="43.986642" lon="7.416932" /><trkpt lat="43.986252" lon="7.416847" /><trkpt lat="43.986025" lon="7.416642" /><trkpt lat="43.985866" lon="7.416232" /><trkpt lat="43.985562" lon="7.416059" /><trkpt lat="43.985364" lon="7.415974" /><trkpt lat="43.985178" lon="7.415858" /><trkpt lat="43.984904" lon="7.415599" /><trkpt lat="43.984669" lon="7.415268" /><trkpt lat="43.984348" lon="7.415255" /><trkpt lat="43.984096" lon="7.415283" /><trkpt lat="43.983927" lon="7.415317" /><trkpt lat="43.983775" lon="7.415284" /><trkpt lat="43.983670" lon="7.414961" /><trkpt lat="43.983640" lon="7.414564" /><trkpt lat="43.983572" lon="7.414228" /><trkpt lat="43.983399" lon="7.414081" /><trkpt lat="43.983155" lon="7.413989" /><trkpt lat="43.982875" lon="7.413571" /><trkpt lat="43.982489" lon="7.413652" /><trkpt lat="43.982136" lon="7.413555" /><trkpt lat="43.981817" lon="7.413493" /><trkpt lat="43.981519" lon="7.413218" /><trkpt lat="43.981276" lon="7.413064" /><trkpt lat="43.980849" lon="7.413522" /><trkpt lat="43.980373" lon="7.413991" /><trkpt lat="43.980148" lon="7.414467" /><trkpt lat="43.979949" lon="7.414911" /><trkpt lat="43.979791" lon="7.415476" /><trkpt lat="43.979690" lon="7.415847" /><trkpt lat="43.979684" lon="7.416225" /><trkpt lat="43.979639" lon="7.416437" /><trkpt lat="43.979434" lon="7.416732" /><trkpt lat="43.979344" lon="7.417137" /><trkpt lat="43.979554" lon="7.417503" /><trkpt lat="43.979459" lon="7.417990" /><trkpt lat="43.979353" lon="7.418460" /><trkpt lat="43.979041" lon="7.418745" /><trkpt lat="43.978810" lon="7.418857" /><trkpt lat="43.978633" lon="7.418808" /><trkpt lat="43.978340" lon="7.418682" /><trkpt lat="43.978018" lon="7.418439" /><trkpt lat="43.977782" lon="7.418136" /><trkpt lat="43.977777" lon="7.417722" /><trkpt lat="43.977619" lon="7.417295" /><trkpt lat="43.977529" lon="7.416924" /><trkpt lat="43.977312" lon="7.416459" /><trkpt lat="43.977143" lon="7.415997" /><trkpt lat="43.977047" lon="7.415493" /><trkpt lat="43.977159" lon="7.415140" /><trkpt lat="43.977314" lon="7.414874" /><trkpt lat="43.977431" lon="7.414668" /><trkpt lat="43.977553" lon="7.414349" /><trkpt lat="43.977582" lon="7.413989" /><trkpt lat="43.977533" lon="7.413770" /><trkpt lat="43.977294" lon="7.413500" /><trkpt lat="43.977129" lon="7.413221" /><trkpt lat="43.976974" lon="7.412959" /><trkpt lat="43.976808" lon="7.412697" /><trkpt lat="43.976536" lon="7.412376" /><trkpt lat="43.976211" lon="7.412181" /><trkpt lat="43.975767" lon="7.412240" /><trkpt lat="43.975262" lon="7.412575" /><trkpt lat="43.975009" lon="7.412652" /><trkpt lat="43.974691" lon="7.412805" /><trkpt lat="43.974466" lon="7.412768" /><trkpt lat="43.974273" lon="7.412553" /><trkpt lat="43.974075" lon="7.412453" /><trkpt lat="43.973871" lon="7.412220" /><trkpt lat="43.973332" lon="7.412023" /><trkpt lat="43.972900" lon="7.412315" /><trkpt lat="43.972557" lon="7.412514" /><trkpt lat="43.972311" lon="7.412658" /><trkpt lat="43.971914" lon="7.412738" /><trkpt lat="43.971547" lon="7.412937" /><trkpt lat="43.971249" lon="7.413190" /><trkpt lat="43.970938" lon="7.413228" /><trkpt lat="43.970559" lon="7.413410" /><trkpt lat="43.970244" lon="7.413760" /><trkpt lat="43.969913" lon="7.414211" /><trkpt lat="43.969479" lon="7.414568" /><trkpt lat="43.969155" lon="7.415118" /><trkpt lat="43.968955" lon="7.415297" /><trkpt lat="43.968786" lon="7.415365" /><trkpt lat="43.968631" lon="7.415351" /><trkpt lat="43.968565" lon="7.414965" /><trkpt lat="43.968372" lon="7.414766" /><trkpt lat="43.967870" lon="7.414771" /><trkpt lat="43.967506" lon="7.415167" /><trkpt lat="43.967427" lon="7.415590" /><trkpt lat="43.967388" lon="7.415900" /><trkpt lat="43.967192" lon="7.416015" /><trkpt lat="43.966984" lon="7.416145" /><trkpt lat="43.966732" lon="7.416155" /><trkpt lat="43.966519" lon="7.416119" /><trkpt lat="43.966300" lon="7.415951" /><trkpt lat="43.966051" lon="7.415434" /><trkpt lat="43.965816" lon="7.415099" /><trkpt lat="43.965452" lon="7.414950" /><trkpt lat="43.965082" lon="7.414967" /><trkpt lat="43.964765" lon="7.414856" /><trkpt lat="43.964373" lon="7.414821" /><trkpt lat="43.963934" lon="7.414766" /><trkpt lat="43.963544" lon="7.414696" /><trkpt lat="43.962851" lon="7.414717" /><trkpt lat="43.962502" lon="7.414537" /><trkpt lat="43.962052" lon="7.414449" /><trkpt lat="43.961683" lon="7.414448" /><trkpt lat="43.961477" lon="7.414760" /><trkpt lat="43.961292" lon="7.414892" /><trkpt lat="43.961008" lon="7.414834" /><trkpt lat="43.960754" lon="7.414927" /><trkpt lat="43.960576" lon="7.415158" /><trkpt lat="43.960398" lon="7.415389" /><trkpt lat="43.960226" lon="7.415490" /><trkpt lat="43.960061" lon="7.415442" /><trkpt lat="43.959901" lon="7.415296" /><trkpt lat="43.959765" lon="7.415151" /><trkpt lat="43.959689" lon="7.414996" /><trkpt lat="43.959749" lon="7.414721" /><trkpt lat="43.959867" lon="7.414483" /><trkpt lat="43.960009" lon="7.414266" /><trkpt lat="43.960143" lon="7.413963" /><trkpt lat="43.960149" lon="7.413568" /><trkpt lat="43.960000" lon="7.413175" /><trkpt lat="43.959683" lon="7.413063" /><trkpt lat="43.959497" lon="7.413228" /><trkpt lat="43.959322" lon="7.413394" /><trkpt lat="43.959068" lon="7.413454" /><trkpt lat="43.958867" lon="7.413419" /><trkpt lat="43.958704" lon="7.413339" /><trkpt lat="43.958441" lon="7.413084" /><trkpt lat="43.958200" lon="7.412913" /><trkpt lat="43.957965" lon="7.413074" /><trkpt lat="43.957797" lon="7.413356" /><trkpt lat="43.957714" lon="7.413844" /><trkpt lat="43.957620" lon="7.414067" /><trkpt lat="43.957485" lon="7.414154" /><trkpt lat="43.957387" lon="7.414228" /><trkpt lat="43.957312" lon="7.414040" /><trkpt lat="43.957240" lon="7.413802" /><trkpt lat="43.957240" lon="7.413522" /><trkpt lat="43.957128" lon="7.413115" /><trkpt lat="43.956977" lon="7.412771" /><trkpt lat="43.956746" lon="7.412602" /><trkpt lat="43.956501" lon="7.412746" /><trkpt lat="43.956310" lon="7.412761" /><trkpt lat="43.956125" lon="7.412629" /><trkpt lat="43.955948" lon="7.412332" /><trkpt lat="43.955605" lon="7.412268" /><trkpt lat="43.955355" lon="7.412246" /><trkpt lat="43.955132" lon="7.412177" /><trkpt lat="43.954724" lon="7.412239" /><trkpt lat="43.954461" lon="7.412496" /><trkpt lat="43.954256" lon="7.412809" /><trkpt lat="43.954081" lon="7.413222" /><trkpt lat="43.953847" lon="7.413647" /><trkpt lat="43.953600" lon="7.413839" /><trkpt lat="43.953295" lon="7.413977" /><trkpt lat="43.953113" lon="7.414027" /><trkpt lat="43.952868" lon="7.413924" /><trkpt lat="43.952673" lon="7.413740" /><trkpt lat="43.952339" lon="7.413496" /><trkpt lat="43.951932" lon="7.413245" /><trkpt lat="43.951575" lon="7.413246" /><trkpt lat="43.951404" lon="7.413577" /><trkpt lat="43.951316" lon="7.413933" /><trkpt lat="43.951522" lon="7.414380" /><trkpt lat="43.951747" lon="7.414682" /><trkpt lat="43.951827" lon="7.414986" /><trkpt lat="43.951810" lon="7.415363" /><trkpt lat="43.951730" lon="7.415803" /><trkpt lat="43.951514" lon="7.416081" /><trkpt lat="43.951316" lon="7.416228" /><trkpt lat="43.951088" lon="7.416273" /><trkpt lat="43.950778" lon="7.416262" /><trkpt lat="43.950505" lon="7.416238" /><trkpt lat="43.950342" lon="7.416140" /><trkpt lat="43.950105" lon="7.416103" /><trkpt lat="43.949709" lon="7.415918" /><trkpt lat="43.949416" lon="7.415810" /></trkseg><trkseg><trkpt lat="44.112897" lon="7.496535" /><trkpt lat="44.112822" lon="7.496364" /><trkpt lat="44.112710" lon="7.496216" /><trkpt lat="44.112606" lon="7.496167" /><trkpt lat="44.112396" lon="7.496195" /><trkpt lat="44.112178" lon="7.496236" /><trkpt lat="44.111871" lon="7.496446" /><trkpt lat="44.111704" lon="7.496598" /><trkpt lat="44.111414" lon="7.496863" /><trkpt lat="44.111050" lon="7.496863" /><trkpt lat="44.110839" lon="7.497016" /><trkpt lat="44.110439" lon="7.497172" /><trkpt lat="44.110172" lon="7.497218" /><trkpt lat="44.110027" lon="7.497267" /><trkpt lat="44.109910" lon="7.497264" /><trkpt lat="44.109644" lon="7.497362" /><trkpt lat="44.109476" lon="7.497476" /><trkpt lat="44.109425" lon="7.497486" /><trkpt lat="44.109402" lon="7.497458" /><trkpt lat="44.109262" lon="7.497203" /><trkpt lat="44.109104" lon="7.497096" /><trkpt lat="44.108932" lon="7.497098" /><trkpt lat="44.108641" lon="7.497152" /><trkpt lat="44.108432" lon="7.496998" /><trkpt lat="44.108215" lon="7.496814" /><trkpt lat="44.107884" lon="7.496799" /><trkpt lat="44.107703" lon="7.496785" /><trkpt lat="44.107568" lon="7.496545" /><trkpt lat="44.107486" lon="7.496519" /><trkpt lat="44.107434" lon="7.496566" /><trkpt lat="44.107315" lon="7.496802" /><trkpt lat="44.107118" lon="7.497049" /><trkpt lat="44.106876" lon="7.497251" /><trkpt lat="44.106611" lon="7.497428" /><trkpt lat="44.106366" lon="7.497544" /><trkpt lat="44.106056" lon="7.497508" /><trkpt lat="44.105767" lon="7.497354" /><trkpt lat="44.105611" lon="7.497257" /><trkpt lat="44.105251" lon="7.497080" /><trkpt lat="44.104957" lon="7.496991" /><trkpt lat="44.104797" lon="7.496957" /><trkpt lat="44.104647" lon="7.496708" /><trkpt lat="44.104485" lon="7.496561" /><trkpt lat="44.104387" lon="7.496502" /><trkpt lat="44.104129" lon="7.496400" /><trkpt lat="44.103732" lon="7.496264" /><trkpt lat="44.103627" lon="7.496244" /><trkpt lat="44.103440" lon="7.496280" /><trkpt lat="44.103272" lon="7.496384" /><trkpt lat="44.103048" lon="7.496568" /><trkpt lat="44.103006" lon="7.496550" /><trkpt lat="44.102998" lon="7.496518" /><trkpt lat="44.102868" lon="7.496231" /><trkpt lat="44.102817" lon="7.496201" /><trkpt lat="44.102654" lon="7.496357" /><trkpt lat="44.102373" lon="7.496434" /><trkpt lat="44.101888" lon="7.496517" /><trkpt lat="44.101853" lon="7.496484" /><trkpt lat="44.101840" lon="7.496415" /><trkpt lat="44.101881" lon="7.496269" /><trkpt lat="44.101972" lon="7.495868" /><trkpt lat="44.101976" lon="7.495758" /><trkpt lat="44.101927" lon="7.495635" /><trkpt lat="44.101688" lon="7.495454" /><trkpt lat="44.101590" lon="7.495379" /><trkpt lat="44.101397" lon="7.495257" /><trkpt lat="44.101230" lon="7.495254" /><trkpt lat="44.101080" lon="7.495316" /><trkpt lat="44.100967" lon="7.495429" /><trkpt lat="44.100797" lon="7.495668" /><trkpt lat="44.100409" lon="7.496019" /><trkpt lat="44.100255" lon="7.496178" /><trkpt lat="44.100121" lon="7.496333" /><trkpt lat="44.099993" lon="7.496442" /><trkpt lat="44.099863" lon="7.496532" /><trkpt lat="44.099566" lon="7.496567" /><trkpt lat="44.099388" lon="7.496391" /><trkpt lat="44.099231" lon="7.496152" /><trkpt lat="44.099050" lon="7.495713" /><trkpt lat="44.098991" lon="7.495515" /><trkpt lat="44.098946" lon="7.495301" /><trkpt lat="44.098973" lon="7.495035" /><trkpt lat="44.099026" lon="7.494763" /><trkpt lat="44.098992" lon="7.494439" /><trkpt lat="44.098955" lon="7.494158" /><trkpt lat="44.098919" lon="7.493831" /><trkpt lat="44.098904" lon="7.493552" /><trkpt lat="44.098864" lon="7.493262" /><trkpt lat="44.098817" lon="7.493039" /><trkpt lat="44.098648" lon="7.492676" /><trkpt lat="44.098488" lon="7.492121" /><trkpt lat="44.098426" lon="7.491886" /><trkpt lat="44.098344" lon="7.491731" /><trkpt lat="44.098279" lon="7.491549" /><trkpt lat="44.098220" lon="7.491410" /><trkpt lat="44.098131" lon="7.491283" /><trkpt lat="44.097912" lon="7.490866" /><trkpt lat="44.097783" lon="7.490298" /><trkpt lat="44.097701" lon="7.489820" /><trkpt lat="44.097551" lon="7.489304" /><trkpt lat="44.097377" lon="7.488934" /><trkpt lat="44.097268" lon="7.488576" /><trkpt lat="44.097183" lon="7.488476" /><trkpt lat="44.097126" lon="7.488357" /></trkseg><trkseg><trkpt lat="44.091212" lon="7.497333" /><trkpt lat="44.091310" lon="7.497793" /><trkpt lat="44.091431" lon="7.498268" /><trkpt lat="44.091376" lon="7.498660" /><trkpt lat="44.091250" lon="7.499062" /><trkpt lat="44.091127" lon="7.499382" /><trkpt lat="44.090970" lon="7.499665" /><trkpt lat="44.090892" lon="7.499824" /><trkpt lat="44.090837" lon="7.499984" /><trkpt lat="44.090950" lon="7.500095" /><trkpt lat="44.091163" lon="7.500130" /><trkpt lat="44.091340" lon="7.500428" /><trkpt lat="44.091350" lon="7.500710" /><trkpt lat="44.091304" lon="7.501187" /><trkpt lat="44.091165" lon="7.502117" /><trkpt lat="44.091095" lon="7.502822" /><trkpt lat="44.090988" lon="7.503327" /><trkpt lat="44.090619" lon="7.503806" /><trkpt lat="44.090224" lon="7.504332" /><trkpt lat="44.089772" lon="7.504804" /><trkpt lat="44.088843" lon="7.505779" /><trkpt lat="44.088266" lon="7.506371" /><trkpt lat="44.087746" lon="7.506770" /><trkpt lat="44.087172" lon="7.507298" /><trkpt lat="44.086340" lon="7.507999" /><trkpt lat="44.085529" lon="7.508472" /><trkpt lat="44.085188" lon="7.508623" /><trkpt lat="44.084706" lon="7.508728" /><trkpt lat="44.084006" lon="7.508896" /><trkpt lat="44.083465" lon="7.508978" /><trkpt lat="44.082863" lon="7.509105" /><trkpt lat="44.082586" lon="7.509163" /><trkpt lat="44.082155" lon="7.509189" /><trkpt lat="44.081740" lon="7.509118" /><trkpt lat="44.081276" lon="7.509093" /><trkpt lat="44.080955" lon="7.509080" /><trkpt lat="44.080739" lon="7.509110" /><trkpt lat="44.080505" lon="7.509253" /><trkpt lat="44.080160" lon="7.509487" /><trkpt lat="44.079716" lon="7.509794" /><trkpt lat="44.079081" lon="7.510100" /><trkpt lat="44.078352" lon="7.510613" /><trkpt lat="44.077858" lon="7.510982" /><trkpt lat="44.077221" lon="7.511568" /><trkpt lat="44.076591" lon="7.512040" /><trkpt lat="44.075882" lon="7.512886" /><trkpt lat="44.075023" lon="7.513900" /><trkpt lat="44.075066" lon="7.512728" /><trkpt lat="44.075071" lon="7.512134" /><trkpt lat="44.075153" lon="7.511413" /><trkpt lat="44.075105" lon="7.510912" /><trkpt lat="44.075051" lon="7.510526" /><trkpt lat="44.074986" lon="7.510141" /><trkpt lat="44.074879" lon="7.509882" /><trkpt lat="44.074746" lon="7.509672" /><trkpt lat="44.074666" lon="7.509365" /><trkpt lat="44.074723" lon="7.509156" /><trkpt lat="44.074849" lon="7.509003" /><trkpt lat="44.074823" lon="7.508801" /><trkpt lat="44.074773" lon="7.508598" /><trkpt lat="44.074658" lon="7.508273" /><trkpt lat="44.074559" lon="7.507833" /><trkpt lat="44.074580" lon="7.507389" /><trkpt lat="44.074699" lon="7.506903" /><trkpt lat="44.074826" lon="7.506485" /><trkpt lat="44.075054" lon="7.506208" /><trkpt lat="44.075482" lon="7.505982" /><trkpt lat="44.075765" lon="7.505791" /><trkpt lat="44.075940" lon="7.505643" /><trkpt lat="44.076070" lon="7.505406" /><trkpt lat="44.076033" lon="7.505172" /><trkpt lat="44.075849" lon="7.505022" /><trkpt lat="44.075555" lon="7.504946" /><trkpt lat="44.075250" lon="7.504835" /><trkpt lat="44.074938" lon="7.504625" /><trkpt lat="44.074556" lon="7.504126" /><trkpt lat="44.074109" lon="7.503490" /><trkpt lat="44.073705" lon="7.502940" /><trkpt lat="44.073410" lon="7.502366" /><trkpt lat="44.073407" lon="7.501935" /><trkpt lat="44.073364" lon="7.501585" /><trkpt lat="44.073176" lon="7.501270" /><trkpt lat="44.073243" lon="7.500630" /><trkpt lat="44.073269" lon="7.500317" /><trkpt lat="44.073524" lon="7.499729" /><trkpt lat="44.073799" lon="7.499224" /><trkpt lat="44.073939" lon="7.498773" /><trkpt lat="44.074005" lon="7.498383" /><trkpt lat="44.074020" lon="7.498053" /><trkpt lat="44.073987" lon="7.497752" /><trkpt lat="44.073883" lon="7.497445" /><trkpt lat="44.073911" lon="7.497083" /><trkpt lat="44.073992" lon="7.496875" /><trkpt lat="44.074091" lon="7.496569" /><trkpt lat="44.074056" lon="7.496301" /><trkpt lat="44.073963" lon="7.496012" /><trkpt lat="44.073954" lon="7.495713" /><trkpt lat="44.074034" lon="7.495523" /><trkpt lat="44.074120" lon="7.495200" /><trkpt lat="44.074064" lon="7.494896" /><trkpt lat="44.073833" lon="7.494726" /><trkpt lat="44.073751" lon="7.494438" /><trkpt lat="44.073393" lon="7.494455" /><trkpt lat="44.072913" lon="7.494245" /><trkpt lat="44.072666" lon="7.493660" /><trkpt lat="44.072436" lon="7.492978" /><trkpt lat="44.072308" lon="7.492137" /><trkpt lat="44.072169" lon="7.491298" /><trkpt lat="44.072099" lon="7.490513" /><trkpt lat="44.071970" lon="7.489972" /><trkpt lat="44.071644" lon="7.489280" /><trkpt lat="44.071645" lon="7.489015" /><trkpt lat="44.071636" lon="7.488701" /><trkpt lat="44.071421" lon="7.488450" /><trkpt lat="44.071204" lon="7.487983" /><trkpt lat="44.071201" lon="7.487304" /><trkpt lat="44.071083" lon="7.487029" /><trkpt lat="44.070862" lon="7.486645" /><trkpt lat="44.070841" lon="7.486345" /><trkpt lat="44.070710" lon="7.486068" /><trkpt lat="44.070408" lon="7.485643" /><trkpt lat="44.070053" lon="7.485346" /><trkpt lat="44.069797" lon="7.485191" /><trkpt lat="44.069528" lon="7.485100" /><trkpt lat="44.069318" lon="7.484998" /><trkpt lat="44.068960" lon="7.484998" /><trkpt lat="44.068585" lon="7.485098" /><trkpt lat="44.068337" lon="7.485290" /><trkpt lat="44.068155" lon="7.485620" /><trkpt lat="44.068058" lon="7.486406" /><trkpt lat="44.067768" lon="7.486479" /><trkpt lat="44.067311" lon="7.486554" /><trkpt lat="44.066935" lon="7.486684" /><trkpt lat="44.066582" lon="7.486835" /><trkpt lat="44.066467" lon="7.487007" /><trkpt lat="44.066405" lon="7.487299" /><trkpt lat="44.066654" lon="7.487834" /><trkpt lat="44.066236" lon="7.488359" /><trkpt lat="44.065765" lon="7.488729" /><trkpt lat="44.065367" lon="7.489057" /><trkpt lat="44.065032" lon="7.489341" /><trkpt lat="44.064701" lon="7.489526" /><trkpt lat="44.064413" lon="7.489815" /><trkpt lat="44.064064" lon="7.490114" /><trkpt lat="44.063730" lon="7.490364" /><trkpt lat="44.063168" lon="7.490660" /><trkpt lat="44.062530" lon="7.491033" /><trkpt lat="44.061470" lon="7.491747" /><trkpt lat="44.060470" lon="7.492466" /><trkpt lat="44.059769" lon="7.492899" /><trkpt lat="44.059244" lon="7.492900" /><trkpt lat="44.058715" lon="7.493002" /><trkpt lat="44.058259" lon="7.493059" /><trkpt lat="44.057790" lon="7.493115" /><trkpt lat="44.057246" lon="7.493265" /><trkpt lat="44.056752" lon="7.493369" /><trkpt lat="44.056285" lon="7.493409" /><trkpt lat="44.055712" lon="7.493405" /><trkpt lat="44.055034" lon="7.493377" /><trkpt lat="44.054528" lon="7.493464" /><trkpt lat="44.054096" lon="7.493523" /><trkpt lat="44.053597" lon="7.493725" /><trkpt lat="44.053073" lon="7.493960" /><trkpt lat="44.052504" lon="7.494387" /><trkpt lat="44.051821" lon="7.494938" /><trkpt lat="44.051447" lon="7.495300" /><trkpt lat="44.051199" lon="7.495492" /><trkpt lat="44.051126" lon="7.495783" /><trkpt lat="44.051243" lon="7.496308" /><trkpt lat="44.051434" lon="7.496804" /><trkpt lat="44.051667" lon="7.497454" /><trkpt lat="44.051670" lon="7.498133" /><trkpt lat="44.051547" lon="7.498982" /><trkpt lat="44.051655" lon="7.499471" /><trkpt lat="44.051698" lon="7.499806" /><trkpt lat="44.051670" lon="7.500400" /><trkpt lat="44.051653" lon="7.501010" /><trkpt lat="44.051859" lon="7.501956" /><trkpt lat="44.051982" lon="7.502628" /><trkpt lat="44.052013" lon="7.503244" /><trkpt lat="44.051953" lon="7.503735" /><trkpt lat="44.051830" lon="7.504070" /><trkpt lat="44.051777" lon="7.504446" /><trkpt lat="44.051916" lon="7.504773" /><trkpt lat="44.052338" lon="7.504944" /><trkpt lat="44.052476" lon="7.505287" /><trkpt lat="44.052506" lon="7.505919" /><trkpt lat="44.052542" lon="7.506667" /><trkpt lat="44.052552" lon="7.507462" /><trkpt lat="44.052400" lon="7.508639" /><trkpt lat="44.052315" lon="7.509442" /><trkpt lat="44.052203" lon="7.510044" /><trkpt lat="44.051773" lon="7.510550" /><trkpt lat="44.051307" lon="7.511054" /><trkpt lat="44.050680" lon="7.511691" /><trkpt lat="44.050440" lon="7.511735" /><trkpt lat="44.049959" lon="7.511807" /><trkpt lat="44.049159" lon="7.511817" /><trkpt lat="44.048373" lon="7.511795" /><trkpt lat="44.047742" lon="7.511770" /><trkpt lat="44.047173" lon="7.511685" /><trkpt lat="44.046825" lon="7.511488" /><trkpt lat="44.046633" lon="7.511519" /><trkpt lat="44.046409" lon="7.511697" /><trkpt lat="44.046110" lon="7.511985" /><trkpt lat="44.045788" lon="7.512219" /><trkpt lat="44.045516" lon="7.512425" /><trkpt lat="44.045209" lon="7.512596" /><trkpt lat="44.044920" lon="7.512653" /><trkpt lat="44.044743" lon="7.512869" /><trkpt lat="44.044476" lon="7.513208" /><trkpt lat="44.044120" lon="7.513423" /><trkpt lat="44.043752" lon="7.513638" /><trkpt lat="44.043473" lon="7.513729" /><trkpt lat="44.043219" lon="7.514052" /><trkpt lat="44.042966" lon="7.514359" /><trkpt lat="44.042618" lon="7.514377" /><trkpt lat="44.042339" lon="7.514485" /><trkpt lat="44.042046" lon="7.514624" /><trkpt lat="44.041831" lon="7.514637" /><trkpt lat="44.041601" lon="7.514450" /><trkpt lat="44.041381" lon="7.514314" /></trkseg><trkseg><trkpt lat="44.125280" lon="7.235661" /><trkpt lat="44.125409" lon="7.235970" /><trkpt lat="44.125530" lon="7.236196" /><trkpt lat="44.125616" lon="7.236402" /><trkpt lat="44.125562" lon="7.236547" /><trkpt lat="44.125368" lon="7.236613" /><trkpt lat="44.125246" lon="7.236652" /><trkpt lat="44.125400" lon="7.236947" /><trkpt lat="44.125451" lon="7.237150" /><trkpt lat="44.125352" lon="7.237241" /><trkpt lat="44.125255" lon="7.237265" /><trkpt lat="44.125362" lon="7.237557" /><trkpt lat="44.125283" lon="7.237964" /><trkpt lat="44.125120" lon="7.238412" /><trkpt lat="44.125034" lon="7.238736" /><trkpt lat="44.124833" lon="7.238968" /><trkpt lat="44.124550" lon="7.239142" /><trkpt lat="44.124225" lon="7.239494" /><trkpt lat="44.124093" lon="7.240046" /><trkpt lat="44.124162" lon="7.240615" /><trkpt lat="44.124265" lon="7.240989" /><trkpt lat="44.124199" lon="7.241380" /><trkpt lat="44.124004" lon="7.241744" /><trkpt lat="44.123863" lon="7.242212" /><trkpt lat="44.124048" lon="7.242627" /><trkpt lat="44.124242" lon="7.242808" /><trkpt lat="44.124328" lon="7.243015" /><trkpt lat="44.124355" lon="7.243232" /><trkpt lat="44.124321" lon="7.243676" /><trkpt lat="44.124304" lon="7.244054" /><trkpt lat="44.124261" lon="7.244482" /><trkpt lat="44.124297" lon="7.245015" /><trkpt lat="44.124410" lon="7.245704" /><trkpt lat="44.124513" lon="7.246309" /><trkpt lat="44.124609" lon="7.246815" /><trkpt lat="44.124696" lon="7.247285" /><trkpt lat="44.124948" lon="7.247522" /><trkpt lat="44.125182" lon="7.247875" /><trkpt lat="44.125563" lon="7.248173" /><trkpt lat="44.125918" lon="7.248484" /><trkpt lat="44.126262" lon="7.248812" /><trkpt lat="44.126517" lon="7.249249" /><trkpt lat="44.126744" lon="7.249748" /><trkpt lat="44.127032" lon="7.250238" /><trkpt lat="44.127162" lon="7.250547" /><trkpt lat="44.127255" lon="7.250870" /><trkpt lat="44.127232" lon="7.251381" /><trkpt lat="44.127211" lon="7.251844" /><trkpt lat="44.127061" lon="7.252261" /><trkpt lat="44.126961" lon="7.252616" /><trkpt lat="44.126929" lon="7.252812" /><trkpt lat="44.126913" lon="7.253158" /><trkpt lat="44.126937" lon="7.253409" /><trkpt lat="44.126929" lon="7.253573" /><trkpt lat="44.126919" lon="7.253804" /><trkpt lat="44.126785" lon="7.254141" /><trkpt lat="44.126622" lon="7.254574" /><trkpt lat="44.126521" lon="7.254962" /><trkpt lat="44.126433" lon="7.255335" /><trkpt lat="44.126392" lon="7.255713" /><trkpt lat="44.126391" lon="7.255978" /><trkpt lat="44.126436" lon="7.256313" /><trkpt lat="44.126492" lon="7.256666" /><trkpt lat="44.126501" lon="7.256998" /><trkpt lat="44.126489" lon="7.257262" /><trkpt lat="44.126335" lon="7.257496" /><trkpt lat="44.126144" lon="7.257778" /><trkpt lat="44.125984" lon="7.257864" /><trkpt lat="44.125836" lon="7.257983" /><trkpt lat="44.125766" lon="7.258225" /><trkpt lat="44.125698" lon="7.258401" /><trkpt lat="44.125684" lon="7.258699" /><trkpt lat="44.125777" lon="7.259021" /><trkpt lat="44.125885" lon="7.259296" /><trkpt lat="44.125939" lon="7.259913" /><trkpt lat="44.126116" lon="7.260509" /><trkpt lat="44.125982" lon="7.261094" /><trkpt lat="44.125999" lon="7.261757" /><trkpt lat="44.125979" lon="7.262202" /><trkpt lat="44.126006" lon="7.262652" /><trkpt lat="44.126001" lon="7.263050" /><trkpt lat="44.125947" lon="7.263442" /><trkpt lat="44.125867" lon="7.263899" /><trkpt lat="44.125719" lon="7.264531" /><trkpt lat="44.125433" lon="7.265319" /><trkpt lat="44.125219" lon="7.265830" /><trkpt lat="44.125061" lon="7.266163" /><trkpt lat="44.124968" lon="7.266371" /><trkpt lat="44.124900" lon="7.266563" /><trkpt lat="44.124843" lon="7.266757" /><trkpt lat="44.124734" lon="7.267046" /><trkpt lat="44.124557" lon="7.267263" /><trkpt lat="44.124368" lon="7.267494" /><trkpt lat="44.124198" lon="7.267562" /><trkpt lat="44.124072" lon="7.267700" /><trkpt lat="44.123965" lon="7.267973" /><trkpt lat="44.123939" lon="7.268285" /><trkpt lat="44.123950" lon="7.268568" /><trkpt lat="44.123941" lon="7.268765" /><trkpt lat="44.123881" lon="7.269042" /><trkpt lat="44.123639" lon="7.269369" /><trkpt lat="44.123472" lon="7.269635" /><trkpt lat="44.123359" lon="7.269774" /><trkpt lat="44.123288" lon="7.270018" /><trkpt lat="44.123186" lon="7.270174" /><trkpt lat="44.123062" lon="7.270263" /><trkpt lat="44.122944" lon="7.270501" /><trkpt lat="44.122853" lon="7.270675" /><trkpt lat="44.122764" lon="7.270783" /><trkpt lat="44.122563" lon="7.271013" /><trkpt lat="44.122455" lon="7.271302" /><trkpt lat="44.122375" lon="7.271461" /></trkseg><trkseg><trkpt lat="44.091611" lon="7.489531" /><trkpt lat="44.091596" lon="7.489704" /><trkpt lat="44.091612" lon="7.489949" /><trkpt lat="44.091635" lon="7.490106" /><trkpt lat="44.091578" lon="7.490267" /><trkpt lat="44.091514" lon="7.490387" /><trkpt lat="44.091411" lon="7.490528" /><trkpt lat="44.091360" lon="7.490679" /><trkpt lat="44.091346" lon="7.490757" /><trkpt lat="44.091361" lon="7.490861" /><trkpt lat="44.091429" lon="7.491057" /><trkpt lat="44.091512" lon="7.491312" /><trkpt lat="44.091519" lon="7.491464" /><trkpt lat="44.091488" lon="7.491640" /><trkpt lat="44.091406" lon="7.491828" /><trkpt lat="44.091397" lon="7.492031" /><trkpt lat="44.091411" lon="7.492232" /><trkpt lat="44.091426" lon="7.492353" /><trkpt lat="44.091409" lon="7.492461" /><trkpt lat="44.091367" lon="7.492525" /><trkpt lat="44.091317" lon="7.492610" /><trkpt lat="44.091313" lon="7.492644" /><trkpt lat="44.091320" lon="7.492723" /><trkpt lat="44.091364" lon="7.492815" /><trkpt lat="44.091390" lon="7.492943" /><trkpt lat="44.091281" lon="7.493084" /><trkpt lat="44.091205" lon="7.493166" /><trkpt lat="44.091167" lon="7.493239" /><trkpt lat="44.091158" lon="7.493281" /><trkpt lat="44.091171" lon="7.493328" /><trkpt lat="44.091215" lon="7.493461" /><trkpt lat="44.091214" lon="7.493532" /><trkpt lat="44.091222" lon="7.493590" /><trkpt lat="44.091247" lon="7.493675" /><trkpt lat="44.091302" lon="7.493766" /><trkpt lat="44.091435" lon="7.494038" /><trkpt lat="44.091477" lon="7.494225" /><trkpt lat="44.091509" lon="7.494396" /><trkpt lat="44.091567" lon="7.494700" /><trkpt lat="44.091581" lon="7.494956" /><trkpt lat="44.091572" lon="7.495163" /><trkpt lat="44.091561" lon="7.495577" /><trkpt lat="44.091578" lon="7.495859" /><trkpt lat="44.091581" lon="7.496139" /><trkpt lat="44.091563" lon="7.496422" /><trkpt lat="44.091540" lon="7.496725" /><trkpt lat="44.091498" lon="7.496832" /><trkpt lat="44.091436" lon="7.496916" /><trkpt lat="44.091299" lon="7.497074" /></trkseg><trkseg><trkpt lat="44.090849" lon="7.480283" /><trkpt lat="44.090654" lon="7.480373" /></trkseg><trkseg><trkpt lat="44.090246" lon="7.480992" /><trkpt lat="44.090214" lon="7.481090" /><trkpt lat="44.090062" lon="7.481558" /><trkpt lat="44.090030" lon="7.481650" /><trkpt lat="44.089876" lon="7.481846" /><trkpt lat="44.089766" lon="7.481982" /><trkpt lat="44.089658" lon="7.482058" /><trkpt lat="44.089570" lon="7.482224" /><trkpt lat="44.089474" lon="7.482393" /><trkpt lat="44.089276" lon="7.482776" /><trkpt lat="44.089228" lon="7.482913" /><trkpt lat="44.089251" lon="7.482996" /><trkpt lat="44.089288" lon="7.483076" /><trkpt lat="44.089399" lon="7.483143" /><trkpt lat="44.089545" lon="7.483167" /><trkpt lat="44.089607" lon="7.483218" /><trkpt lat="44.089687" lon="7.483352" /><trkpt lat="44.089741" lon="7.483511" /><trkpt lat="44.089767" lon="7.483684" /><trkpt lat="44.089764" lon="7.483917" /><trkpt lat="44.089834" lon="7.484128" /><trkpt lat="44.090105" lon="7.484443" /><trkpt lat="44.090349" lon="7.484756" /><trkpt lat="44.090690" lon="7.484925" /><trkpt lat="44.090911" lon="7.485267" /><trkpt lat="44.091156" lon="7.485775" /><trkpt lat="44.091200" lon="7.486152" /><trkpt lat="44.091259" lon="7.486475" /><trkpt lat="44.091241" lon="7.486647" /><trkpt lat="44.091198" lon="7.486842" /><trkpt lat="44.091133" lon="7.486916" /><trkpt lat="44.091101" lon="7.486983" /><trkpt lat="44.091103" lon="7.487074" /><trkpt lat="44.091116" lon="7.487182" /><trkpt lat="44.091121" lon="7.487349" /><trkpt lat="44.091078" lon="7.487459" /><trkpt lat="44.091010" lon="7.487525" /><trkpt lat="44.090944" lon="7.487610" /><trkpt lat="44.090904" lon="7.487684" /><trkpt lat="44.090934" lon="7.487786" /><trkpt lat="44.091369" lon="7.488420" /><trkpt lat="44.091467" lon="7.488558" /><trkpt lat="44.091562" lon="7.488811" /><trkpt lat="44.091704" lon="7.489157" /></trkseg><trkseg><trkpt lat="44.187085" lon="7.193589" /><trkpt lat="44.186768" lon="7.194838" /><trkpt lat="44.186513" lon="7.195496" /><trkpt lat="44.186240" lon="7.196517" /><trkpt lat="44.186266" lon="7.197547" /><trkpt lat="44.186338" lon="7.198332" /><trkpt lat="44.186693" lon="7.199473" /><trkpt lat="44.187125" lon="7.200489" /><trkpt lat="44.186922" lon="7.200769" /><trkpt lat="44.186736" lon="7.200920" /><trkpt lat="44.185661" lon="7.202003" /><trkpt lat="44.184431" lon="7.203656" /><trkpt lat="44.182332" lon="7.204701" /><trkpt lat="44.182081" lon="7.204713" /><trkpt lat="44.181454" lon="7.204610" /><trkpt lat="44.180637" lon="7.204737" /><trkpt lat="44.179128" lon="7.204592" /><trkpt lat="44.178430" lon="7.206337" /><trkpt lat="44.177847" lon="7.207631" /><trkpt lat="44.177764" lon="7.207905" /><trkpt lat="44.176855" lon="7.209800" /><trkpt lat="44.176739" lon="7.210005" /><trkpt lat="44.176722" lon="7.210385" /><trkpt lat="44.176625" lon="7.210690" /><trkpt lat="44.176400" lon="7.210921" /><trkpt lat="44.176036" lon="7.211850" /><trkpt lat="44.175866" lon="7.212199" /><trkpt lat="44.175223" lon="7.212973" /><trkpt lat="44.175086" lon="7.213375" /><trkpt lat="44.175178" lon="7.213716" /><trkpt lat="44.175123" lon="7.214126" /><trkpt lat="44.174836" lon="7.214150" /><trkpt lat="44.174511" lon="7.214222" /><trkpt lat="44.174035" lon="7.214462" /><trkpt lat="44.173720" lon="7.214584" /><trkpt lat="44.173091" lon="7.214497" /><trkpt lat="44.172891" lon="7.214695" /><trkpt lat="44.172191" lon="7.215413" /><trkpt lat="44.171749" lon="7.215690" /><trkpt lat="44.170881" lon="7.215898" /><trkpt lat="44.170605" lon="7.216221" /><trkpt lat="44.170347" lon="7.217442" /><trkpt lat="44.170126" lon="7.218118" /><trkpt lat="44.169943" lon="7.218468" /><trkpt lat="44.169715" lon="7.218514" /><trkpt lat="44.169104" lon="7.218561" /><trkpt lat="44.168650" lon="7.218853" /><trkpt lat="44.168408" lon="7.219463" /><trkpt lat="44.168293" lon="7.219883" /><trkpt lat="44.168283" lon="7.220910" /><trkpt lat="44.168620" lon="7.222448" /><trkpt lat="44.169092" lon="7.224692" /><trkpt lat="44.168883" lon="7.225354" /><trkpt lat="44.168457" lon="7.226361" /><trkpt lat="44.168193" lon="7.227448" /><trkpt lat="44.168200" lon="7.228095" /><trkpt lat="44.168389" lon="7.228658" /><trkpt lat="44.169332" lon="7.229452" /><trkpt lat="44.170166" lon="7.230288" /><trkpt lat="44.170500" lon="7.230797" /><trkpt lat="44.171147" lon="7.232329" /><trkpt lat="44.171476" lon="7.232705" /><trkpt lat="44.172003" lon="7.232933" /><trkpt lat="44.173575" lon="7.233534" /><trkpt lat="44.174162" lon="7.233469" /><trkpt lat="44.174503" lon="7.234891" /><trkpt lat="44.175317" lon="7.234828" /><trkpt lat="44.175450" lon="7.235055" /><trkpt lat="44.175421" lon="7.235451" /><trkpt lat="44.175277" lon="7.235720" /><trkpt lat="44.174397" lon="7.236720" /><trkpt lat="44.173746" lon="7.237940" /><trkpt lat="44.173410" lon="7.239303" /><trkpt lat="44.173489" lon="7.240470" /><trkpt lat="44.172977" lon="7.241770" /><trkpt lat="44.172497" lon="7.242108" /><trkpt lat="44.171739" lon="7.243053" /><trkpt lat="44.171637" lon="7.243459" /><trkpt lat="44.171310" lon="7.243298" /><trkpt lat="44.170831" lon="7.243356" /><trkpt lat="44.170288" lon="7.243740" /><trkpt lat="44.170040" lon="7.243420" /><trkpt lat="44.169843" lon="7.243552" /><trkpt lat="44.169145" lon="7.243459" /><trkpt lat="44.168951" lon="7.243243" /><trkpt lat="44.168381" lon="7.242928" /><trkpt lat="44.167899" lon="7.243300" /><trkpt lat="44.167461" lon="7.243727" /><trkpt lat="44.167195" lon="7.243819" /><trkpt lat="44.166927" lon="7.243962" /><trkpt lat="44.166712" lon="7.244208" /><trkpt lat="44.166273" lon="7.244668" /><trkpt lat="44.166016" lon="7.244843" /><trkpt lat="44.165740" lon="7.244870" /><trkpt lat="44.164617" lon="7.245169" /><trkpt lat="44.164304" lon="7.244960" /><trkpt lat="44.163980" lon="7.245015" /><trkpt lat="44.163489" lon="7.245321" /><trkpt lat="44.163213" lon="7.245876" /><trkpt lat="44.162977" lon="7.246370" /><trkpt lat="44.162688" lon="7.246676" /><trkpt lat="44.161488" lon="7.247633" /><trkpt lat="44.160914" lon="7.247665" /><trkpt lat="44.159679" lon="7.248055" /><trkpt lat="44.158057" lon="7.248859" /><trkpt lat="44.157340" lon="7.249939" /><trkpt lat="44.156813" lon="7.250789" /><trkpt lat="44.156474" lon="7.251422" /><trkpt lat="44.155827" lon="7.252013" /><trkpt lat="44.155590" lon="7.252770" /><trkpt lat="44.155410" lon="7.253849" /><trkpt lat="44.155346" lon="7.254473" /><trkpt lat="44.155457" lon="7.255443" /><trkpt lat="44.155418" lon="7.256583" /><trkpt lat="44.155074" lon="7.257084" /><trkpt lat="44.154638" lon="7.257476" /><trkpt lat="44.154208" lon="7.258019" /><trkpt lat="44.153477" lon="7.259148" /><trkpt lat="44.151232" lon="7.259996" /><trkpt lat="44.150240" lon="7.260556" /><trkpt lat="44.149407" lon="7.261576" /><trkpt lat="44.148726" lon="7.262130" /><trkpt lat="44.147909" lon="7.262524" /></trkseg><trkseg><trkpt lat="44.113105" lon="7.427115" /><trkpt lat="44.113093" lon="7.428758" /><trkpt lat="44.115277" lon="7.428205" /><trkpt lat="44.116642" lon="7.428716" /><trkpt lat="44.119294" lon="7.426660" /><trkpt lat="44.120953" lon="7.427142" /><trkpt lat="44.123472" lon="7.429143" /><trkpt lat="44.124417" lon="7.429666" /><trkpt lat="44.125604" lon="7.429506" /><trkpt lat="44.126094" lon="7.429742" /><trkpt lat="44.127489" lon="7.429742" /><trkpt lat="44.129370" lon="7.429772" /><trkpt lat="44.130226" lon="7.429774" /><trkpt lat="44.130547" lon="7.431432" /><trkpt lat="44.130361" lon="7.432543" /><trkpt lat="44.129764" lon="7.433852" /><trkpt lat="44.129750" lon="7.434016" /><trkpt lat="44.129305" lon="7.436373" /><trkpt lat="44.129049" lon="7.437716" /><trkpt lat="44.128730" lon="7.438911" /><trkpt lat="44.128305" lon="7.440522" /><trkpt lat="44.128364" lon="7.443177" /><trkpt lat="44.128396" lon="7.444376" /><trkpt lat="44.129137" lon="7.445906" /><trkpt lat="44.129133" lon="7.445935" /><trkpt lat="44.129009" lon="7.446877" /><trkpt lat="44.129210" lon="7.448549" /><trkpt lat="44.128476" lon="7.449657" /><trkpt lat="44.128141" lon="7.450912" /><trkpt lat="44.127609" lon="7.452872" /><trkpt lat="44.127746" lon="7.455055" /><trkpt lat="44.127257" lon="7.456024" /><trkpt lat="44.126386" lon="7.457681" /><trkpt lat="44.126315" lon="7.458089" /><trkpt lat="44.126541" lon="7.459553" /><trkpt lat="44.127641" lon="7.461046" /><trkpt lat="44.127745" lon="7.461598" /><trkpt lat="44.129357" lon="7.465574" /><trkpt lat="44.129880" lon="7.466858" /><trkpt lat="44.130639" lon="7.467910" /><trkpt lat="44.130980" lon="7.468222" /><trkpt lat="44.130956" lon="7.468505" /><trkpt lat="44.131177" lon="7.468959" /><trkpt lat="44.132099" lon="7.470233" /><trkpt lat="44.132787" lon="7.471413" /><trkpt lat="44.132693" lon="7.471889" /><trkpt lat="44.132723" lon="7.473686" /><trkpt lat="44.133462" lon="7.474213" /><trkpt lat="44.133834" lon="7.475876" /><trkpt lat="44.132917" lon="7.476547" /><trkpt lat="44.132682" lon="7.476981" /><trkpt lat="44.133122" lon="7.478335" /><trkpt lat="44.133158" lon="7.479472" /><trkpt lat="44.133318" lon="7.479523" /><trkpt lat="44.133299" lon="7.479722" /><trkpt lat="44.133355" lon="7.479858" /><trkpt lat="44.133311" lon="7.479974" /><trkpt lat="44.133307" lon="7.480156" /><trkpt lat="44.133492" lon="7.480489" /><trkpt lat="44.133591" lon="7.480849" /><trkpt lat="44.133768" lon="7.480983" /><trkpt lat="44.134151" lon="7.481347" /><trkpt lat="44.134243" lon="7.482031" /><trkpt lat="44.134247" lon="7.482227" /><trkpt lat="44.134160" lon="7.482364" /><trkpt lat="44.134181" lon="7.482458" /><trkpt lat="44.133756" lon="7.482892" /><trkpt lat="44.133713" lon="7.483567" /></trkseg><trkseg><trkpt lat="44.147520" lon="7.310519" /><trkpt lat="44.147185" lon="7.311318" /><trkpt lat="44.146385" lon="7.312888" /><trkpt lat="44.146234" lon="7.313057" /><trkpt lat="44.145711" lon="7.313276" /><trkpt lat="44.144989" lon="7.314472" /><trkpt lat="44.144888" lon="7.314860" /><trkpt lat="44.144689" lon="7.315555" /><trkpt lat="44.144318" lon="7.316086" /><trkpt lat="44.143898" lon="7.316678" /><trkpt lat="44.143315" lon="7.317157" /><trkpt lat="44.143136" lon="7.317687" /><trkpt lat="44.143065" lon="7.319239" /><trkpt lat="44.142841" lon="7.321788" /><trkpt lat="44.142967" lon="7.322413" /><trkpt lat="44.143166" lon="7.322512" /><trkpt lat="44.143296" lon="7.322806" /><trkpt lat="44.143575" lon="7.323477" /><trkpt lat="44.143661" lon="7.323947" /><trkpt lat="44.143540" lon="7.324252" /><trkpt lat="44.143562" lon="7.324552" /><trkpt lat="44.143937" lon="7.325993" /><trkpt lat="44.144380" lon="7.326479" /><trkpt lat="44.144357" lon="7.327505" /><trkpt lat="44.144666" lon="7.328326" /><trkpt lat="44.144675" lon="7.328658" /><trkpt lat="44.144609" lon="7.329034" /><trkpt lat="44.144582" lon="7.329380" /><trkpt lat="44.144354" lon="7.330171" /><trkpt lat="44.144106" lon="7.331160" /><trkpt lat="44.143653" lon="7.332463" /><trkpt lat="44.143775" lon="7.332938" /><trkpt lat="44.144315" lon="7.333648" /><trkpt lat="44.144897" lon="7.334743" /><trkpt lat="44.144858" lon="7.335336" /><trkpt lat="44.144875" lon="7.336001" /><trkpt lat="44.144904" lon="7.337444" /><trkpt lat="44.145350" lon="7.339174" /><trkpt lat="44.145390" lon="7.339326" /><trkpt lat="44.145347" lon="7.340580" /><trkpt lat="44.145813" lon="7.341302" /><trkpt lat="44.145990" lon="7.341600" /><trkpt lat="44.146011" lon="7.341933" /><trkpt lat="44.145969" lon="7.342326" /><trkpt lat="44.145772" lon="7.342706" /><trkpt lat="44.145290" lon="7.343592" /><trkpt lat="44.145269" lon="7.344303" /><trkpt lat="44.145207" lon="7.344628" /><trkpt lat="44.145078" lon="7.344832" /><trkpt lat="44.144805" lon="7.345055" /><trkpt lat="44.144284" lon="7.345242" /><trkpt lat="44.143771" lon="7.345511" /><trkpt lat="44.143349" lon="7.345855" /><trkpt lat="44.142976" lon="7.345656" /><trkpt lat="44.142740" lon="7.345585" /><trkpt lat="44.142483" lon="7.345728" /><trkpt lat="44.142228" lon="7.345838" /><trkpt lat="44.141990" lon="7.345817" /><trkpt lat="44.141802" lon="7.346016" /><trkpt lat="44.141486" lon="7.346153" /><trkpt lat="44.141066" lon="7.346182" /><trkpt lat="44.140627" lon="7.346408" /><trkpt lat="44.139676" lon="7.346854" /><trkpt lat="44.139231" lon="7.346683" /><trkpt lat="44.138667" lon="7.346484" /><trkpt lat="44.138216" lon="7.346692" /><trkpt lat="44.137666" lon="7.346726" /><trkpt lat="44.137371" lon="7.346650" /><trkpt lat="44.136901" lon="7.346227" /><trkpt lat="44.136409" lon="7.345769" /><trkpt lat="44.136124" lon="7.347037" /><trkpt lat="44.135984" lon="7.347239" /><trkpt lat="44.135522" lon="7.347679" /><trkpt lat="44.134986" lon="7.347929" /><trkpt lat="44.134259" lon="7.348180" /><trkpt lat="44.133496" lon="7.348444" /><trkpt lat="44.132719" lon="7.348723" /><trkpt lat="44.132576" lon="7.348975" /><trkpt lat="44.132014" lon="7.349257" /><trkpt lat="44.131629" lon="7.349836" /><trkpt lat="44.131165" lon="7.350076" /><trkpt lat="44.130610" lon="7.350208" /><trkpt lat="44.130111" lon="7.350414" /><trkpt lat="44.129559" lon="7.351010" /><trkpt lat="44.129295" lon="7.351069" /><trkpt lat="44.128665" lon="7.350998" /><trkpt lat="44.128201" lon="7.351487" /><trkpt lat="44.127946" lon="7.351579" /><trkpt lat="44.126944" lon="7.351573" /><trkpt lat="44.126000" lon="7.352136" /><trkpt lat="44.125826" lon="7.352286" /><trkpt lat="44.125499" lon="7.352919" /><trkpt lat="44.125401" lon="7.353739" /><trkpt lat="44.125266" lon="7.354091" /><trkpt lat="44.125016" lon="7.354334" /><trkpt lat="44.124831" lon="7.354467" /><trkpt lat="44.124038" lon="7.354843" /><trkpt lat="44.123002" lon="7.355067" /><trkpt lat="44.122410" lon="7.355213" /><trkpt lat="44.121575" lon="7.355470" /><trkpt lat="44.121158" lon="7.355963" /><trkpt lat="44.120203" lon="7.356523" /><trkpt lat="44.119099" lon="7.356777" /><trkpt lat="44.117804" lon="7.356792" /><trkpt lat="44.116961" lon="7.356965" /><trkpt lat="44.116644" lon="7.357119" /><trkpt lat="44.116113" lon="7.358016" /><trkpt lat="44.116036" lon="7.358390" /><trkpt lat="44.116109" lon="7.359407" /><trkpt lat="44.116369" lon="7.361005" /><trkpt lat="44.116456" lon="7.361443" /><trkpt lat="44.116647" lon="7.362218" /><trkpt lat="44.116875" lon="7.362969" /><trkpt lat="44.117031" lon="7.363728" /><trkpt lat="44.117444" lon="7.364609" /><trkpt lat="44.117452" lon="7.364940" /><trkpt lat="44.117233" lon="7.366329" /><trkpt lat="44.117094" lon="7.366764" /><trkpt lat="44.116722" lon="7.367310" /><trkpt lat="44.116553" lon="7.367625" /><trkpt lat="44.116481" lon="7.368149" /><trkpt lat="44.116933" lon="7.369482" /><trkpt lat="44.117570" lon="7.371443" /><trkpt lat="44.117752" lon="7.371624" /><trkpt lat="44.118377" lon="7.372558" /><trkpt lat="44.118517" lon="7.372885" /><trkpt lat="44.118630" lon="7.373542" /><trkpt lat="44.118977" lon="7.375063" /><trkpt lat="44.119232" lon="7.375467" /><trkpt lat="44.119456" lon="7.375552" /><trkpt lat="44.119881" lon="7.375888" /><trkpt lat="44.120207" lon="7.376579" /><trkpt lat="44.120621" lon="7.377215" /><trkpt lat="44.121245" lon="7.378770" /><trkpt lat="44.121640" lon="7.380031" /><trkpt lat="44.121934" lon="7.380841" /><trkpt lat="44.122107" lon="7.381282" /><trkpt lat="44.122468" lon="7.382597" /><trkpt lat="44.122593" lon="7.382930" /><trkpt lat="44.122697" lon="7.383217" /><trkpt lat="44.122862" lon="7.383438" /><trkpt lat="44.122778" lon="7.383733" /><trkpt lat="44.122739" lon="7.383800" /><trkpt lat="44.122695" lon="7.383796" /><trkpt lat="44.122675" lon="7.383860" /><trkpt lat="44.122744" lon="7.384139" /><trkpt lat="44.122877" lon="7.384301" /><trkpt lat="44.122998" lon="7.384384" /><trkpt lat="44.123080" lon="7.384477" /><trkpt lat="44.123186" lon="7.384495" /><trkpt lat="44.123361" lon="7.384672" /><trkpt lat="44.123697" lon="7.385442" /><trkpt lat="44.123849" lon="7.385922" /><trkpt lat="44.123943" lon="7.386122" /><trkpt lat="44.123976" lon="7.386340" /><trkpt lat="44.124023" lon="7.386416" /><trkpt lat="44.124054" lon="7.386718" /><trkpt lat="44.124169" lon="7.386866" /></trkseg><trkseg><trkpt lat="44.124169" lon="7.386866" /><trkpt lat="44.124092" lon="7.387332" /><trkpt lat="44.124047" lon="7.387926" /><trkpt lat="44.124223" lon="7.388060" /><trkpt lat="44.124356" lon="7.388110" /><trkpt lat="44.124445" lon="7.388238" /><trkpt lat="44.124593" lon="7.388333" /><trkpt lat="44.124778" lon="7.388463" /><trkpt lat="44.124842" lon="7.388575" /><trkpt lat="44.124842" lon="7.388651" /><trkpt lat="44.124910" lon="7.388709" /><trkpt lat="44.125017" lon="7.389113" /><trkpt lat="44.125084" lon="7.389148" /><trkpt lat="44.125007" lon="7.389810" /><trkpt lat="44.124496" lon="7.390764" /><trkpt lat="44.124438" lon="7.391124" /><trkpt lat="44.124457" lon="7.391453" /><trkpt lat="44.124535" lon="7.391816" /><trkpt lat="44.124738" lon="7.392039" /><trkpt lat="44.125119" lon="7.392498" /><trkpt lat="44.125263" lon="7.392764" /><trkpt lat="44.125278" lon="7.393018" /><trkpt lat="44.125097" lon="7.393298" /><trkpt lat="44.125047" lon="7.393464" /><trkpt lat="44.124868" lon="7.393493" /><trkpt lat="44.124736" lon="7.393728" /><trkpt lat="44.124457" lon="7.394338" /><trkpt lat="44.124336" lon="7.394676" /><trkpt lat="44.124156" lon="7.395141" /><trkpt lat="44.124023" lon="7.395185" /><trkpt lat="44.123954" lon="7.395240" /><trkpt lat="44.123852" lon="7.395190" /><trkpt lat="44.123862" lon="7.395431" /><trkpt lat="44.123725" lon="7.395632" /><trkpt lat="44.123607" lon="7.396131" /><trkpt lat="44.123608" lon="7.396504" /><trkpt lat="44.123374" lon="7.396653" /><trkpt lat="44.123270" lon="7.397026" /><trkpt lat="44.123031" lon="7.397092" /><trkpt lat="44.122494" lon="7.397926" /><trkpt lat="44.122489" lon="7.398057" /><trkpt lat="44.122380" lon="7.398231" /><trkpt lat="44.122151" lon="7.398613" /><trkpt lat="44.121748" lon="7.399043" /><trkpt lat="44.121677" lon="7.399280" /><trkpt lat="44.121550" lon="7.399429" /><trkpt lat="44.121392" lon="7.399499" /><trkpt lat="44.121142" lon="7.399617" /><trkpt lat="44.120988" lon="7.400013" /><trkpt lat="44.120863" lon="7.400309" /><trkpt lat="44.120409" lon="7.401191" /><trkpt lat="44.119928" lon="7.401869" /><trkpt lat="44.119521" lon="7.402650" /><trkpt lat="44.119242" lon="7.403505" /><trkpt lat="44.118632" lon="7.404467" /><trkpt lat="44.118345" lon="7.404908" /><trkpt lat="44.118143" lon="7.405412" /><trkpt lat="44.118129" lon="7.405773" /><trkpt lat="44.118107" lon="7.406347" /><trkpt lat="44.118076" lon="7.406988" /><trkpt lat="44.118414" lon="7.407821" /><trkpt lat="44.119028" lon="7.408487" /><trkpt lat="44.119538" lon="7.408917" /><trkpt lat="44.119657" lon="7.409397" /><trkpt lat="44.119695" lon="7.409685" /><trkpt lat="44.119529" lon="7.410259" /><trkpt lat="44.119640" lon="7.410761" /><trkpt lat="44.119637" lon="7.410949" /><trkpt lat="44.119612" lon="7.411278" /><trkpt lat="44.119490" lon="7.411829" /><trkpt lat="44.119202" lon="7.412189" /><trkpt lat="44.119094" lon="7.412391" /><trkpt lat="44.119042" lon="7.412687" /><trkpt lat="44.118870" lon="7.413442" /><trkpt lat="44.118883" lon="7.414207" /><trkpt lat="44.118977" lon="7.414369" /><trkpt lat="44.118895" lon="7.414681" /><trkpt lat="44.118721" lon="7.414787" /><trkpt lat="44.118658" lon="7.414981" /><trkpt lat="44.118220" lon="7.415960" /><trkpt lat="44.118146" lon="7.415870" /><trkpt lat="44.118018" lon="7.415857" /><trkpt lat="44.117665" lon="7.415877" /><trkpt lat="44.117532" lon="7.415805" /><trkpt lat="44.117400" lon="7.415759" /><trkpt lat="44.117165" lon="7.415796" /><trkpt lat="44.117070" lon="7.415708" /><trkpt lat="44.116722" lon="7.416201" /><trkpt lat="44.116402" lon="7.416515" /><trkpt lat="44.116260" lon="7.416662" /><trkpt lat="44.116149" lon="7.416851" /><trkpt lat="44.116172" lon="7.417195" /><trkpt lat="44.116011" lon="7.417292" /><trkpt lat="44.115833" lon="7.417369" /><trkpt lat="44.115434" lon="7.417670" /><trkpt lat="44.115242" lon="7.417869" /><trkpt lat="44.115007" lon="7.418109" /><trkpt lat="44.114888" lon="7.418532" /><trkpt lat="44.114813" lon="7.419297" /><trkpt lat="44.114878" lon="7.419554" /><trkpt lat="44.114110" lon="7.420675" /><trkpt lat="44.113748" lon="7.421161" /><trkpt lat="44.113438" lon="7.421163" /><trkpt lat="44.113445" lon="7.421385" /><trkpt lat="44.113217" lon="7.421632" /><trkpt lat="44.113187" lon="7.421793" /><trkpt lat="44.112884" lon="7.422101" /><trkpt lat="44.112624" lon="7.422830" /><trkpt lat="44.112556" lon="7.423009" /><trkpt lat="44.112395" lon="7.423595" /><trkpt lat="44.112318" lon="7.424010" /><trkpt lat="44.112191" lon="7.424869" /><trkpt lat="44.112290" lon="7.425538" /><trkpt lat="44.112317" lon="7.425866" /><trkpt lat="44.113105" lon="7.427115" /></trkseg><trkseg><trkpt lat="44.147909" lon="7.262524" /><trkpt lat="44.148009" lon="7.265051" /><trkpt lat="44.147875" lon="7.266977" /><trkpt lat="44.147790" lon="7.267798" /><trkpt lat="44.147652" lon="7.268466" /><trkpt lat="44.147477" lon="7.269692" /><trkpt lat="44.147602" lon="7.270382" /><trkpt lat="44.147655" lon="7.270785" /><trkpt lat="44.147580" lon="7.271921" /><trkpt lat="44.147531" lon="7.272199" /><trkpt lat="44.147476" lon="7.272359" /><trkpt lat="44.146858" lon="7.273101" /><trkpt lat="44.145827" lon="7.274006" /><trkpt lat="44.145297" lon="7.274124" /><trkpt lat="44.144848" lon="7.274815" /><trkpt lat="44.144001" lon="7.276646" /><trkpt lat="44.143757" lon="7.277304" /><trkpt lat="44.143450" lon="7.278006" /><trkpt lat="44.143224" lon="7.278268" /><trkpt lat="44.143048" lon="7.278467" /><trkpt lat="44.142554" lon="7.278821" /><trkpt lat="44.141815" lon="7.279354" /><trkpt lat="44.140961" lon="7.280290" /><trkpt lat="44.140875" lon="7.280596" /><trkpt lat="44.140841" lon="7.281091" /><trkpt lat="44.140792" lon="7.281915" /><trkpt lat="44.140772" lon="7.282625" /><trkpt lat="44.141435" lon="7.283777" /><trkpt lat="44.142299" lon="7.285773" /><trkpt lat="44.142798" lon="7.286066" /><trkpt lat="44.143162" lon="7.286478" /><trkpt lat="44.143400" lon="7.286483" /><trkpt lat="44.143941" lon="7.286662" /><trkpt lat="44.144218" lon="7.286853" /><trkpt lat="44.144615" lon="7.287318" /><trkpt lat="44.145165" lon="7.288063" /><trkpt lat="44.145135" lon="7.288739" /><trkpt lat="44.145110" lon="7.289566" /><trkpt lat="44.145254" lon="7.290308" /><trkpt lat="44.145261" lon="7.290688" /><trkpt lat="44.145177" lon="7.291740" /><trkpt lat="44.145457" lon="7.292942" /><trkpt lat="44.145475" lon="7.293324" /><trkpt lat="44.145399" lon="7.293699" /><trkpt lat="44.145040" lon="7.294231" /><trkpt lat="44.144107" lon="7.295077" /><trkpt lat="44.144009" lon="7.295383" /><trkpt lat="44.144397" lon="7.296560" /><trkpt lat="44.144392" lon="7.296958" /><trkpt lat="44.144333" lon="7.297714" /><trkpt lat="44.144566" lon="7.298613" /><trkpt lat="44.144698" lon="7.299138" /><trkpt lat="44.144707" lon="7.299702" /><trkpt lat="44.144717" lon="7.300814" /><trkpt lat="44.144873" lon="7.301573" /><trkpt lat="44.145211" lon="7.302264" /><trkpt lat="44.145784" lon="7.302795" /><trkpt lat="44.146174" lon="7.303393" /><trkpt lat="44.145905" lon="7.304081" /><trkpt lat="44.145316" lon="7.305222" /><trkpt lat="44.144660" lon="7.306523" /><trkpt lat="44.143986" lon="7.307939" /><trkpt lat="44.144296" lon="7.308480" /><trkpt lat="44.145180" lon="7.309237" /><trkpt lat="44.145912" lon="7.309948" /><trkpt lat="44.147336" lon="7.310354" /><trkpt lat="44.147520" lon="7.310519" /></trkseg><trkseg><trkpt lat="44.187085" lon="7.193589" /><trkpt lat="44.186429" lon="7.193350" /><trkpt lat="44.185759" lon="7.193110" /><trkpt lat="44.185274" lon="7.193018" /><trkpt lat="44.184788" lon="7.192977" /><trkpt lat="44.184122" lon="7.193185" /><trkpt lat="44.183578" lon="7.193353" /><trkpt lat="44.183364" lon="7.193335" /><trkpt lat="44.182822" lon="7.191847" /><trkpt lat="44.181978" lon="7.190432" /><trkpt lat="44.181537" lon="7.189818" /><trkpt lat="44.180821" lon="7.188824" /><trkpt lat="44.179878" lon="7.187483" /><trkpt lat="44.179463" lon="7.187165" /></trkseg><trkseg><trkpt lat="44.179463" lon="7.187165" /><trkpt lat="44.178942" lon="7.185993" /><trkpt lat="44.178567" lon="7.185314" /><trkpt lat="44.178125" lon="7.185061" /><trkpt lat="44.177785" lon="7.184651" /><trkpt lat="44.177472" lon="7.184194" /><trkpt lat="44.177064" lon="7.183429" /><trkpt lat="44.176667" lon="7.182715" /><trkpt lat="44.176425" lon="7.182247" /><trkpt lat="44.175778" lon="7.180982" /><trkpt lat="44.175598" lon="7.180188" /><trkpt lat="44.175383" lon="7.179672" /><trkpt lat="44.175279" lon="7.179315" /><trkpt lat="44.175220" lon="7.178746" /><trkpt lat="44.174960" lon="7.178458" /><trkpt lat="44.174673" lon="7.178186" /><trkpt lat="44.174390" lon="7.177581" /><trkpt lat="44.174028" lon="7.177401" /><trkpt lat="44.173843" lon="7.177269" /><trkpt lat="44.173504" lon="7.176842" /><trkpt lat="44.173194" lon="7.176037" /><trkpt lat="44.172983" lon="7.175671" /><trkpt lat="44.172719" lon="7.175433" /><trkpt lat="44.172278" lon="7.175163" /><trkpt lat="44.172117" lon="7.175033" /><trkpt lat="44.171977" lon="7.174440" /><trkpt lat="44.171925" lon="7.173442" /><trkpt lat="44.171780" lon="7.172684" /><trkpt lat="44.171765" lon="7.172218" /><trkpt lat="44.171754" lon="7.171654" /><trkpt lat="44.171429" lon="7.170632" /><trkpt lat="44.171243" lon="7.169985" /><trkpt lat="44.171124" lon="7.169446" /><trkpt lat="44.171107" lon="7.169030" /><trkpt lat="44.170023" lon="7.167098" /><trkpt lat="44.169589" lon="7.166397" /><trkpt lat="44.169770" lon="7.163943" /><trkpt lat="44.169733" lon="7.162896" /><trkpt lat="44.170121" lon="7.161653" /><trkpt lat="44.170273" lon="7.160920" /><trkpt lat="44.170462" lon="7.160142" /><trkpt lat="44.170677" lon="7.159597" /><trkpt lat="44.171223" lon="7.158598" /><trkpt lat="44.171642" lon="7.158004" /><trkpt lat="44.171759" lon="7.157252" /><trkpt lat="44.171869" lon="7.156649" /><trkpt lat="44.172231" lon="7.155750" /><trkpt lat="44.172546" lon="7.155099" /><trkpt lat="44.172879" lon="7.154580" /><trkpt lat="44.173141" lon="7.154304" /><trkpt lat="44.173150" lon="7.153841" /><trkpt lat="44.173140" lon="7.153012" /><trkpt lat="44.173241" lon="7.152323" /><trkpt lat="44.173737" lon="7.151355" /><trkpt lat="44.173951" lon="7.150827" /><trkpt lat="44.174280" lon="7.149861" /><trkpt lat="44.174486" lon="7.148982" /><trkpt lat="44.174744" lon="7.147993" /><trkpt lat="44.174993" lon="7.147501" /><trkpt lat="44.174555" lon="7.146337" /><trkpt lat="44.174332" lon="7.145456" /><trkpt lat="44.174395" lon="7.144268" /><trkpt lat="44.174348" lon="7.143999" /><trkpt lat="44.174115" lon="7.143332" /><trkpt lat="44.174100" lon="7.143133" /><trkpt lat="44.173591" lon="7.142244" /><trkpt lat="44.173559" lon="7.141860" /><trkpt lat="44.173407" lon="7.141533" /><trkpt lat="44.173387" lon="7.140884" /><trkpt lat="44.172975" lon="7.139953" /><trkpt lat="44.172678" lon="7.138570" /><trkpt lat="44.172171" lon="7.137631" /><trkpt lat="44.171257" lon="7.136178" /><trkpt lat="44.170885" lon="7.136495" /><trkpt lat="44.169965" lon="7.136814" /><trkpt lat="44.169588" lon="7.136948" /><trkpt lat="44.168812" lon="7.137511" /><trkpt lat="44.168347" lon="7.137257" /><trkpt lat="44.168136" lon="7.137173" /><trkpt lat="44.167484" lon="7.137348" /><trkpt lat="44.167073" lon="7.137463" /><trkpt lat="44.166264" lon="7.137411" /><trkpt lat="44.165942" lon="7.137434" /><trkpt lat="44.165572" lon="7.137684" /><trkpt lat="44.165291" lon="7.137577" /><trkpt lat="44.165092" lon="7.137156" /><trkpt lat="44.164800" lon="7.136541" /><trkpt lat="44.164456" lon="7.135803" /><trkpt lat="44.164277" lon="7.135420" /><trkpt lat="44.164244" lon="7.135095" /></trkseg><trkseg><trkpt lat="44.095953" lon="7.485742" /><trkpt lat="44.095734" lon="7.485791" /><trkpt lat="44.095633" lon="7.485641" /><trkpt lat="44.095497" lon="7.485330" /><trkpt lat="44.095372" lon="7.485003" /><trkpt lat="44.095233" lon="7.484705" /><trkpt lat="44.094870" lon="7.484082" /><trkpt lat="44.094530" lon="7.483435" /><trkpt lat="44.094214" lon="7.482811" /><trkpt lat="44.093883" lon="7.482178" /><trkpt lat="44.093695" lon="7.481856" /><trkpt lat="44.093542" lon="7.481598" /><trkpt lat="44.093416" lon="7.481471" /><trkpt lat="44.093113" lon="7.481322" /><trkpt lat="44.092884" lon="7.481245" /><trkpt lat="44.092694" lon="7.480992" /><trkpt lat="44.092544" lon="7.480959" /><trkpt lat="44.092439" lon="7.480976" /><trkpt lat="44.092131" lon="7.480911" /><trkpt lat="44.092061" lon="7.480867" /><trkpt lat="44.091943" lon="7.480747" /><trkpt lat="44.091925" lon="7.480703" /><trkpt lat="44.091800" lon="7.480567" /><trkpt lat="44.091767" lon="7.480524" /><trkpt lat="44.091515" lon="7.480471" /><trkpt lat="44.091140" lon="7.480307" /><trkpt lat="44.090993" lon="7.480277" /><trkpt lat="44.090912" lon="7.480281" /><trkpt lat="44.090849" lon="7.480283" /></trkseg><trkseg><trkpt lat="44.078860" lon="7.397436" /><trkpt lat="44.078811" lon="7.397977" /><trkpt lat="44.078659" lon="7.398746" /><trkpt lat="44.078495" lon="7.399443" /><trkpt lat="44.078368" lon="7.400392" /><trkpt lat="44.078165" lon="7.401346" /><trkpt lat="44.077766" lon="7.402026" /></trkseg><trkseg><trkpt lat="44.074345" lon="7.380389" /><trkpt lat="44.074081" lon="7.379885" /><trkpt lat="44.073861" lon="7.379237" /><trkpt lat="44.073750" lon="7.378533" /><trkpt lat="44.073947" lon="7.377888" /><trkpt lat="44.074200" lon="7.377315" /><trkpt lat="44.074599" lon="7.376633" /><trkpt lat="44.074964" lon="7.375971" /><trkpt lat="44.075435" lon="7.375070" /><trkpt lat="44.075801" lon="7.374375" /><trkpt lat="44.076283" lon="7.373507" /><trkpt lat="44.076806" lon="7.372494" /><trkpt lat="44.077188" lon="7.371540" /><trkpt lat="44.077560" lon="7.370978" /><trkpt lat="44.077757" lon="7.370564" /><trkpt lat="44.078016" lon="7.370140" /><trkpt lat="44.078358" lon="7.369654" /><trkpt lat="44.078543" lon="7.369062" /><trkpt lat="44.078797" lon="7.368473" /><trkpt lat="44.079166" lon="7.367922" /><trkpt lat="44.079359" lon="7.367607" /><trkpt lat="44.079383" lon="7.367415" /><trkpt lat="44.079250" lon="7.367189" /><trkpt lat="44.079388" lon="7.366772" /><trkpt lat="44.079716" lon="7.366331" /><trkpt lat="44.079914" lon="7.365935" /><trkpt lat="44.079929" lon="7.365644" /><trkpt lat="44.079853" lon="7.365241" /><trkpt lat="44.079749" lon="7.364652" /><trkpt lat="44.079670" lon="7.364049" /><trkpt lat="44.079845" lon="7.363601" /><trkpt lat="44.079981" lon="7.363249" /><trkpt lat="44.080449" lon="7.362662" /><trkpt lat="44.080712" lon="7.362388" /><trkpt lat="44.080812" lon="7.362048" /><trkpt lat="44.081039" lon="7.361771" /><trkpt lat="44.081018" lon="7.361206" /><trkpt lat="44.081038" lon="7.360778" /><trkpt lat="44.081079" lon="7.360384" /><trkpt lat="44.081254" lon="7.359953" /><trkpt lat="44.081521" lon="7.359845" /><trkpt lat="44.081714" lon="7.359812" /><trkpt lat="44.081834" lon="7.359542" /><trkpt lat="44.082060" lon="7.359297" /><trkpt lat="44.082380" lon="7.359076" /><trkpt lat="44.082744" lon="7.358888" /><trkpt lat="44.082886" lon="7.358653" /><trkpt lat="44.082899" lon="7.358372" /><trkpt lat="44.083037" lon="7.358026" /><trkpt lat="44.083331" lon="7.357870" /><trkpt lat="44.083567" lon="7.357869" /><trkpt lat="44.083731" lon="7.357684" /><trkpt lat="44.083874" lon="7.357416" /><trkpt lat="44.083980" lon="7.357178" /><trkpt lat="44.084223" lon="7.356874" /><trkpt lat="44.084507" lon="7.356877" /><trkpt lat="44.084875" lon="7.356700" /><trkpt lat="44.085157" lon="7.356543" /><trkpt lat="44.085439" lon="7.356104" /><trkpt lat="44.085739" lon="7.355833" /><trkpt lat="44.085979" lon="7.355539" /><trkpt lat="44.086378" lon="7.355426" /><trkpt lat="44.086637" lon="7.355195" /><trkpt lat="44.086783" lon="7.354877" /><trkpt lat="44.086886" lon="7.354456" /><trkpt lat="44.087224" lon="7.354122" /><trkpt lat="44.087515" lon="7.353750" /><trkpt lat="44.087649" lon="7.353430" /><trkpt lat="44.087954" lon="7.353028" /><trkpt lat="44.088168" lon="7.352533" /><trkpt lat="44.088344" lon="7.352069" /><trkpt lat="44.088384" lon="7.351708" /><trkpt lat="44.088473" lon="7.351111" /><trkpt lat="44.088617" lon="7.350593" /><trkpt lat="44.089058" lon="7.350030" /><trkpt lat="44.089210" lon="7.349861" /><trkpt lat="44.089281" lon="7.349587" /><trkpt lat="44.089596" lon="7.349217" /><trkpt lat="44.090341" lon="7.347809" /><trkpt lat="44.090540" lon="7.347172" /><trkpt lat="44.090568" lon="7.346562" /><trkpt lat="44.090345" lon="7.345963" /><trkpt lat="44.089767" lon="7.345299" /><trkpt lat="44.089657" lon="7.344843" /><trkpt lat="44.089687" lon="7.344449" /><trkpt lat="44.090153" lon="7.344159" /><trkpt lat="44.090357" lon="7.343879" /><trkpt lat="44.090611" lon="7.343537" /><trkpt lat="44.090948" lon="7.343485" /><trkpt lat="44.091269" lon="7.343513" /><trkpt lat="44.091764" lon="7.343389" /><trkpt lat="44.091972" lon="7.343259" /><trkpt lat="44.092309" lon="7.343190" /><trkpt lat="44.092502" lon="7.343422" /><trkpt lat="44.093023" lon="7.343253" /><trkpt lat="44.093215" lon="7.343485" /><trkpt lat="44.093538" lon="7.343463" /><trkpt lat="44.093925" lon="7.343349" /><trkpt lat="44.094288" lon="7.343481" /><trkpt lat="44.094610" lon="7.343477" /><trkpt lat="44.095045" lon="7.343366" /><trkpt lat="44.095470" lon="7.343470" /><trkpt lat="44.096189" lon="7.343627" /><trkpt lat="44.096785" lon="7.343404" /><trkpt lat="44.097190" lon="7.343423" /><trkpt lat="44.097734" lon="7.343498" /><trkpt lat="44.098203" lon="7.343424" /><trkpt lat="44.098644" lon="7.343165" /><trkpt lat="44.098767" lon="7.342851" /><trkpt lat="44.098956" lon="7.342612" /><trkpt lat="44.098780" lon="7.342299" /><trkpt lat="44.098671" lon="7.342057" /><trkpt lat="44.098493" lon="7.341801" /><trkpt lat="44.098231" lon="7.341528" /><trkpt lat="44.098045" lon="7.341165" /><trkpt lat="44.098053" lon="7.340719" /><trkpt lat="44.098014" lon="7.340262" /><trkpt lat="44.097979" lon="7.339729" /><trkpt lat="44.098064" lon="7.339156" /><trkpt lat="44.098369" lon="7.338794" /><trkpt lat="44.098963" lon="7.338332" /><trkpt lat="44.099368" lon="7.338070" /><trkpt lat="44.099805" lon="7.337374" /><trkpt lat="44.100108" lon="7.336779" /><trkpt lat="44.100217" lon="7.336226" /><trkpt lat="44.100431" lon="7.335730" /><trkpt lat="44.100519" lon="7.335094" /><trkpt lat="44.100732" lon="7.334326" /><trkpt lat="44.100966" lon="7.333924" /><trkpt lat="44.101260" lon="7.333496" /><trkpt lat="44.101360" lon="7.333141" /><trkpt lat="44.101351" lon="7.332543" /><trkpt lat="44.101231" lon="7.332052" /><trkpt lat="44.101050" lon="7.331574" /><trkpt lat="44.100859" lon="7.331308" /><trkpt lat="44.100760" lon="7.331141" /><trkpt lat="44.100554" lon="7.330941" /><trkpt lat="44.100241" lon="7.330748" /><trkpt lat="44.100142" lon="7.330573" /><trkpt lat="44.100065" lon="7.330417" /><trkpt lat="44.100377" lon="7.329883" /><trkpt lat="44.100844" lon="7.329046" /><trkpt lat="44.101129" lon="7.328543" /><trkpt lat="44.101454" lon="7.327974" /><trkpt lat="44.101877" lon="7.327317" /><trkpt lat="44.102128" lon="7.326793" /><trkpt lat="44.102293" lon="7.326327" /><trkpt lat="44.102467" lon="7.326160" /><trkpt lat="44.102724" lon="7.325769" /><trkpt lat="44.102926" lon="7.325539" /><trkpt lat="44.103095" lon="7.325223" /><trkpt lat="44.103244" lon="7.324838" /><trkpt lat="44.103375" lon="7.324319" /><trkpt lat="44.103547" lon="7.323705" /><trkpt lat="44.103639" lon="7.323251" /><trkpt lat="44.103729" lon="7.322828" /><trkpt lat="44.103790" lon="7.322287" /><trkpt lat="44.104146" lon="7.321307" /><trkpt lat="44.104390" lon="7.320899" /><trkpt lat="44.104644" lon="7.320326" /><trkpt lat="44.105074" lon="7.319503" /><trkpt lat="44.105402" lon="7.318868" /><trkpt lat="44.105956" lon="7.317725" /><trkpt lat="44.106244" lon="7.317155" /><trkpt lat="44.106406" lon="7.316987" /><trkpt lat="44.106856" lon="7.316547" /><trkpt lat="44.107267" lon="7.316186" /><trkpt lat="44.107744" lon="7.315896" /><trkpt lat="44.108329" lon="7.315385" /><trkpt lat="44.108627" lon="7.315113" /><trkpt lat="44.109020" lon="7.314619" /><trkpt lat="44.109185" lon="7.314401" /><trkpt lat="44.109358" lon="7.314002" /><trkpt lat="44.109480" lon="7.313682" /><trkpt lat="44.109586" lon="7.313459" /><trkpt lat="44.109637" lon="7.313133" /><trkpt lat="44.109705" lon="7.312940" /><trkpt lat="44.109795" lon="7.312815" /><trkpt lat="44.109884" lon="7.312691" /><trkpt lat="44.109974" lon="7.312550" /><trkpt lat="44.110123" lon="7.312397" /><trkpt lat="44.110227" lon="7.312224" /><trkpt lat="44.110297" lon="7.312015" /><trkpt lat="44.110293" lon="7.311816" /><trkpt lat="44.110279" lon="7.311599" /><trkpt lat="44.110300" lon="7.311402" /><trkpt lat="44.110360" lon="7.311142" /><trkpt lat="44.110350" lon="7.310844" /><trkpt lat="44.110311" lon="7.310642" /><trkpt lat="44.110230" lon="7.310337" /><trkpt lat="44.110181" lon="7.310084" /><trkpt lat="44.110184" lon="7.309786" /><trkpt lat="44.110209" lon="7.309475" /><trkpt lat="44.110284" lon="7.309398" /><trkpt lat="44.110444" lon="7.309313" /><trkpt lat="44.110501" lon="7.309102" /><trkpt lat="44.110505" lon="7.308738" /><trkpt lat="44.110480" lon="7.308521" /><trkpt lat="44.110396" lon="7.308249" /><trkpt lat="44.110304" lon="7.307910" /><trkpt lat="44.110184" lon="7.307683" /><trkpt lat="44.110163" lon="7.307335" /><trkpt lat="44.110118" lon="7.307033" /><trkpt lat="44.110011" lon="7.306493" /><trkpt lat="44.109911" lon="7.306336" /><trkpt lat="44.109728" lon="7.306186" /><trkpt lat="44.109600" lon="7.306093" /><trkpt lat="44.109561" lon="7.305891" /><trkpt lat="44.109600" lon="7.305563" /><trkpt lat="44.109647" lon="7.305335" /><trkpt lat="44.109730" lon="7.305078" /><trkpt lat="44.109869" lon="7.304643" /><trkpt lat="44.109954" lon="7.304335" /><trkpt lat="44.109929" lon="7.304118" /><trkpt lat="44.109865" lon="7.303931" /><trkpt lat="44.109890" lon="7.303668" /><trkpt lat="44.109986" lon="7.303395" /><trkpt lat="44.110035" lon="7.303084" /><trkpt lat="44.110098" lon="7.302775" /><trkpt lat="44.110262" lon="7.302559" /><trkpt lat="44.110423" lon="7.302440" /><trkpt lat="44.110580" lon="7.302138" /><trkpt lat="44.110678" lon="7.301816" /><trkpt lat="44.110813" lon="7.301464" /><trkpt lat="44.110991" lon="7.300982" /><trkpt lat="44.111145" lon="7.300483" /><trkpt lat="44.111175" lon="7.300056" /><trkpt lat="44.111095" lon="7.299734" /><trkpt lat="44.110970" lon="7.299326" /><trkpt lat="44.110950" lon="7.298976" /><trkpt lat="44.111002" lon="7.298617" /><trkpt lat="44.111166" lon="7.297902" /><trkpt lat="44.111329" lon="7.297469" /><trkpt lat="44.111403" lon="7.297161" /><trkpt lat="44.111442" lon="7.296833" /><trkpt lat="44.111537" lon="7.296576" /><trkpt lat="44.111734" lon="7.296180" /><trkpt lat="44.112007" lon="7.295691" /><trkpt lat="44.112100" lon="7.295483" /><trkpt lat="44.112107" lon="7.295053" /><trkpt lat="44.112117" lon="7.294839" /><trkpt lat="44.112244" lon="7.294667" /><trkpt lat="44.112409" lon="7.294451" /><trkpt lat="44.112596" lon="7.294268" /><trkpt lat="44.112759" lon="7.294101" /><trkpt lat="44.112920" lon="7.293982" /><trkpt lat="44.113038" lon="7.293744" /><trkpt lat="44.113096" lon="7.293517" /><trkpt lat="44.113197" lon="7.293129" /><trkpt lat="44.113650" lon="7.293136" /><trkpt lat="44.113924" lon="7.293143" /><trkpt lat="44.114115" lon="7.293144" /><trkpt lat="44.114284" lon="7.293108" /><trkpt lat="44.114364" lon="7.292900" /><trkpt lat="44.114436" lon="7.292642" /><trkpt lat="44.114589" lon="7.292158" /><trkpt lat="44.114670" lon="7.291701" /><trkpt lat="44.114813" lon="7.291680" /><trkpt lat="44.114919" lon="7.291740" /><trkpt lat="44.115037" lon="7.291750" /><trkpt lat="44.115142" lon="7.291792" /><trkpt lat="44.115302" lon="7.291955" /><trkpt lat="44.115433" lon="7.291967" /><trkpt lat="44.115536" lon="7.291777" /><trkpt lat="44.115706" lon="7.291478" /><trkpt lat="44.115838" lon="7.291174" /><trkpt lat="44.115784" lon="7.291071" /><trkpt lat="44.115706" lon="7.290948" /><trkpt lat="44.115617" lon="7.290791" /><trkpt lat="44.115648" lon="7.290645" /><trkpt lat="44.115799" lon="7.290476" /><trkpt lat="44.115935" lon="7.290372" /><trkpt lat="44.116062" lon="7.290201" /><trkpt lat="44.116160" lon="7.289879" /><trkpt lat="44.116258" lon="7.289555" /><trkpt lat="44.116349" lon="7.289133" /><trkpt lat="44.116363" lon="7.288819" /><trkpt lat="44.116387" lon="7.288540" /><trkpt lat="44.116209" lon="7.288525" /><trkpt lat="44.116057" lon="7.288479" /><trkpt lat="44.115891" lon="7.288447" /><trkpt lat="44.115768" lon="7.288271" /><trkpt lat="44.115556" lon="7.288203" /><trkpt lat="44.115330" lon="7.288183" /><trkpt lat="44.115182" lon="7.288037" /><trkpt lat="44.115172" lon="7.287722" /><trkpt lat="44.115213" lon="7.287362" /><trkpt lat="44.115333" lon="7.287074" /><trkpt lat="44.115406" lon="7.286781" /><trkpt lat="44.115425" lon="7.286370" /><trkpt lat="44.115427" lon="7.285807" /><trkpt lat="44.115439" lon="7.285261" /><trkpt lat="44.115347" lon="7.284674" /><trkpt lat="44.115471" lon="7.283914" /><trkpt lat="44.115545" lon="7.283560" /><trkpt lat="44.115619" lon="7.283265" /><trkpt lat="44.115744" lon="7.283127" /><trkpt lat="44.115819" lon="7.283011" /><trkpt lat="44.115893" lon="7.282693" /><trkpt lat="44.115862" lon="7.282358" /><trkpt lat="44.116002" lon="7.281826" /><trkpt lat="44.116015" lon="7.281722" /><trkpt lat="44.115920" lon="7.281293" /><trkpt lat="44.115879" lon="7.280867" /><trkpt lat="44.115803" lon="7.280271" /><trkpt lat="44.115945" lon="7.280156" /><trkpt lat="44.116051" lon="7.280054" /><trkpt lat="44.116237" lon="7.279573" /><trkpt lat="44.116293" lon="7.279591" /><trkpt lat="44.116796" lon="7.279254" /><trkpt lat="44.116981" lon="7.279154" /><trkpt lat="44.117103" lon="7.279081" /><trkpt lat="44.117182" lon="7.278922" /><trkpt lat="44.117251" lon="7.278709" /><trkpt lat="44.117284" lon="7.278518" /><trkpt lat="44.117404" lon="7.278479" /><trkpt lat="44.117567" lon="7.278327" /><trkpt lat="44.117756" lon="7.278096" /><trkpt lat="44.117861" lon="7.277890" /><trkpt lat="44.118201" lon="7.277473" /><trkpt lat="44.118504" lon="7.277133" /><trkpt lat="44.118678" lon="7.276951" /><trkpt lat="44.118779" lon="7.276844" /><trkpt lat="44.118816" lon="7.276673" /><trkpt lat="44.118857" lon="7.276452" /><trkpt lat="44.118959" lon="7.276441" /><trkpt lat="44.119059" lon="7.276415" /><trkpt lat="44.119218" lon="7.276352" /><trkpt lat="44.119318" lon="7.276278" /><trkpt lat="44.119488" lon="7.275929" /><trkpt lat="44.119412" lon="7.275773" /><trkpt lat="44.119338" lon="7.275567" /><trkpt lat="44.119344" lon="7.275419" /><trkpt lat="44.119470" lon="7.275298" /><trkpt lat="44.119605" lon="7.275194" /><trkpt lat="44.119740" lon="7.275105" /><trkpt lat="44.119859" lon="7.274851" /><trkpt lat="44.119863" lon="7.274520" /><trkpt lat="44.119875" lon="7.274256" /><trkpt lat="44.120003" lon="7.274052" /><trkpt lat="44.120251" lon="7.273842" /><trkpt lat="44.120484" lon="7.273713" /><trkpt lat="44.120587" lon="7.273540" /><trkpt lat="44.120690" lon="7.273367" /><trkpt lat="44.120783" lon="7.273160" /><trkpt lat="44.120875" lon="7.272969" /><trkpt lat="44.121056" lon="7.272670" /><trkpt lat="44.121342" lon="7.272397" /><trkpt lat="44.121627" lon="7.272174" /><trkpt lat="44.121834" lon="7.272076" /><trkpt lat="44.121950" lon="7.271904" /><trkpt lat="44.122091" lon="7.271684" /><trkpt lat="44.122202" lon="7.271595" /><trkpt lat="44.122375" lon="7.271461" /></trkseg><trkseg><trkpt lat="44.090654" lon="7.480373" /><trkpt lat="44.090563" lon="7.480429" /><trkpt lat="44.090466" lon="7.480560" /><trkpt lat="44.090406" lon="7.480673" /><trkpt lat="44.090289" lon="7.480934" /><trkpt lat="44.090246" lon="7.480992" /></trkseg><trkseg><trkpt lat="44.091704" lon="7.489157" /><trkpt lat="44.091699" lon="7.489258" /><trkpt lat="44.091611" lon="7.489531" /></trkseg><trkseg><trkpt lat="43.952833" lon="7.481377" /><trkpt lat="43.952709" lon="7.481728" /><trkpt lat="43.952538" lon="7.481980" /><trkpt lat="43.952216" lon="7.482248" /><trkpt lat="43.951765" lon="7.482518" /><trkpt lat="43.951424" lon="7.482901" /><trkpt lat="43.951088" lon="7.483114" /><trkpt lat="43.951082" lon="7.483055" /><trkpt lat="43.951065" lon="7.482871" /><trkpt lat="43.950941" lon="7.482479" /><trkpt lat="43.950765" lon="7.482229" /><trkpt lat="43.950487" lon="7.482040" /><trkpt lat="43.950447" lon="7.481639" /><trkpt lat="43.950356" lon="7.481285" /><trkpt lat="43.949975" lon="7.481186" /><trkpt lat="43.949668" lon="7.481188" /><trkpt lat="43.949322" lon="7.481207" /><trkpt lat="43.949046" lon="7.481232" /><trkpt lat="43.948765" lon="7.481388" /><trkpt lat="43.948485" lon="7.481494" /><trkpt lat="43.948238" lon="7.481158" /><trkpt lat="43.948037" lon="7.480876" /><trkpt lat="43.947816" lon="7.480509" /><trkpt lat="43.947596" lon="7.480373" /><trkpt lat="43.947374" lon="7.480270" /><trkpt lat="43.947409" lon="7.480026" /><trkpt lat="43.947378" lon="7.479676" /><trkpt lat="43.947325" lon="7.479291" /><trkpt lat="43.947137" lon="7.478961" /><trkpt lat="43.946896" lon="7.478758" /><trkpt lat="43.946496" lon="7.478639" /><trkpt lat="43.946150" lon="7.478393" /><trkpt lat="43.945881" lon="7.478022" /><trkpt lat="43.945658" lon="7.477440" /><trkpt lat="43.945517" lon="7.476882" /><trkpt lat="43.945483" lon="7.476598" /><trkpt lat="43.945286" lon="7.476498" /><trkpt lat="43.944944" lon="7.476417" /><trkpt lat="43.944560" lon="7.476185" /><trkpt lat="43.944131" lon="7.475947" /><trkpt lat="43.943808" lon="7.475704" /><trkpt lat="43.943568" lon="7.475484" /><trkpt lat="43.943383" lon="7.475351" /><trkpt lat="43.943098" lon="7.475325" /><trkpt lat="43.942682" lon="7.475288" /><trkpt lat="43.942360" lon="7.475291" /><trkpt lat="43.942065" lon="7.475216" /><trkpt lat="43.941793" lon="7.475157" /><trkpt lat="43.941457" lon="7.475226" /><trkpt lat="43.941127" lon="7.475378" /><trkpt lat="43.940984" lon="7.475645" /><trkpt lat="43.940773" lon="7.475792" /><trkpt lat="43.940461" lon="7.476078" /><trkpt lat="43.940324" lon="7.475965" /><trkpt lat="43.940154" lon="7.475769" /><trkpt lat="43.939937" lon="7.475815" /><trkpt lat="43.939563" lon="7.476145" /><trkpt lat="43.938737" lon="7.477737" /><trkpt lat="43.938623" lon="7.478122" /><trkpt lat="43.938528" lon="7.478874" /><trkpt lat="43.938229" lon="7.478879" /><trkpt lat="43.938122" lon="7.478127" /><trkpt lat="43.938000" lon="7.477670" /><trkpt lat="43.937869" lon="7.477164" /><trkpt lat="43.937556" lon="7.476739" /><trkpt lat="43.937278" lon="7.476532" /><trkpt lat="43.936931" lon="7.476335" /><trkpt lat="43.936601" lon="7.476239" /><trkpt lat="43.936214" lon="7.476353" /><trkpt lat="43.935851" lon="7.476436" /><trkpt lat="43.935685" lon="7.476173" /><trkpt lat="43.935534" lon="7.476094" /><trkpt lat="43.935326" lon="7.476190" /><trkpt lat="43.935071" lon="7.475788" /><trkpt lat="43.934926" lon="7.475329" /><trkpt lat="43.934724" lon="7.474815" /><trkpt lat="43.934490" lon="7.474216" /><trkpt lat="43.934315" lon="7.473870" /><trkpt lat="43.934024" lon="7.473216" /><trkpt lat="43.933650" lon="7.472291" /><trkpt lat="43.933339" lon="7.471553" /><trkpt lat="43.933208" lon="7.471046" /><trkpt lat="43.933070" lon="7.470175" /><trkpt lat="43.933014" lon="7.469609" /><trkpt lat="43.932904" lon="7.468640" /><trkpt lat="43.932823" lon="7.468073" /><trkpt lat="43.932700" lon="7.467649" /><trkpt lat="43.932333" lon="7.467599" /><trkpt lat="43.931959" lon="7.467416" /><trkpt lat="43.931630" lon="7.467057" /><trkpt lat="43.931258" lon="7.466595" /><trkpt lat="43.931039" lon="7.466178" /><trkpt lat="43.930888" lon="7.465603" /><trkpt lat="43.930904" lon="7.464995" /><trkpt lat="43.931015" lon="7.464426" /><trkpt lat="43.931091" lon="7.464086" /><trkpt lat="43.931232" lon="7.463620" /><trkpt lat="43.931199" lon="7.463287" /><trkpt lat="43.931062" lon="7.462928" /><trkpt lat="43.930970" lon="7.462590" /><trkpt lat="43.931035" lon="7.462233" /><trkpt lat="43.931180" lon="7.461949" /><trkpt lat="43.931249" lon="7.461492" /><trkpt lat="43.931261" lon="7.460982" /><trkpt lat="43.931387" lon="7.460581" /><trkpt lat="43.931682" lon="7.460145" /><trkpt lat="43.932263" lon="7.459703" /><trkpt lat="43.932618" lon="7.459521" /><trkpt lat="43.932897" lon="7.459429" /><trkpt lat="43.933223" lon="7.459343" /><trkpt lat="43.933218" lon="7.458698" /><trkpt lat="43.932871" lon="7.458701" /><trkpt lat="43.932646" lon="7.458912" /><trkpt lat="43.932274" lon="7.458977" /><trkpt lat="43.931990" lon="7.458936" /><trkpt lat="43.931660" lon="7.458839" /><trkpt lat="43.931408" lon="7.458866" /><trkpt lat="43.931140" lon="7.458990" /><trkpt lat="43.930875" lon="7.459281" /><trkpt lat="43.930569" lon="7.459467" /><trkpt lat="43.930228" lon="7.459618" /><trkpt lat="43.929950" lon="7.459691" /><trkpt lat="43.929750" lon="7.459872" /><trkpt lat="43.929657" lon="7.460077" /><trkpt lat="43.929498" lon="7.460410" /><trkpt lat="43.929371" lon="7.460827" /><trkpt lat="43.929191" lon="7.461275" /><trkpt lat="43.929065" lon="7.461526" /><trkpt lat="43.928826" lon="7.461769" /><trkpt lat="43.928661" lon="7.461984" /><trkpt lat="43.928403" lon="7.462294" /><trkpt lat="43.928322" lon="7.462749" /><trkpt lat="43.928153" lon="7.463031" /><trkpt lat="43.927985" lon="7.463410" /><trkpt lat="43.927636" lon="7.463875" /><trkpt lat="43.927463" lon="7.464257" /><trkpt lat="43.927407" lon="7.464697" /><trkpt lat="43.927410" lon="7.465143" /><trkpt lat="43.927343" lon="7.465517" /><trkpt lat="43.927160" lon="7.466127" /><trkpt lat="43.927119" lon="7.466486" /><trkpt lat="43.927043" lon="7.466826" /><trkpt lat="43.926985" lon="7.467317" /><trkpt lat="43.926943" lon="7.467676" /><trkpt lat="43.926842" lon="7.467912" /><trkpt lat="43.926678" lon="7.468111" /><trkpt lat="43.926446" lon="7.468223" /><trkpt lat="43.926274" lon="7.468306" /><trkpt lat="43.926129" lon="7.468112" /><trkpt lat="43.925941" lon="7.468045" /><trkpt lat="43.925658" lon="7.467986" /><trkpt lat="43.925461" lon="7.467853" /><trkpt lat="43.925249" lon="7.467784" /><trkpt lat="43.925002" lon="7.467977" /><trkpt lat="43.924632" lon="7.467976" /><trkpt lat="43.924460" lon="7.467828" /><trkpt lat="43.924329" lon="7.467585" /><trkpt lat="43.924060" lon="7.467462" /><trkpt lat="43.923791" lon="7.467339" /><trkpt lat="43.923559" lon="7.467202" /><trkpt lat="43.923335" lon="7.467149" /><trkpt lat="43.923106" lon="7.467080" /><trkpt lat="43.922947" lon="7.467296" /><trkpt lat="43.922740" lon="7.467375" /><trkpt lat="43.922547" lon="7.467424" /><trkpt lat="43.922393" lon="7.467641" /><trkpt lat="43.922106" lon="7.467665" /><trkpt lat="43.921807" lon="7.467671" /><trkpt lat="43.921630" lon="7.467655" /><trkpt lat="43.921514" lon="7.467696" /><trkpt lat="43.921519" lon="7.467862" /><trkpt lat="43.921626" lon="7.468103" /><trkpt lat="43.921824" lon="7.468317" /><trkpt lat="43.921901" lon="7.468719" /><trkpt lat="43.921842" lon="7.469095" /><trkpt lat="43.921824" lon="7.469490" /><trkpt lat="43.921728" lon="7.469858" /><trkpt lat="43.921755" lon="7.470425" /><trkpt lat="43.921713" lon="7.470801" /><trkpt lat="43.921733" lon="7.471148" /><trkpt lat="43.921758" lon="7.471613" /><trkpt lat="43.921712" lon="7.471841" /><trkpt lat="43.921552" lon="7.472072" /><trkpt lat="43.921356" lon="7.472055" /><trkpt lat="43.921168" lon="7.472237" /><trkpt lat="43.921121" lon="7.472480" /><trkpt lat="43.921079" lon="7.472739" /><trkpt lat="43.921160" lon="7.473043" /><trkpt lat="43.921145" lon="7.473242" /><trkpt lat="43.921044" lon="7.473477" /><trkpt lat="43.920908" lon="7.473316" /><trkpt lat="43.920739" lon="7.473103" /><trkpt lat="43.920430" lon="7.472844" /><trkpt lat="43.920166" lon="7.472622" /><trkpt lat="43.919805" lon="7.472441" /><trkpt lat="43.919593" lon="7.472109" /><trkpt lat="43.919441" lon="7.471813" /><trkpt lat="43.919286" lon="7.471552" /><trkpt lat="43.918959" lon="7.471390" /><trkpt lat="43.918485" lon="7.471083" /><trkpt lat="43.918336" lon="7.470690" /><trkpt lat="43.918137" lon="7.470111" /><trkpt lat="43.918110" lon="7.469680" /><trkpt lat="43.918077" lon="7.469363" /><trkpt lat="43.918000" lon="7.469224" /><trkpt lat="43.917875" lon="7.469097" /><trkpt lat="43.917391" lon="7.468988" /><trkpt lat="43.916767" lon="7.468799" /><trkpt lat="43.916118" lon="7.468659" /><trkpt lat="43.915532" lon="7.468440" /><trkpt lat="43.915160" lon="7.468225" /><trkpt lat="43.914830" lon="7.467898" /><trkpt lat="43.914645" lon="7.467502" /><trkpt lat="43.914430" lon="7.467004" /><trkpt lat="43.914198" lon="7.466372" /><trkpt lat="43.914010" lon="7.465811" /><trkpt lat="43.913879" lon="7.465304" /><trkpt lat="43.913681" lon="7.464939" /><trkpt lat="43.913612" lon="7.464371" /><trkpt lat="43.913624" lon="7.463878" /><trkpt lat="43.913755" lon="7.463626" /><trkpt lat="43.914018" lon="7.463369" /><trkpt lat="43.914371" lon="7.463203" /><trkpt lat="43.914727" lon="7.462987" /><trkpt lat="43.914903" lon="7.462806" /><trkpt lat="43.915133" lon="7.462744" /><trkpt lat="43.915297" lon="7.462545" /><trkpt lat="43.915645" lon="7.462245" /><trkpt lat="43.915920" lon="7.461726" /><trkpt lat="43.916262" lon="7.461807" /><trkpt lat="43.916505" lon="7.461713" /><trkpt lat="43.916720" lon="7.461732" /><trkpt lat="43.916890" lon="7.461648" /><trkpt lat="43.917064" lon="7.461499" /><trkpt lat="43.917132" lon="7.461324" /><trkpt lat="43.917079" lon="7.461171" /><trkpt lat="43.916918" lon="7.461056" /><trkpt lat="43.916708" lon="7.460972" /><trkpt lat="43.916466" lon="7.460784" /><trkpt lat="43.916175" lon="7.460627" /><trkpt lat="43.915881" lon="7.460303" /><trkpt lat="43.915696" lon="7.459906" /><trkpt lat="43.915656" lon="7.459259" /><trkpt lat="43.915805" lon="7.458860" /><trkpt lat="43.915994" lon="7.458416" /><trkpt lat="43.916125" lon="7.458146" /><trkpt lat="43.916638" lon="7.458525" /><trkpt lat="43.916818" lon="7.458390" /><trkpt lat="43.916953" lon="7.458304" /><trkpt lat="43.916911" lon="7.458184" /><trkpt lat="43.916791" lon="7.457942" /><trkpt lat="43.916765" lon="7.457726" /></trkseg><trkseg><trkpt lat="43.952908" lon="7.481142" /><trkpt lat="43.952833" lon="7.481377" /></trkseg><trkseg><trkpt lat="44.091299" lon="7.497074" /><trkpt lat="44.091235" lon="7.497229" /><trkpt lat="44.091212" lon="7.497333" /></trkseg><trkseg><trkpt lat="44.112928" lon="7.495859" /><trkpt lat="44.112897" lon="7.496535" /></trkseg><trkseg><trkpt lat="44.097126" lon="7.488357" /><trkpt lat="44.096971" lon="7.488147" /><trkpt lat="44.096756" lon="7.487722" /><trkpt lat="44.096510" lon="7.487423" /><trkpt lat="44.096396" lon="7.487234" /><trkpt lat="44.096195" lon="7.486832" /><trkpt lat="44.096089" lon="7.486398" /><trkpt lat="44.096041" lon="7.486056" /><trkpt lat="44.096025" lon="7.485811" /><trkpt lat="44.096020" lon="7.485806" /></trkseg><trkseg><trkpt lat="44.096020" lon="7.485806" /><trkpt lat="44.095953" lon="7.485742" /></trkseg><extensions><osmand:color>#5B8A3C</osmand:color></extensions></trk>
<trk><name>SIDE TRIP · Day 4 afternoon · Mont Bégo 2872 m from Refuge des Merveilles · easy, +750 m, 3.7 km</name><trkseg><trkpt lat="44.057378" lon="7.451823"><ele>2113</ele></trkpt><trkpt lat="44.057344" lon="7.452011"><ele>2115</ele></trkpt><trkpt lat="44.057459" lon="7.452671"><ele>2114</ele></trkpt><trkpt lat="44.057536" lon="7.452968"><ele>2112</ele></trkpt><trkpt lat="44.057520" lon="7.453046"><ele>2111</ele></trkpt><trkpt lat="44.057581" lon="7.453204"><ele>2109</ele></trkpt><trkpt lat="44.057609" lon="7.453274"><ele>2109</ele></trkpt><trkpt lat="44.057672" lon="7.453374"><ele>2107</ele></trkpt><trkpt lat="44.057762" lon="7.453596"><ele>2106</ele></trkpt><trkpt lat="44.057894" lon="7.453646"><ele>2104</ele></trkpt><trkpt lat="44.058029" lon="7.453886"><ele>2103</ele></trkpt><trkpt lat="44.058050" lon="7.453884"><ele>2103</ele></trkpt><trkpt lat="44.058104" lon="7.453843"><ele>2103</ele></trkpt><trkpt lat="44.058170" lon="7.453789"><ele>2102</ele></trkpt><trkpt lat="44.058231" lon="7.453832"><ele>2102</ele></trkpt><trkpt lat="44.058304" lon="7.453883"><ele>2102</ele></trkpt><trkpt lat="44.058330" lon="7.453957"><ele>2102</ele></trkpt><trkpt lat="44.058291" lon="7.454058"><ele>2102</ele></trkpt><trkpt lat="44.058351" lon="7.454151"><ele>2102</ele></trkpt><trkpt lat="44.058461" lon="7.454270"><ele>2102</ele></trkpt><trkpt lat="44.058552" lon="7.454300"><ele>2102</ele></trkpt><trkpt lat="44.058626" lon="7.454262"><ele>2102</ele></trkpt><trkpt lat="44.058670" lon="7.454316"><ele>2102</ele></trkpt><trkpt lat="44.058785" lon="7.454415"><ele>2103</ele></trkpt><trkpt lat="44.058791" lon="7.454488"><ele>2103</ele></trkpt><trkpt lat="44.058764" lon="7.454588"><ele>2104</ele></trkpt><trkpt lat="44.058785" lon="7.454721"><ele>2105</ele></trkpt><trkpt lat="44.058803" lon="7.454847"><ele>2107</ele></trkpt><trkpt lat="44.058822" lon="7.454984"><ele>2108</ele></trkpt><trkpt lat="44.058884" lon="7.455002"><ele>2109</ele></trkpt><trkpt lat="44.058927" lon="7.454928"><ele>2109</ele></trkpt><trkpt lat="44.059069" lon="7.454968"><ele>2113</ele></trkpt><trkpt lat="44.059137" lon="7.455208"><ele>2118</ele></trkpt><trkpt lat="44.059140" lon="7.455526"><ele>2122</ele></trkpt><trkpt lat="44.059240" lon="7.455404"><ele>2124</ele></trkpt><trkpt lat="44.059296" lon="7.455375"><ele>2126</ele></trkpt><trkpt lat="44.059427" lon="7.455393"><ele>2131</ele></trkpt><trkpt lat="44.059448" lon="7.455477"><ele>2132</ele></trkpt><trkpt lat="44.059449" lon="7.455655"><ele>2135</ele></trkpt><trkpt lat="44.059483" lon="7.455645"><ele>2136</ele></trkpt><trkpt lat="44.059500" lon="7.455703"><ele>2138</ele></trkpt><trkpt lat="44.059571" lon="7.455672"><ele>2140</ele></trkpt><trkpt lat="44.059577" lon="7.455710"><ele>2140</ele></trkpt><trkpt lat="44.059653" lon="7.455726"><ele>2143</ele></trkpt><trkpt lat="44.059774" lon="7.455664"><ele>2147</ele></trkpt><trkpt lat="44.059852" lon="7.455632"><ele>2149</ele></trkpt><trkpt lat="44.059911" lon="7.455587"><ele>2153</ele></trkpt><trkpt lat="44.059935" lon="7.455644"><ele>2156</ele></trkpt><trkpt lat="44.059916" lon="7.455768"><ele>2156</ele></trkpt><trkpt lat="44.059901" lon="7.455905"><ele>2158</ele></trkpt><trkpt lat="44.059908" lon="7.455943"><ele>2159</ele></trkpt><trkpt lat="44.059940" lon="7.455945"><ele>2162</ele></trkpt><trkpt lat="44.059998" lon="7.455885"><ele>2165</ele></trkpt><trkpt lat="44.060174" lon="7.455552"><ele>2173</ele></trkpt><trkpt lat="44.060355" lon="7.455187"><ele>2178</ele></trkpt><trkpt lat="44.060377" lon="7.455119"><ele>2178</ele></trkpt><trkpt lat="44.060440" lon="7.455060"><ele>2181</ele></trkpt><trkpt lat="44.060468" lon="7.454951"><ele>2181</ele></trkpt><trkpt lat="44.060592" lon="7.454783"><ele>2185</ele></trkpt><trkpt lat="44.060575" lon="7.454635"><ele>2180</ele></trkpt><trkpt lat="44.060630" lon="7.454481"><ele>2180</ele></trkpt><trkpt lat="44.060657" lon="7.454462"><ele>2181</ele></trkpt><trkpt lat="44.060692" lon="7.454368"><ele>2181</ele></trkpt><trkpt lat="44.060749" lon="7.454286"><ele>2183</ele></trkpt><trkpt lat="44.060839" lon="7.454001"><ele>2184</ele></trkpt><trkpt lat="44.060893" lon="7.453929"><ele>2187</ele></trkpt><trkpt lat="44.060964" lon="7.453672"><ele>2187</ele></trkpt><trkpt lat="44.061087" lon="7.453371"><ele>2192</ele></trkpt><trkpt lat="44.061140" lon="7.453335"><ele>2195</ele></trkpt><trkpt lat="44.061237" lon="7.453148"><ele>2201</ele></trkpt><trkpt lat="44.061308" lon="7.453107"><ele>2205</ele></trkpt><trkpt lat="44.061417" lon="7.452966"><ele>2212</ele></trkpt><trkpt lat="44.061522" lon="7.452901"><ele>2219</ele></trkpt><trkpt lat="44.061533" lon="7.452819"><ele>2219</ele></trkpt><trkpt lat="44.061683" lon="7.452384"><ele>2229</ele></trkpt><trkpt lat="44.061674" lon="7.452237"><ele>2227</ele></trkpt><trkpt lat="44.061732" lon="7.452336"><ele>2232</ele></trkpt><trkpt lat="44.061726" lon="7.452423"><ele>2232</ele></trkpt><trkpt lat="44.061723" lon="7.452590"><ele>2233</ele></trkpt><trkpt lat="44.061717" lon="7.452644"><ele>2232</ele></trkpt><trkpt lat="44.061751" lon="7.452958"><ele>2237</ele></trkpt><trkpt lat="44.061785" lon="7.452891"><ele>2239</ele></trkpt><trkpt lat="44.061816" lon="7.452966"><ele>2242</ele></trkpt><trkpt lat="44.061916" lon="7.452615"><ele>2248</ele></trkpt><trkpt lat="44.061960" lon="7.452823"><ele>2252</ele></trkpt><trkpt lat="44.061991" lon="7.452943"><ele>2254</ele></trkpt><trkpt lat="44.061963" lon="7.453179"><ele>2253</ele></trkpt><trkpt lat="44.062046" lon="7.453079"><ele>2259</ele></trkpt><trkpt lat="44.062108" lon="7.452949"><ele>2263</ele></trkpt><trkpt lat="44.062145" lon="7.452755"><ele>2266</ele></trkpt><trkpt lat="44.062176" lon="7.452690"><ele>2268</ele></trkpt><trkpt lat="44.062190" lon="7.452501"><ele>2270</ele></trkpt><trkpt lat="44.062296" lon="7.452602"><ele>2278</ele></trkpt><trkpt lat="44.062315" lon="7.452735"><ele>2279</ele></trkpt><trkpt lat="44.062362" lon="7.452898"><ele>2282</ele></trkpt><trkpt lat="44.062374" lon="7.453009"><ele>2282</ele></trkpt><trkpt lat="44.062393" lon="7.453002"><ele>2284</ele></trkpt><trkpt lat="44.062475" lon="7.452724"><ele>2291</ele></trkpt><trkpt lat="44.062490" lon="7.452546"><ele>2293</ele></trkpt><trkpt lat="44.062499" lon="7.452525"><ele>2293</ele></trkpt><trkpt lat="44.062495" lon="7.452454"><ele>2293</ele></trkpt><trkpt lat="44.062507" lon="7.452410"><ele>2294</ele></trkpt><trkpt lat="44.062478" lon="7.452364"><ele>2292</ele></trkpt><trkpt lat="44.062456" lon="7.452224"><ele>2291</ele></trkpt><trkpt lat="44.062450" lon="7.452085"><ele>2291</ele></trkpt><trkpt lat="44.062430" lon="7.452004"><ele>2289</ele></trkpt><trkpt lat="44.062465" lon="7.451899"><ele>2292</ele></trkpt><trkpt lat="44.062473" lon="7.451704"><ele>2292</ele></trkpt><trkpt lat="44.062511" lon="7.451711"><ele>2296</ele></trkpt><trkpt lat="44.062535" lon="7.451769"><ele>2298</ele></trkpt><trkpt lat="44.062570" lon="7.451720"><ele>2300</ele></trkpt><trkpt lat="44.062602" lon="7.451723"><ele>2303</ele></trkpt><trkpt lat="44.062594" lon="7.451646"><ele>2302</ele></trkpt><trkpt lat="44.062605" lon="7.451628"><ele>2303</ele></trkpt><trkpt lat="44.062632" lon="7.451624"><ele>2305</ele></trkpt><trkpt lat="44.062627" lon="7.451515"><ele>2304</ele></trkpt><trkpt lat="44.062697" lon="7.451273"><ele>2308</ele></trkpt><trkpt lat="44.062716" lon="7.451171"><ele>2308</ele></trkpt><trkpt lat="44.062784" lon="7.450985"><ele>2311</ele></trkpt><trkpt lat="44.062805" lon="7.450838"><ele>2310</ele></trkpt><trkpt lat="44.062838" lon="7.450815"><ele>2312</ele></trkpt><trkpt lat="44.062900" lon="7.450709"><ele>2314</ele></trkpt><trkpt lat="44.062956" lon="7.450859"><ele>2322</ele></trkpt><trkpt lat="44.062995" lon="7.450797"><ele>2324</ele></trkpt><trkpt lat="44.063052" lon="7.450567"><ele>2322</ele></trkpt><trkpt lat="44.063080" lon="7.450545"><ele>2324</ele></trkpt><trkpt lat="44.063133" lon="7.450797"><ele>2335</ele></trkpt><trkpt lat="44.063207" lon="7.450632"><ele>2336</ele></trkpt><trkpt lat="44.063279" lon="7.450811"><ele>2347</ele></trkpt><trkpt lat="44.063275" lon="7.450917"><ele>2349</ele></trkpt><trkpt lat="44.063328" lon="7.450884"><ele>2352</ele></trkpt><trkpt lat="44.063356" lon="7.450855"><ele>2354</ele></trkpt><trkpt lat="44.063380" lon="7.450889"><ele>2356</ele></trkpt><trkpt lat="44.063410" lon="7.450834"><ele>2357</ele></trkpt><trkpt lat="44.063470" lon="7.450833"><ele>2362</ele></trkpt><trkpt lat="44.063517" lon="7.450971"><ele>2367</ele></trkpt><trkpt lat="44.063507" lon="7.451033"><ele>2367</ele></trkpt><trkpt lat="44.063462" lon="7.451140"><ele>2365</ele></trkpt><trkpt lat="44.063471" lon="7.451196"><ele>2366</ele></trkpt><trkpt lat="44.063483" lon="7.451231"><ele>2367</ele></trkpt><trkpt lat="44.063603" lon="7.451209"><ele>2374</ele></trkpt><trkpt lat="44.063654" lon="7.451190"><ele>2377</ele></trkpt><trkpt lat="44.063725" lon="7.451132"><ele>2382</ele></trkpt><trkpt lat="44.063742" lon="7.451175"><ele>2383</ele></trkpt><trkpt lat="44.063739" lon="7.451283"><ele>2383</ele></trkpt><trkpt lat="44.063826" lon="7.451403"><ele>2387</ele></trkpt><trkpt lat="44.063860" lon="7.451463"><ele>2388</ele></trkpt><trkpt lat="44.063917" lon="7.451488"><ele>2391</ele></trkpt><trkpt lat="44.063950" lon="7.451531"><ele>2392</ele></trkpt><trkpt lat="44.063987" lon="7.451515"><ele>2394</ele></trkpt><trkpt lat="44.064014" lon="7.451438"><ele>2397</ele></trkpt><trkpt lat="44.064019" lon="7.451410"><ele>2398</ele></trkpt><trkpt lat="44.064096" lon="7.451388"><ele>2402</ele></trkpt><trkpt lat="44.064133" lon="7.451240"><ele>2406</ele></trkpt><trkpt lat="44.064149" lon="7.451194"><ele>2408</ele></trkpt><trkpt lat="44.064144" lon="7.451118"><ele>2409</ele></trkpt><trkpt lat="44.064121" lon="7.451073"><ele>2408</ele></trkpt><trkpt lat="44.064140" lon="7.451042"><ele>2409</ele></trkpt><trkpt lat="44.064227" lon="7.451032"><ele>2415</ele></trkpt><trkpt lat="44.064189" lon="7.450974"><ele>2412</ele></trkpt><trkpt lat="44.064162" lon="7.450905"><ele>2410</ele></trkpt><trkpt lat="44.064194" lon="7.450917"><ele>2413</ele></trkpt><trkpt lat="44.064251" lon="7.450938"><ele>2416</ele></trkpt><trkpt lat="44.064288" lon="7.450929"><ele>2419</ele></trkpt><trkpt lat="44.064310" lon="7.450910"><ele>2420</ele></trkpt><trkpt lat="44.064257" lon="7.450815"><ele>2417</ele></trkpt><trkpt lat="44.064306" lon="7.450779"><ele>2420</ele></trkpt><trkpt lat="44.064364" lon="7.450822"><ele>2424</ele></trkpt><trkpt lat="44.064388" lon="7.450793"><ele>2425</ele></trkpt><trkpt lat="44.064453" lon="7.450786"><ele>2430</ele></trkpt><trkpt lat="44.064414" lon="7.450698"><ele>2427</ele></trkpt><trkpt lat="44.064405" lon="7.450616"><ele>2426</ele></trkpt><trkpt lat="44.064318" lon="7.450490"><ele>2418</ele></trkpt><trkpt lat="44.064333" lon="7.450474"><ele>2419</ele></trkpt><trkpt lat="44.064429" lon="7.450550"><ele>2427</ele></trkpt><trkpt lat="44.064399" lon="7.450443"><ele>2424</ele></trkpt><trkpt lat="44.064371" lon="7.450290"><ele>2418</ele></trkpt><trkpt lat="44.064423" lon="7.450301"><ele>2423</ele></trkpt><trkpt lat="44.064641" lon="7.450495"><ele>2441</ele></trkpt><trkpt lat="44.064661" lon="7.450534"><ele>2443</ele></trkpt><trkpt lat="44.064733" lon="7.450607"><ele>2448</ele></trkpt><trkpt lat="44.064841" lon="7.450716"><ele>2456</ele></trkpt><trkpt lat="44.064796" lon="7.450398"><ele>2452</ele></trkpt><trkpt lat="44.064853" lon="7.450454"><ele>2456</ele></trkpt><trkpt lat="44.064878" lon="7.450505"><ele>2458</ele></trkpt><trkpt lat="44.064995" lon="7.450595"><ele>2466</ele></trkpt><trkpt lat="44.064991" lon="7.450534"><ele>2466</ele></trkpt><trkpt lat="44.065062" lon="7.450590"><ele>2471</ele></trkpt><trkpt lat="44.065099" lon="7.450602"><ele>2473</ele></trkpt><trkpt lat="44.065135" lon="7.450628"><ele>2475</ele></trkpt><trkpt lat="44.065176" lon="7.450683"><ele>2478</ele></trkpt><trkpt lat="44.065171" lon="7.450526"><ele>2478</ele></trkpt><trkpt lat="44.065148" lon="7.450483"><ele>2476</ele></trkpt><trkpt lat="44.065120" lon="7.450367"><ele>2474</ele></trkpt><trkpt lat="44.065108" lon="7.450283"><ele>2472</ele></trkpt><trkpt lat="44.065156" lon="7.450350"><ele>2477</ele></trkpt><trkpt lat="44.065179" lon="7.450364"><ele>2478</ele></trkpt><trkpt lat="44.065176" lon="7.450224"><ele>2475</ele></trkpt><trkpt lat="44.065269" lon="7.450330"><ele>2484</ele></trkpt><trkpt lat="44.065296" lon="7.450259"><ele>2484</ele></trkpt><trkpt lat="44.065337" lon="7.450366"><ele>2489</ele></trkpt><trkpt lat="44.065379" lon="7.450224"><ele>2489</ele></trkpt><trkpt lat="44.065385" lon="7.450167"><ele>2488</ele></trkpt><trkpt lat="44.065423" lon="7.450237"><ele>2492</ele></trkpt><trkpt lat="44.065440" lon="7.450317"><ele>2495</ele></trkpt><trkpt lat="44.065513" lon="7.450181"><ele>2497</ele></trkpt><trkpt lat="44.065547" lon="7.450152"><ele>2499</ele></trkpt><trkpt lat="44.065580" lon="7.450179"><ele>2502</ele></trkpt><trkpt lat="44.065607" lon="7.450253"><ele>2505</ele></trkpt><trkpt lat="44.065666" lon="7.450323"><ele>2510</ele></trkpt><trkpt lat="44.065676" lon="7.450219"><ele>2508</ele></trkpt><trkpt lat="44.065734" lon="7.450171"><ele>2511</ele></trkpt><trkpt lat="44.065774" lon="7.450183"><ele>2513</ele></trkpt><trkpt lat="44.065787" lon="7.450177"><ele>2514</ele></trkpt><trkpt lat="44.065791" lon="7.450234"><ele>2515</ele></trkpt><trkpt lat="44.065809" lon="7.450208"><ele>2516</ele></trkpt><trkpt lat="44.065818" lon="7.450142"><ele>2515</ele></trkpt><trkpt lat="44.065834" lon="7.450157"><ele>2516</ele></trkpt><trkpt lat="44.065823" lon="7.450310"><ele>2519</ele></trkpt><trkpt lat="44.065832" lon="7.450366"><ele>2520</ele></trkpt><trkpt lat="44.065841" lon="7.450363"><ele>2520</ele></trkpt><trkpt lat="44.065870" lon="7.450275"><ele>2521</ele></trkpt><trkpt lat="44.065877" lon="7.450142"><ele>2518</ele></trkpt><trkpt lat="44.065909" lon="7.450069"><ele>2519</ele></trkpt><trkpt lat="44.065928" lon="7.450030"><ele>2519</ele></trkpt><trkpt lat="44.065949" lon="7.450026"><ele>2520</ele></trkpt><trkpt lat="44.065955" lon="7.450061"><ele>2521</ele></trkpt><trkpt lat="44.065985" lon="7.450160"><ele>2525</ele></trkpt><trkpt lat="44.066011" lon="7.450186"><ele>2527</ele></trkpt><trkpt lat="44.066028" lon="7.450159"><ele>2527</ele></trkpt><trkpt lat="44.066046" lon="7.450148"><ele>2528</ele></trkpt><trkpt lat="44.066086" lon="7.450080"><ele>2528</ele></trkpt><trkpt lat="44.066139" lon="7.450007"><ele>2530</ele></trkpt><trkpt lat="44.066173" lon="7.449918"><ele>2529</ele></trkpt><trkpt lat="44.066187" lon="7.449993"><ele>2532</ele></trkpt><trkpt lat="44.066179" lon="7.450051"><ele>2533</ele></trkpt><trkpt lat="44.066221" lon="7.450145"><ele>2537</ele></trkpt><trkpt lat="44.066311" lon="7.450136"><ele>2541</ele></trkpt><trkpt lat="44.066321" lon="7.450222"><ele>2543</ele></trkpt><trkpt lat="44.066336" lon="7.450264"><ele>2545</ele></trkpt><trkpt lat="44.066325" lon="7.450483"><ele>2546</ele></trkpt><trkpt lat="44.066356" lon="7.450521"><ele>2548</ele></trkpt><trkpt lat="44.066367" lon="7.450584"><ele>2549</ele></trkpt><trkpt lat="44.066415" lon="7.450676"><ele>2552</ele></trkpt><trkpt lat="44.066442" lon="7.450772"><ele>2554</ele></trkpt><trkpt lat="44.066445" lon="7.450859"><ele>2554</ele></trkpt><trkpt lat="44.066478" lon="7.450929"><ele>2556</ele></trkpt><trkpt lat="44.066503" lon="7.450954"><ele>2558</ele></trkpt><trkpt lat="44.066511" lon="7.450990"><ele>2558</ele></trkpt><trkpt lat="44.066528" lon="7.450997"><ele>2559</ele></trkpt><trkpt lat="44.066562" lon="7.450936"><ele>2562</ele></trkpt><trkpt lat="44.066601" lon="7.450831"><ele>2564</ele></trkpt><trkpt lat="44.066647" lon="7.450983"><ele>2568</ele></trkpt><trkpt lat="44.066700" lon="7.450820"><ele>2570</ele></trkpt><trkpt lat="44.066728" lon="7.450789"><ele>2572</ele></trkpt><trkpt lat="44.066773" lon="7.450740"><ele>2575</ele></trkpt><trkpt lat="44.066813" lon="7.450675"><ele>2577</ele></trkpt><trkpt lat="44.066849" lon="7.450625"><ele>2579</ele></trkpt><trkpt lat="44.066837" lon="7.450789"><ele>2580</ele></trkpt><trkpt lat="44.066850" lon="7.450838"><ele>2581</ele></trkpt><trkpt lat="44.066839" lon="7.450867"><ele>2581</ele></trkpt><trkpt lat="44.066873" lon="7.451004"><ele>2584</ele></trkpt><trkpt lat="44.066878" lon="7.451070"><ele>2585</ele></trkpt><trkpt lat="44.066922" lon="7.450966"><ele>2587</ele></trkpt><trkpt lat="44.066939" lon="7.450872"><ele>2588</ele></trkpt><trkpt lat="44.066958" lon="7.450860"><ele>2589</ele></trkpt><trkpt lat="44.066965" lon="7.450917"><ele>2590</ele></trkpt><trkpt lat="44.066978" lon="7.450952"><ele>2591</ele></trkpt><trkpt lat="44.067008" lon="7.450924"><ele>2593</ele></trkpt><trkpt lat="44.067020" lon="7.450872"><ele>2594</ele></trkpt><trkpt lat="44.067046" lon="7.450959"><ele>2596</ele></trkpt><trkpt lat="44.067096" lon="7.450878"><ele>2599</ele></trkpt><trkpt lat="44.067110" lon="7.450846"><ele>2600</ele></trkpt><trkpt lat="44.067132" lon="7.450961"><ele>2603</ele></trkpt><trkpt lat="44.067130" lon="7.451092"><ele>2604</ele></trkpt><trkpt lat="44.067168" lon="7.451253"><ele>2609</ele></trkpt><trkpt lat="44.067192" lon="7.451198"><ele>2610</ele></trkpt><trkpt lat="44.067207" lon="7.451173"><ele>2611</ele></trkpt><trkpt lat="44.067224" lon="7.451098"><ele>2611</ele></trkpt><trkpt lat="44.067259" lon="7.451066"><ele>2614</ele></trkpt><trkpt lat="44.067303" lon="7.450983"><ele>2616</ele></trkpt><trkpt lat="44.067316" lon="7.451191"><ele>2620</ele></trkpt><trkpt lat="44.067353" lon="7.451286"><ele>2624</ele></trkpt><trkpt lat="44.067374" lon="7.451403"><ele>2627</ele></trkpt><trkpt lat="44.067421" lon="7.451490"><ele>2632</ele></trkpt><trkpt lat="44.067487" lon="7.451344"><ele>2635</ele></trkpt><trkpt lat="44.067490" lon="7.451321"><ele>2635</ele></trkpt><trkpt lat="44.067559" lon="7.451234"><ele>2640</ele></trkpt><trkpt lat="44.067596" lon="7.451140"><ele>2641</ele></trkpt><trkpt lat="44.067670" lon="7.451106"><ele>2647</ele></trkpt><trkpt lat="44.067690" lon="7.451230"><ele>2650</ele></trkpt><trkpt lat="44.067716" lon="7.451239"><ele>2653</ele></trkpt><trkpt lat="44.067717" lon="7.451301"><ele>2654</ele></trkpt><trkpt lat="44.067763" lon="7.451275"><ele>2657</ele></trkpt><trkpt lat="44.067788" lon="7.451355"><ele>2660</ele></trkpt><trkpt lat="44.067823" lon="7.451399"><ele>2664</ele></trkpt><trkpt lat="44.067835" lon="7.451737"><ele>2670</ele></trkpt><trkpt lat="44.067886" lon="7.451884"><ele>2676</ele></trkpt><trkpt lat="44.067885" lon="7.451954"><ele>2676</ele></trkpt><trkpt lat="44.067912" lon="7.451961"><ele>2679</ele></trkpt><trkpt lat="44.067941" lon="7.451940"><ele>2681</ele></trkpt><trkpt lat="44.067946" lon="7.451992"><ele>2682</ele></trkpt><trkpt lat="44.067962" lon="7.451986"><ele>2683</ele></trkpt><trkpt lat="44.067973" lon="7.452075"><ele>2685</ele></trkpt><trkpt lat="44.067992" lon="7.452097"><ele>2687</ele></trkpt><trkpt lat="44.068004" lon="7.452242"><ele>2689</ele></trkpt><trkpt lat="44.068022" lon="7.452235"><ele>2691</ele></trkpt><trkpt lat="44.068072" lon="7.452105"><ele>2694</ele></trkpt><trkpt lat="44.068097" lon="7.452141"><ele>2697</ele></trkpt><trkpt lat="44.068109" lon="7.452199"><ele>2698</ele></trkpt><trkpt lat="44.068165" lon="7.452310"><ele>2704</ele></trkpt><trkpt lat="44.068226" lon="7.452323"><ele>2709</ele></trkpt><trkpt lat="44.068220" lon="7.452435"><ele>2710</ele></trkpt><trkpt lat="44.068265" lon="7.452425"><ele>2714</ele></trkpt><trkpt lat="44.068250" lon="7.452525"><ele>2713</ele></trkpt><trkpt lat="44.068290" lon="7.452494"><ele>2716</ele></trkpt><trkpt lat="44.068316" lon="7.452525"><ele>2719</ele></trkpt><trkpt lat="44.068340" lon="7.452496"><ele>2720</ele></trkpt><trkpt lat="44.068391" lon="7.452668"><ele>2726</ele></trkpt><trkpt lat="44.068411" lon="7.452858"><ele>2727</ele></trkpt><trkpt lat="44.068443" lon="7.452901"><ele>2730</ele></trkpt><trkpt lat="44.068457" lon="7.453072"><ele>2731</ele></trkpt><trkpt lat="44.068473" lon="7.453106"><ele>2732</ele></trkpt><trkpt lat="44.068478" lon="7.453193"><ele>2732</ele></trkpt><trkpt lat="44.068564" lon="7.453473"><ele>2737</ele></trkpt><trkpt lat="44.068627" lon="7.453603"><ele>2740</ele></trkpt><trkpt lat="44.068658" lon="7.453592"><ele>2742</ele></trkpt><trkpt lat="44.068700" lon="7.453720"><ele>2743</ele></trkpt><trkpt lat="44.068723" lon="7.453715"><ele>2744</ele></trkpt><trkpt lat="44.068816" lon="7.453830"><ele>2748</ele></trkpt><trkpt lat="44.068876" lon="7.453860"><ele>2750</ele></trkpt><trkpt lat="44.068932" lon="7.453946"><ele>2750</ele></trkpt><trkpt lat="44.068960" lon="7.453942"><ele>2751</ele></trkpt><trkpt lat="44.068967" lon="7.453869"><ele>2753</ele></trkpt><trkpt lat="44.069028" lon="7.453876"><ele>2756</ele></trkpt><trkpt lat="44.069061" lon="7.453863"><ele>2757</ele></trkpt><trkpt lat="44.069103" lon="7.453740"><ele>2762</ele></trkpt><trkpt lat="44.069110" lon="7.453649"><ele>2764</ele></trkpt><trkpt lat="44.069128" lon="7.453609"><ele>2766</ele></trkpt><trkpt lat="44.069221" lon="7.453577"><ele>2770</ele></trkpt><trkpt lat="44.069218" lon="7.453424"><ele>2773</ele></trkpt><trkpt lat="44.069262" lon="7.453357"><ele>2776</ele></trkpt><trkpt lat="44.069294" lon="7.453337"><ele>2778</ele></trkpt><trkpt lat="44.069291" lon="7.453290"><ele>2779</ele></trkpt><trkpt lat="44.069313" lon="7.453249"><ele>2780</ele></trkpt><trkpt lat="44.069302" lon="7.453204"><ele>2781</ele></trkpt><trkpt lat="44.069326" lon="7.453173"><ele>2782</ele></trkpt><trkpt lat="44.069337" lon="7.453078"><ele>2784</ele></trkpt><trkpt lat="44.069380" lon="7.453017"><ele>2787</ele></trkpt><trkpt lat="44.069404" lon="7.452819"><ele>2791</ele></trkpt><trkpt lat="44.069433" lon="7.452801"><ele>2792</ele></trkpt><trkpt lat="44.069443" lon="7.452755"><ele>2793</ele></trkpt><trkpt lat="44.069476" lon="7.452732"><ele>2795</ele></trkpt><trkpt lat="44.069519" lon="7.452663"><ele>2798</ele></trkpt><trkpt lat="44.069536" lon="7.452595"><ele>2799</ele></trkpt><trkpt lat="44.069575" lon="7.452589"><ele>2800</ele></trkpt><trkpt lat="44.069608" lon="7.452502"><ele>2802</ele></trkpt><trkpt lat="44.069626" lon="7.452455"><ele>2803</ele></trkpt><trkpt lat="44.069747" lon="7.452311"><ele>2807</ele></trkpt><trkpt lat="44.069800" lon="7.452196"><ele>2809</ele></trkpt><trkpt lat="44.069911" lon="7.452219"><ele>2811</ele></trkpt><trkpt lat="44.070011" lon="7.452230"><ele>2811</ele></trkpt><trkpt lat="44.069989" lon="7.452157"><ele>2812</ele></trkpt><trkpt lat="44.070152" lon="7.452130"><ele>2813</ele></trkpt><trkpt lat="44.070225" lon="7.452098"><ele>2813</ele></trkpt><trkpt lat="44.070330" lon="7.452005"><ele>2814</ele></trkpt><trkpt lat="44.070401" lon="7.451962"><ele>2813</ele></trkpt><trkpt lat="44.070569" lon="7.451793"><ele>2813</ele></trkpt><trkpt lat="44.070683" lon="7.451632"><ele>2812</ele></trkpt><trkpt lat="44.070765" lon="7.451585"><ele>2812</ele></trkpt><trkpt lat="44.071062" lon="7.451343"><ele>2810</ele></trkpt><trkpt lat="44.071169" lon="7.451182"><ele>2810</ele></trkpt><trkpt lat="44.071305" lon="7.451073"><ele>2811</ele></trkpt><trkpt lat="44.071385" lon="7.451071"><ele>2812</ele></trkpt><trkpt lat="44.071467" lon="7.451033"><ele>2813</ele></trkpt><trkpt lat="44.071564" lon="7.450861"><ele>2812</ele></trkpt><trkpt lat="44.071692" lon="7.450647"><ele>2811</ele></trkpt><trkpt lat="44.071747" lon="7.450619"><ele>2811</ele></trkpt><trkpt lat="44.071785" lon="7.450615"><ele>2811</ele></trkpt><trkpt lat="44.071853" lon="7.450567"><ele>2810</ele></trkpt><trkpt lat="44.071930" lon="7.450396"><ele>2808</ele></trkpt><trkpt lat="44.071959" lon="7.450369"><ele>2808</ele></trkpt><trkpt lat="44.071996" lon="7.450216"><ele>2805</ele></trkpt><trkpt lat="44.072112" lon="7.450193"><ele>2806</ele></trkpt><trkpt lat="44.072163" lon="7.450128"><ele>2805</ele></trkpt><trkpt lat="44.072214" lon="7.450041"><ele>2804</ele></trkpt><trkpt lat="44.072253" lon="7.450037"><ele>2805</ele></trkpt><trkpt lat="44.072293" lon="7.450091"><ele>2806</ele></trkpt><trkpt lat="44.072277" lon="7.450147"><ele>2807</ele></trkpt><trkpt lat="44.072296" lon="7.450189"><ele>2808</ele></trkpt><trkpt lat="44.072335" lon="7.450200"><ele>2808</ele></trkpt><trkpt lat="44.072400" lon="7.450198"><ele>2808</ele></trkpt><trkpt lat="44.072435" lon="7.450264"><ele>2809</ele></trkpt><trkpt lat="44.072514" lon="7.450309"><ele>2809</ele></trkpt><trkpt lat="44.072589" lon="7.450322"><ele>2809</ele></trkpt><trkpt lat="44.072734" lon="7.450312"><ele>2808</ele></trkpt><trkpt lat="44.072769" lon="7.450312"><ele>2808</ele></trkpt><trkpt lat="44.072843" lon="7.450275"><ele>2807</ele></trkpt><trkpt lat="44.072841" lon="7.450312"><ele>2807</ele></trkpt><trkpt lat="44.072850" lon="7.450329"><ele>2807</ele></trkpt><trkpt lat="44.072880" lon="7.450332"><ele>2807</ele></trkpt><trkpt lat="44.072928" lon="7.450359"><ele>2806</ele></trkpt><trkpt lat="44.073010" lon="7.450416"><ele>2804</ele></trkpt><trkpt lat="44.073084" lon="7.450422"><ele>2803</ele></trkpt></trkseg><extensions><osmand:color>#D9820B</osmand:color></extensions></trk>
<trk><name>SIDE TRIP · Day 5 · Cime du Diable 2685 m from Pas du Diable · steep path, +2 h, 1.2 km</name><trkseg><trkpt lat="44.047504" lon="7.430802"><ele>2421</ele></trkpt><trkpt lat="44.047544" lon="7.430745"><ele>2421</ele></trkpt><trkpt lat="44.047791" lon="7.430394"><ele>2422</ele></trkpt><trkpt lat="44.048008" lon="7.430369"><ele>2422</ele></trkpt><trkpt lat="44.048093" lon="7.430282"><ele>2423</ele></trkpt><trkpt lat="44.048305" lon="7.429787"><ele>2425</ele></trkpt><trkpt lat="44.048443" lon="7.429595"><ele>2426</ele></trkpt><trkpt lat="44.048486" lon="7.429425"><ele>2427</ele></trkpt><trkpt lat="44.048564" lon="7.429309"><ele>2428</ele></trkpt><trkpt lat="44.048674" lon="7.429138"><ele>2429</ele></trkpt><trkpt lat="44.048749" lon="7.428974"><ele>2431</ele></trkpt><trkpt lat="44.048874" lon="7.428850"><ele>2434</ele></trkpt><trkpt lat="44.048953" lon="7.428745"><ele>2437</ele></trkpt><trkpt lat="44.049113" lon="7.428620"><ele>2442</ele></trkpt><trkpt lat="44.049278" lon="7.428638"><ele>2442</ele></trkpt><trkpt lat="44.049579" lon="7.428367"><ele>2449</ele></trkpt><trkpt lat="44.049711" lon="7.428255"><ele>2452</ele></trkpt><trkpt lat="44.049863" lon="7.428171"><ele>2455</ele></trkpt><trkpt lat="44.049941" lon="7.428102"><ele>2459</ele></trkpt><trkpt lat="44.050167" lon="7.427819"><ele>2476</ele></trkpt><trkpt lat="44.050131" lon="7.427763"><ele>2475</ele></trkpt><trkpt lat="44.050172" lon="7.427725"><ele>2477</ele></trkpt><trkpt lat="44.050177" lon="7.427681"><ele>2478</ele></trkpt><trkpt lat="44.050198" lon="7.427678"><ele>2479</ele></trkpt><trkpt lat="44.050241" lon="7.427609"><ele>2480</ele></trkpt><trkpt lat="44.050278" lon="7.427592"><ele>2481</ele></trkpt><trkpt lat="44.050237" lon="7.427529"><ele>2480</ele></trkpt><trkpt lat="44.050264" lon="7.427493"><ele>2481</ele></trkpt><trkpt lat="44.050321" lon="7.427487"><ele>2482</ele></trkpt><trkpt lat="44.050376" lon="7.427514"><ele>2483</ele></trkpt><trkpt lat="44.050398" lon="7.427497"><ele>2483</ele></trkpt><trkpt lat="44.050377" lon="7.427375"><ele>2482</ele></trkpt><trkpt lat="44.050393" lon="7.427290"><ele>2481</ele></trkpt><trkpt lat="44.050432" lon="7.427285"><ele>2481</ele></trkpt><trkpt lat="44.050432" lon="7.427210"><ele>2480</ele></trkpt><trkpt lat="44.050442" lon="7.427172"><ele>2479</ele></trkpt><trkpt lat="44.050481" lon="7.427024"><ele>2476</ele></trkpt><trkpt lat="44.050335" lon="7.426957"><ele>2478</ele></trkpt><trkpt lat="44.050297" lon="7.426801"><ele>2478</ele></trkpt><trkpt lat="44.050236" lon="7.426759"><ele>2479</ele></trkpt><trkpt lat="44.050175" lon="7.426839"><ele>2481</ele></trkpt><trkpt lat="44.050151" lon="7.426836"><ele>2481</ele></trkpt><trkpt lat="44.050144" lon="7.426759"><ele>2482</ele></trkpt><trkpt lat="44.050074" lon="7.426807"><ele>2483</ele></trkpt><trkpt lat="44.049829" lon="7.426841"><ele>2488</ele></trkpt><trkpt lat="44.049887" lon="7.426693"><ele>2490</ele></trkpt><trkpt lat="44.049884" lon="7.426644"><ele>2492</ele></trkpt><trkpt lat="44.049842" lon="7.426663"><ele>2492</ele></trkpt><trkpt lat="44.049840" lon="7.426633"><ele>2493</ele></trkpt><trkpt lat="44.049864" lon="7.426589"><ele>2494</ele></trkpt><trkpt lat="44.049878" lon="7.426447"><ele>2497</ele></trkpt><trkpt lat="44.049798" lon="7.426491"><ele>2498</ele></trkpt><trkpt lat="44.049767" lon="7.426474"><ele>2500</ele></trkpt><trkpt lat="44.049830" lon="7.426321"><ele>2502</ele></trkpt><trkpt lat="44.049811" lon="7.426189"><ele>2506</ele></trkpt><trkpt lat="44.049791" lon="7.426176"><ele>2508</ele></trkpt><trkpt lat="44.049741" lon="7.426221"><ele>2508</ele></trkpt><trkpt lat="44.049676" lon="7.426253"><ele>2510</ele></trkpt><trkpt lat="44.049624" lon="7.426284"><ele>2511</ele></trkpt><trkpt lat="44.049585" lon="7.426273"><ele>2512</ele></trkpt><trkpt lat="44.049586" lon="7.426236"><ele>2514</ele></trkpt><trkpt lat="44.049564" lon="7.426253"><ele>2514</ele></trkpt><trkpt lat="44.049541" lon="7.426253"><ele>2515</ele></trkpt><trkpt lat="44.049534" lon="7.426186"><ele>2518</ele></trkpt><trkpt lat="44.049513" lon="7.426199"><ele>2518</ele></trkpt><trkpt lat="44.049502" lon="7.426174"><ele>2519</ele></trkpt><trkpt lat="44.049541" lon="7.426084"><ele>2521</ele></trkpt><trkpt lat="44.049486" lon="7.426095"><ele>2523</ele></trkpt><trkpt lat="44.049481" lon="7.426081"><ele>2523</ele></trkpt><trkpt lat="44.049500" lon="7.426030"><ele>2524</ele></trkpt><trkpt lat="44.049501" lon="7.426003"><ele>2525</ele></trkpt><trkpt lat="44.049493" lon="7.425997"><ele>2526</ele></trkpt><trkpt lat="44.049459" lon="7.426011"><ele>2527</ele></trkpt><trkpt lat="44.049454" lon="7.425981"><ele>2528</ele></trkpt><trkpt lat="44.049399" lon="7.426015"><ele>2529</ele></trkpt><trkpt lat="44.049380" lon="7.426014"><ele>2529</ele></trkpt><trkpt lat="44.049385" lon="7.425961"><ele>2531</ele></trkpt><trkpt lat="44.049411" lon="7.425848"><ele>2534</ele></trkpt><trkpt lat="44.049379" lon="7.425734"><ele>2539</ele></trkpt><trkpt lat="44.049339" lon="7.425702"><ele>2541</ele></trkpt><trkpt lat="44.049240" lon="7.425690"><ele>2545</ele></trkpt><trkpt lat="44.049184" lon="7.425665"><ele>2548</ele></trkpt><trkpt lat="44.049148" lon="7.425563"><ele>2552</ele></trkpt><trkpt lat="44.049115" lon="7.425355"><ele>2559</ele></trkpt><trkpt lat="44.049110" lon="7.425224"><ele>2563</ele></trkpt><trkpt lat="44.049100" lon="7.425083"><ele>2568</ele></trkpt><trkpt lat="44.049071" lon="7.424934"><ele>2574</ele></trkpt><trkpt lat="44.049004" lon="7.424833"><ele>2579</ele></trkpt><trkpt lat="44.048993" lon="7.424511"><ele>2592</ele></trkpt><trkpt lat="44.048934" lon="7.424366"><ele>2599</ele></trkpt><trkpt lat="44.048963" lon="7.424346"><ele>2599</ele></trkpt><trkpt lat="44.049015" lon="7.424351"><ele>2598</ele></trkpt><trkpt lat="44.049046" lon="7.424344"><ele>2598</ele></trkpt><trkpt lat="44.049049" lon="7.424311"><ele>2600</ele></trkpt><trkpt lat="44.048929" lon="7.424171"><ele>2607</ele></trkpt><trkpt lat="44.048898" lon="7.424141"><ele>2608</ele></trkpt><trkpt lat="44.048940" lon="7.424109"><ele>2609</ele></trkpt><trkpt lat="44.048993" lon="7.424099"><ele>2609</ele></trkpt><trkpt lat="44.048985" lon="7.424077"><ele>2610</ele></trkpt><trkpt lat="44.048905" lon="7.423992"><ele>2614</ele></trkpt><trkpt lat="44.049022" lon="7.423978"><ele>2613</ele></trkpt><trkpt lat="44.048988" lon="7.423935"><ele>2615</ele></trkpt><trkpt lat="44.049058" lon="7.423917"><ele>2615</ele></trkpt><trkpt lat="44.049015" lon="7.423848"><ele>2618</ele></trkpt><trkpt lat="44.049082" lon="7.423843"><ele>2618</ele></trkpt><trkpt lat="44.049009" lon="7.423738"><ele>2623</ele></trkpt><trkpt lat="44.049104" lon="7.423747"><ele>2621</ele></trkpt><trkpt lat="44.049025" lon="7.423642"><ele>2626</ele></trkpt><trkpt lat="44.049066" lon="7.423635"><ele>2626</ele></trkpt><trkpt lat="44.049051" lon="7.423613"><ele>2627</ele></trkpt><trkpt lat="44.049128" lon="7.423593"><ele>2626</ele></trkpt><trkpt lat="44.049067" lon="7.423514"><ele>2630</ele></trkpt><trkpt lat="44.048985" lon="7.423457"><ele>2632</ele></trkpt><trkpt lat="44.049033" lon="7.423431"><ele>2633</ele></trkpt><trkpt lat="44.048969" lon="7.423374"><ele>2635</ele></trkpt><trkpt lat="44.049074" lon="7.423315"><ele>2635</ele></trkpt><trkpt lat="44.049015" lon="7.423271"><ele>2637</ele></trkpt><trkpt lat="44.049063" lon="7.423243"><ele>2637</ele></trkpt><trkpt lat="44.049037" lon="7.423214"><ele>2638</ele></trkpt><trkpt lat="44.049068" lon="7.423181"><ele>2639</ele></trkpt><trkpt lat="44.049040" lon="7.423145"><ele>2640</ele></trkpt><trkpt lat="44.049072" lon="7.423094"><ele>2641</ele></trkpt><trkpt lat="44.049047" lon="7.422956"><ele>2642</ele></trkpt><trkpt lat="44.049083" lon="7.422931"><ele>2642</ele></trkpt><trkpt lat="44.049129" lon="7.422867"><ele>2642</ele></trkpt><trkpt lat="44.049120" lon="7.422779"><ele>2643</ele></trkpt></trkseg><extensions><osmand:color>#D9820B</osmand:color></extensions></trk>
<trk><name>SIDE TRIP · Day 3, spare day only · Mont Colomb 2816 m · scramble, path ends 270 m below top</name><trkseg><trkpt lat="44.101189" lon="7.385770"><ele>2508</ele></trkpt><trkpt lat="44.101168" lon="7.385828"><ele>2508</ele></trkpt><trkpt lat="44.101158" lon="7.385862"><ele>2508</ele></trkpt><trkpt lat="44.101110" lon="7.385885"><ele>2509</ele></trkpt><trkpt lat="44.101104" lon="7.385919"><ele>2509</ele></trkpt><trkpt lat="44.101165" lon="7.385983"><ele>2508</ele></trkpt><trkpt lat="44.101091" lon="7.386016"><ele>2509</ele></trkpt><trkpt lat="44.101146" lon="7.386055"><ele>2508</ele></trkpt><trkpt lat="44.101118" lon="7.386078"><ele>2508</ele></trkpt><trkpt lat="44.101143" lon="7.386114"><ele>2507</ele></trkpt><trkpt lat="44.101151" lon="7.386140"><ele>2507</ele></trkpt><trkpt lat="44.101081" lon="7.386139"><ele>2508</ele></trkpt><trkpt lat="44.101035" lon="7.386206"><ele>2507</ele></trkpt><trkpt lat="44.101109" lon="7.386267"><ele>2505</ele></trkpt><trkpt lat="44.101071" lon="7.386272"><ele>2506</ele></trkpt><trkpt lat="44.101052" lon="7.386300"><ele>2506</ele></trkpt><trkpt lat="44.101044" lon="7.386382"><ele>2504</ele></trkpt><trkpt lat="44.101085" lon="7.386411"><ele>2503</ele></trkpt><trkpt lat="44.101055" lon="7.386428"><ele>2503</ele></trkpt><trkpt lat="44.100963" lon="7.386468"><ele>2503</ele></trkpt><trkpt lat="44.100870" lon="7.386541"><ele>2502</ele></trkpt><trkpt lat="44.100747" lon="7.386824"><ele>2495</ele></trkpt><trkpt lat="44.100380" lon="7.387187"><ele>2482</ele></trkpt><trkpt lat="44.100311" lon="7.387227"><ele>2479</ele></trkpt><trkpt lat="44.100289" lon="7.387317"><ele>2474</ele></trkpt><trkpt lat="44.100271" lon="7.387528"><ele>2461</ele></trkpt><trkpt lat="44.100230" lon="7.387651"><ele>2453</ele></trkpt><trkpt lat="44.100205" lon="7.387733"><ele>2447</ele></trkpt><trkpt lat="44.100109" lon="7.388044"><ele>2432</ele></trkpt><trkpt lat="44.100031" lon="7.388482"><ele>2413</ele></trkpt><trkpt lat="44.100033" lon="7.388782"><ele>2403</ele></trkpt><trkpt lat="44.100116" lon="7.389006"><ele>2394</ele></trkpt><trkpt lat="44.100159" lon="7.389341"><ele>2377</ele></trkpt><trkpt lat="44.100156" lon="7.389613"><ele>2364</ele></trkpt><trkpt lat="44.100288" lon="7.389673"><ele>2366</ele></trkpt><trkpt lat="44.100306" lon="7.389815"><ele>2367</ele></trkpt><trkpt lat="44.100219" lon="7.390124"><ele>2358</ele></trkpt><trkpt lat="44.100139" lon="7.390674"><ele>2350</ele></trkpt><trkpt lat="44.099990" lon="7.391059"><ele>2341</ele></trkpt><trkpt lat="44.099850" lon="7.391286"><ele>2334</ele></trkpt><trkpt lat="44.099828" lon="7.391390"><ele>2330</ele></trkpt><trkpt lat="44.099789" lon="7.391453"><ele>2329</ele></trkpt><trkpt lat="44.099823" lon="7.391502"><ele>2324</ele></trkpt><trkpt lat="44.099771" lon="7.391575"><ele>2321</ele></trkpt><trkpt lat="44.099614" lon="7.391668"><ele>2323</ele></trkpt><trkpt lat="44.099524" lon="7.391799"><ele>2322</ele></trkpt><trkpt lat="44.099593" lon="7.391902"><ele>2311</ele></trkpt><trkpt lat="44.099565" lon="7.392014"><ele>2305</ele></trkpt><trkpt lat="44.099582" lon="7.392097"><ele>2298</ele></trkpt><trkpt lat="44.099359" lon="7.392383"><ele>2286</ele></trkpt><trkpt lat="44.099237" lon="7.392369"><ele>2291</ele></trkpt><trkpt lat="44.098970" lon="7.392545"><ele>2279</ele></trkpt><trkpt lat="44.098754" lon="7.392751"><ele>2264</ele></trkpt><trkpt lat="44.098599" lon="7.393044"><ele>2251</ele></trkpt><trkpt lat="44.098546" lon="7.393090"><ele>2249</ele></trkpt><trkpt lat="44.098461" lon="7.393112"><ele>2246</ele></trkpt><trkpt lat="44.098387" lon="7.393158"><ele>2243</ele></trkpt><trkpt lat="44.098374" lon="7.393192"><ele>2242</ele></trkpt><trkpt lat="44.098421" lon="7.393246"><ele>2240</ele></trkpt><trkpt lat="44.098477" lon="7.393256"><ele>2241</ele></trkpt><trkpt lat="44.098485" lon="7.393329"><ele>2238</ele></trkpt><trkpt lat="44.098486" lon="7.393377"><ele>2236</ele></trkpt><trkpt lat="44.098428" lon="7.393439"><ele>2232</ele></trkpt><trkpt lat="44.098440" lon="7.393514"><ele>2228</ele></trkpt><trkpt lat="44.098460" lon="7.393559"><ele>2225</ele></trkpt><trkpt lat="44.098446" lon="7.393584"><ele>2224</ele></trkpt><trkpt lat="44.098410" lon="7.393607"><ele>2223</ele></trkpt><trkpt lat="44.098384" lon="7.393686"><ele>2219</ele></trkpt><trkpt lat="44.098357" lon="7.393698"><ele>2219</ele></trkpt><trkpt lat="44.098339" lon="7.393740"><ele>2217</ele></trkpt><trkpt lat="44.098360" lon="7.393759"><ele>2216</ele></trkpt><trkpt lat="44.098406" lon="7.393782"><ele>2214</ele></trkpt><trkpt lat="44.098421" lon="7.393834"><ele>2212</ele></trkpt><trkpt lat="44.098399" lon="7.393898"><ele>2210</ele></trkpt><trkpt lat="44.098336" lon="7.393981"><ele>2208</ele></trkpt><trkpt lat="44.098279" lon="7.394041"><ele>2208</ele></trkpt><trkpt lat="44.098258" lon="7.394076"><ele>2207</ele></trkpt><trkpt lat="44.098169" lon="7.394161"><ele>2201</ele></trkpt><trkpt lat="44.098077" lon="7.394315"><ele>2194</ele></trkpt><trkpt lat="44.098057" lon="7.394343"><ele>2194</ele></trkpt><trkpt lat="44.098077" lon="7.394418"><ele>2189</ele></trkpt><trkpt lat="44.098040" lon="7.394461"><ele>2187</ele></trkpt><trkpt lat="44.098001" lon="7.394486"><ele>2186</ele></trkpt><trkpt lat="44.097982" lon="7.394523"><ele>2184</ele></trkpt><trkpt lat="44.097943" lon="7.394545"><ele>2182</ele></trkpt><trkpt lat="44.097902" lon="7.394590"><ele>2180</ele></trkpt><trkpt lat="44.097914" lon="7.394640"><ele>2178</ele></trkpt><trkpt lat="44.097968" lon="7.394698"><ele>2175</ele></trkpt><trkpt lat="44.098000" lon="7.394700"><ele>2175</ele></trkpt><trkpt lat="44.098024" lon="7.394749"><ele>2172</ele></trkpt><trkpt lat="44.098070" lon="7.394762"><ele>2170</ele></trkpt><trkpt lat="44.098095" lon="7.394776"><ele>2169</ele></trkpt><trkpt lat="44.098167" lon="7.394788"><ele>2165</ele></trkpt><trkpt lat="44.098252" lon="7.394824"><ele>2159</ele></trkpt><trkpt lat="44.098411" lon="7.394981"><ele>2150</ele></trkpt><trkpt lat="44.098463" lon="7.395017"><ele>2152</ele></trkpt><trkpt lat="44.098549" lon="7.395073"><ele>2161</ele></trkpt><trkpt lat="44.098573" lon="7.395123"><ele>2165</ele></trkpt><trkpt lat="44.098545" lon="7.395175"><ele>2162</ele></trkpt><trkpt lat="44.098567" lon="7.395219"><ele>2165</ele></trkpt><trkpt lat="44.098591" lon="7.395283"><ele>2168</ele></trkpt><trkpt lat="44.098587" lon="7.395354"><ele>2167</ele></trkpt><trkpt lat="44.098633" lon="7.395444"><ele>2171</ele></trkpt><trkpt lat="44.098647" lon="7.395534"><ele>2172</ele></trkpt><trkpt lat="44.098728" lon="7.395736"><ele>2172</ele></trkpt><trkpt lat="44.098729" lon="7.395793"><ele>2170</ele></trkpt><trkpt lat="44.098792" lon="7.395940"><ele>2169</ele></trkpt><trkpt lat="44.098816" lon="7.395981"><ele>2169</ele></trkpt><trkpt lat="44.098854" lon="7.396024"><ele>2170</ele></trkpt><trkpt lat="44.098840" lon="7.396202"><ele>2165</ele></trkpt><trkpt lat="44.098824" lon="7.396249"><ele>2163</ele></trkpt><trkpt lat="44.098844" lon="7.396381"><ele>2162</ele></trkpt><trkpt lat="44.098846" lon="7.396518"><ele>2161</ele></trkpt><trkpt lat="44.098903" lon="7.396647"><ele>2162</ele></trkpt><trkpt lat="44.098960" lon="7.396782"><ele>2164</ele></trkpt><trkpt lat="44.098972" lon="7.396962"><ele>2165</ele></trkpt><trkpt lat="44.099080" lon="7.396963"><ele>2167</ele></trkpt><trkpt lat="44.099225" lon="7.396974"><ele>2170</ele></trkpt><trkpt lat="44.099300" lon="7.396842"><ele>2173</ele></trkpt><trkpt lat="44.099391" lon="7.396804"><ele>2175</ele></trkpt><trkpt lat="44.099470" lon="7.396724"><ele>2178</ele></trkpt><trkpt lat="44.099407" lon="7.396654"><ele>2178</ele></trkpt><trkpt lat="44.099461" lon="7.396573"><ele>2181</ele></trkpt><trkpt lat="44.099396" lon="7.396492"><ele>2181</ele></trkpt><trkpt lat="44.099402" lon="7.396441"><ele>2183</ele></trkpt><trkpt lat="44.099511" lon="7.396441"><ele>2186</ele></trkpt><trkpt lat="44.099554" lon="7.396380"><ele>2189</ele></trkpt><trkpt lat="44.099861" lon="7.396389"><ele>2197</ele></trkpt><trkpt lat="44.099967" lon="7.396419"><ele>2197</ele></trkpt><trkpt lat="44.100048" lon="7.396370"><ele>2200</ele></trkpt><trkpt lat="44.100152" lon="7.396319"><ele>2203</ele></trkpt><trkpt lat="44.100220" lon="7.396319"><ele>2203</ele></trkpt><trkpt lat="44.100274" lon="7.396341"><ele>2203</ele></trkpt><trkpt lat="44.100325" lon="7.396359"><ele>2202</ele></trkpt><trkpt lat="44.100369" lon="7.396357"><ele>2202</ele></trkpt><trkpt lat="44.100579" lon="7.396314"><ele>2203</ele></trkpt><trkpt lat="44.100714" lon="7.396319"><ele>2201</ele></trkpt><trkpt lat="44.100846" lon="7.396351"><ele>2198</ele></trkpt><trkpt lat="44.100887" lon="7.396338"><ele>2198</ele></trkpt><trkpt lat="44.100947" lon="7.396263"><ele>2200</ele></trkpt><trkpt lat="44.101024" lon="7.396164"><ele>2202</ele></trkpt><trkpt lat="44.101161" lon="7.396089"><ele>2204</ele></trkpt><trkpt lat="44.101218" lon="7.396075"><ele>2204</ele></trkpt><trkpt lat="44.101277" lon="7.395996"><ele>2208</ele></trkpt><trkpt lat="44.101336" lon="7.395956"><ele>2210</ele></trkpt><trkpt lat="44.101410" lon="7.395944"><ele>2209</ele></trkpt><trkpt lat="44.101465" lon="7.395897"><ele>2211</ele></trkpt><trkpt lat="44.101521" lon="7.395894"><ele>2211</ele></trkpt><trkpt lat="44.101552" lon="7.395793"><ele>2217</ele></trkpt><trkpt lat="44.101862" lon="7.395663"><ele>2222</ele></trkpt><trkpt lat="44.101935" lon="7.395623"><ele>2224</ele></trkpt><trkpt lat="44.102039" lon="7.395582"><ele>2225</ele></trkpt><trkpt lat="44.102064" lon="7.395542"><ele>2226</ele></trkpt><trkpt lat="44.102202" lon="7.395434"><ele>2229</ele></trkpt><trkpt lat="44.102232" lon="7.395376"><ele>2231</ele></trkpt><trkpt lat="44.102344" lon="7.395346"><ele>2230</ele></trkpt><trkpt lat="44.102456" lon="7.395340"><ele>2229</ele></trkpt><trkpt lat="44.102498" lon="7.395331"><ele>2229</ele></trkpt><trkpt lat="44.102629" lon="7.395385"><ele>2225</ele></trkpt><trkpt lat="44.102793" lon="7.395393"><ele>2223</ele></trkpt><trkpt lat="44.102950" lon="7.395330"><ele>2223</ele></trkpt><trkpt lat="44.103318" lon="7.395159"><ele>2235</ele></trkpt><trkpt lat="44.103355" lon="7.395109"><ele>2239</ele></trkpt><trkpt lat="44.103657" lon="7.394928"><ele>2270</ele></trkpt><trkpt lat="44.103956" lon="7.394881"><ele>2286</ele></trkpt><trkpt lat="44.103802" lon="7.394700"><ele>2293</ele></trkpt><trkpt lat="44.103752" lon="7.394545"><ele>2302</ele></trkpt><trkpt lat="44.103609" lon="7.394472"><ele>2306</ele></trkpt><trkpt lat="44.103742" lon="7.394372"><ele>2315</ele></trkpt><trkpt lat="44.103788" lon="7.394299"><ele>2323</ele></trkpt><trkpt lat="44.103728" lon="7.394256"><ele>2327</ele></trkpt><trkpt lat="44.103755" lon="7.394230"><ele>2330</ele></trkpt><trkpt lat="44.103787" lon="7.394191"><ele>2335</ele></trkpt><trkpt lat="44.103826" lon="7.394139"><ele>2341</ele></trkpt><trkpt lat="44.104086" lon="7.394091"><ele>2349</ele></trkpt><trkpt lat="44.104247" lon="7.394135"><ele>2346</ele></trkpt><trkpt lat="44.104375" lon="7.394165"><ele>2345</ele></trkpt><trkpt lat="44.104455" lon="7.394245"><ele>2338</ele></trkpt><trkpt lat="44.104516" lon="7.394302"><ele>2333</ele></trkpt><trkpt lat="44.104622" lon="7.394337"><ele>2332</ele></trkpt><trkpt lat="44.104638" lon="7.394322"><ele>2334</ele></trkpt><trkpt lat="44.104593" lon="7.394212"><ele>2343</ele></trkpt><trkpt lat="44.104681" lon="7.394254"><ele>2340</ele></trkpt><trkpt lat="44.104883" lon="7.394168"><ele>2350</ele></trkpt><trkpt lat="44.104989" lon="7.394048"><ele>2360</ele></trkpt><trkpt lat="44.105028" lon="7.393900"><ele>2371</ele></trkpt><trkpt lat="44.105632" lon="7.394000"><ele>2370</ele></trkpt><trkpt lat="44.105876" lon="7.393848"><ele>2381</ele></trkpt><trkpt lat="44.106038" lon="7.393843"><ele>2384</ele></trkpt><trkpt lat="44.106203" lon="7.393428"><ele>2404</ele></trkpt><trkpt lat="44.106497" lon="7.393237"><ele>2420</ele></trkpt><trkpt lat="44.106890" lon="7.393230"><ele>2431</ele></trkpt><trkpt lat="44.107375" lon="7.392704"><ele>2467</ele></trkpt><trkpt lat="44.107473" lon="7.392519"><ele>2474</ele></trkpt><trkpt lat="44.107622" lon="7.392484"><ele>2480</ele></trkpt><trkpt lat="44.107781" lon="7.392508"><ele>2484</ele></trkpt><trkpt lat="44.108232" lon="7.391946"><ele>2514</ele></trkpt></trkseg><extensions><osmand:color>#D9820B</osmand:color></extensions></trk>
<trk><name>VIA FERRATA · Day 1 morning only · Baus de la Frema, La Colmiane · D / TD, 4-5 h + 1 h down</name><trkseg><trkpt lat="44.077574" lon="7.215925"><ele>1701</ele></trkpt><trkpt lat="44.077587" lon="7.216189"><ele>1706</ele></trkpt></trkseg><trkseg><trkpt lat="44.077160" lon="7.218107"><ele>1740</ele></trkpt><trkpt lat="44.077219" lon="7.218139"><ele>1745</ele></trkpt><trkpt lat="44.077292" lon="7.218093"><ele>1746</ele></trkpt><trkpt lat="44.077429" lon="7.217943"><ele>1745</ele></trkpt><trkpt lat="44.077482" lon="7.217789"><ele>1742</ele></trkpt><trkpt lat="44.077490" lon="7.217612"><ele>1735</ele></trkpt><trkpt lat="44.077476" lon="7.217467"><ele>1727</ele></trkpt><trkpt lat="44.077417" lon="7.217333"><ele>1716</ele></trkpt><trkpt lat="44.077465" lon="7.217156"><ele>1713</ele></trkpt><trkpt lat="44.077520" lon="7.217117"><ele>1715</ele></trkpt></trkseg><trkseg><trkpt lat="44.077650" lon="7.215876"><ele>1703</ele></trkpt><trkpt lat="44.077623" lon="7.215879"><ele>1702</ele></trkpt><trkpt lat="44.077604" lon="7.215930"><ele>1702</ele></trkpt><trkpt lat="44.077554" lon="7.215962"><ele>1700</ele></trkpt><trkpt lat="44.077513" lon="7.215922"><ele>1697</ele></trkpt><trkpt lat="44.077480" lon="7.215898"><ele>1695</ele></trkpt><trkpt lat="44.077426" lon="7.215858"><ele>1692</ele></trkpt><trkpt lat="44.077376" lon="7.215796"><ele>1688</ele></trkpt><trkpt lat="44.077388" lon="7.215715"><ele>1688</ele></trkpt><trkpt lat="44.077422" lon="7.215643"><ele>1688</ele></trkpt><trkpt lat="44.077469" lon="7.215651"><ele>1690</ele></trkpt><trkpt lat="44.077528" lon="7.215710"><ele>1694</ele></trkpt><trkpt lat="44.077555" lon="7.215780"><ele>1697</ele></trkpt><trkpt lat="44.077563" lon="7.215855"><ele>1699</ele></trkpt><trkpt lat="44.077574" lon="7.215925"><ele>1701</ele></trkpt></trkseg><trkseg><trkpt lat="44.077587" lon="7.216189"><ele>1706</ele></trkpt><trkpt lat="44.077586" lon="7.216238"><ele>1706</ele></trkpt><trkpt lat="44.077567" lon="7.216289"><ele>1706</ele></trkpt><trkpt lat="44.077577" lon="7.216343"><ele>1707</ele></trkpt><trkpt lat="44.077600" lon="7.216402"><ele>1709</ele></trkpt><trkpt lat="44.077650" lon="7.216429"><ele>1712</ele></trkpt><trkpt lat="44.077694" lon="7.216453"><ele>1715</ele></trkpt><trkpt lat="44.077750" lon="7.216418"><ele>1717</ele></trkpt><trkpt lat="44.077771" lon="7.216378"><ele>1718</ele></trkpt><trkpt lat="44.077806" lon="7.216346"><ele>1719</ele></trkpt></trkseg><trkseg><trkpt lat="44.078140" lon="7.216854"><ele>1748</ele></trkpt><trkpt lat="44.078161" lon="7.216962"><ele>1752</ele></trkpt><trkpt lat="44.078181" lon="7.217075"><ele>1759</ele></trkpt><trkpt lat="44.078281" lon="7.217005"><ele>1764</ele></trkpt><trkpt lat="44.078416" lon="7.217005"><ele>1777</ele></trkpt><trkpt lat="44.078524" lon="7.217043"><ele>1790</ele></trkpt><trkpt lat="44.078659" lon="7.217037"><ele>1804</ele></trkpt><trkpt lat="44.078793" lon="7.217037"><ele>1819</ele></trkpt><trkpt lat="44.078894" lon="7.217085"><ele>1831</ele></trkpt><trkpt lat="44.078990" lon="7.217166"><ele>1844</ele></trkpt><trkpt lat="44.079144" lon="7.217279"><ele>1863</ele></trkpt><trkpt lat="44.079256" lon="7.217246"><ele>1872</ele></trkpt><trkpt lat="44.079302" lon="7.217193"><ele>1874</ele></trkpt><trkpt lat="44.079418" lon="7.217080"><ele>1881</ele></trkpt><trkpt lat="44.079502" lon="7.217021"><ele>1887</ele></trkpt><trkpt lat="44.079556" lon="7.216941"><ele>1890</ele></trkpt><trkpt lat="44.079576" lon="7.216871"><ele>1888</ele></trkpt></trkseg><trkseg><trkpt lat="44.078181" lon="7.217075"><ele>1759</ele></trkpt><trkpt lat="44.078107" lon="7.217257"><ele>1764</ele></trkpt><trkpt lat="44.078038" lon="7.217370"><ele>1764</ele></trkpt><trkpt lat="44.078026" lon="7.217397"><ele>1765</ele></trkpt></trkseg><trkseg><trkpt lat="44.079649" lon="7.216984"><ele>1900</ele></trkpt><trkpt lat="44.079675" lon="7.217034"><ele>1903</ele></trkpt><trkpt lat="44.079710" lon="7.217122"><ele>1909</ele></trkpt><trkpt lat="44.079766" lon="7.217152"><ele>1915</ele></trkpt><trkpt lat="44.079827" lon="7.217170"><ele>1921</ele></trkpt><trkpt lat="44.079896" lon="7.217165"><ele>1927</ele></trkpt><trkpt lat="44.079956" lon="7.217106"><ele>1930</ele></trkpt><trkpt lat="44.080004" lon="7.217087"><ele>1933</ele></trkpt><trkpt lat="44.080033" lon="7.217141"><ele>1937</ele></trkpt><trkpt lat="44.080041" lon="7.217189"><ele>1939</ele></trkpt><trkpt lat="44.080018" lon="7.217238"><ele>1939</ele></trkpt><trkpt lat="44.079976" lon="7.217350"><ele>1938</ele></trkpt></trkseg><trkseg><trkpt lat="44.079649" lon="7.216984"><ele>1900</ele></trkpt><trkpt lat="44.079706" lon="7.216999"><ele>1905</ele></trkpt><trkpt lat="44.079864" lon="7.216870"><ele>1914</ele></trkpt><trkpt lat="44.079918" lon="7.216816"><ele>1916</ele></trkpt><trkpt lat="44.079931" lon="7.216666"><ele>1910</ele></trkpt><trkpt lat="44.079939" lon="7.216473"><ele>1899</ele></trkpt><trkpt lat="44.080014" lon="7.216342"><ele>1897</ele></trkpt><trkpt lat="44.080060" lon="7.216386"><ele>1903</ele></trkpt><trkpt lat="44.080135" lon="7.216419"><ele>1911</ele></trkpt><trkpt lat="44.080209" lon="7.216401"><ele>1916</ele></trkpt><trkpt lat="44.080282" lon="7.216366"><ele>1919</ele></trkpt><trkpt lat="44.080357" lon="7.216310"><ele>1922</ele></trkpt><trkpt lat="44.080469" lon="7.216328"><ele>1932</ele></trkpt><trkpt lat="44.080561" lon="7.216444"><ele>1944</ele></trkpt><trkpt lat="44.080744" lon="7.216562"><ele>1963</ele></trkpt><trkpt lat="44.080825" lon="7.216781"><ele>1976</ele></trkpt><trkpt lat="44.080920" lon="7.216905"><ele>1986</ele></trkpt><trkpt lat="44.081016" lon="7.216964"><ele>1994</ele></trkpt><trkpt lat="44.081145" lon="7.216929"><ele>2002</ele></trkpt><trkpt lat="44.081185" lon="7.216806"><ele>2003</ele></trkpt><trkpt lat="44.081232" lon="7.216736"><ele>2005</ele></trkpt><trkpt lat="44.081280" lon="7.216774"><ele>2009</ele></trkpt><trkpt lat="44.081278" lon="7.216840"><ele>2010</ele></trkpt><trkpt lat="44.081238" lon="7.216953"><ele>2009</ele></trkpt><trkpt lat="44.081184" lon="7.217042"><ele>2006</ele></trkpt><trkpt lat="44.081120" lon="7.217075"><ele>2003</ele></trkpt></trkseg><trkseg><trkpt lat="44.080487" lon="7.218107"><ele>1986</ele></trkpt><trkpt lat="44.080553" lon="7.218109"><ele>1990</ele></trkpt><trkpt lat="44.080624" lon="7.218093"><ele>1994</ele></trkpt><trkpt lat="44.080689" lon="7.218096"><ele>1997</ele></trkpt><trkpt lat="44.080801" lon="7.218064"><ele>2002</ele></trkpt><trkpt lat="44.080890" lon="7.218074"><ele>2007</ele></trkpt><trkpt lat="44.080953" lon="7.218144"><ele>2012</ele></trkpt><trkpt lat="44.081003" lon="7.218174"><ele>2015</ele></trkpt><trkpt lat="44.081073" lon="7.218144"><ele>2018</ele></trkpt><trkpt lat="44.081179" lon="7.218133"><ele>2024</ele></trkpt><trkpt lat="44.081231" lon="7.218144"><ele>2028</ele></trkpt><trkpt lat="44.081281" lon="7.218010"><ele>2028</ele></trkpt><trkpt lat="44.081333" lon="7.218007"><ele>2031</ele></trkpt><trkpt lat="44.081404" lon="7.218031"><ele>2035</ele></trkpt><trkpt lat="44.081484" lon="7.218088"><ele>2041</ele></trkpt></trkseg><trkseg><trkpt lat="44.081577" lon="7.217130"><ele>2034</ele></trkpt><trkpt lat="44.081644" lon="7.216709"><ele>2033</ele></trkpt><trkpt lat="44.081821" lon="7.216484"><ele>2041</ele></trkpt><trkpt lat="44.082076" lon="7.216516"><ele>2054</ele></trkpt><trkpt lat="44.082268" lon="7.216527"><ele>2059</ele></trkpt><trkpt lat="44.082430" lon="7.216613"><ele>2063</ele></trkpt><trkpt lat="44.082453" lon="7.216967"><ele>2077</ele></trkpt><trkpt lat="44.082461" lon="7.217192"><ele>2087</ele></trkpt><trkpt lat="44.082407" lon="7.217452"><ele>2097</ele></trkpt></trkseg><trkseg><trkpt lat="44.082448" lon="7.217645"><ele>2105</ele></trkpt><trkpt lat="44.082559" lon="7.217603"><ele>2107</ele></trkpt><trkpt lat="44.082737" lon="7.217614"><ele>2111</ele></trkpt><trkpt lat="44.082883" lon="7.217528"><ele>2110</ele></trkpt><trkpt lat="44.083029" lon="7.217464"><ele>2109</ele></trkpt><trkpt lat="44.083172" lon="7.217625"><ele>2123</ele></trkpt><trkpt lat="44.083326" lon="7.217861"><ele>2142</ele></trkpt><trkpt lat="44.083519" lon="7.218081"><ele>2156</ele></trkpt><trkpt lat="44.083576" lon="7.218268"><ele>2167</ele></trkpt><trkpt lat="44.083546" lon="7.218488"><ele>2178</ele></trkpt><trkpt lat="44.083526" lon="7.218581"><ele>2182</ele></trkpt></trkseg><trkseg><trkpt lat="44.080046" lon="7.220211"><ele>1973</ele></trkpt><trkpt lat="44.079955" lon="7.220190"><ele>1967</ele></trkpt><trkpt lat="44.079890" lon="7.220118"><ele>1963</ele></trkpt></trkseg><extensions><osmand:color>#8E44AD</osmand:color></extensions></trk>
</gpx>